event_id,corpus,ticker,event_date,domain,observed_direction,simulated_direction,direction_match,calibration_error_pct,drawdown_risk,dominant_path,synthetic_labels,analyst_rating_1_to_5,analyst_notes
ABNB_2016Q1_earnings,earnings_sp500_2016_2025,ABNB,2016-01-05,earnings,up,neutral,False,10.43,0.0749,earnings_release → earnings_beat → sector_etf_movement → institutional_rebalance,True,,
CVX_2016Q1_earnings,earnings_sp500_2016_2025,CVX,2016-01-05,earnings,down,down,True,1.04,0.5541,earnings_release → earnings_miss → guidance_cut,True,,
GS_2016Q1_earnings,earnings_sp500_2016_2025,GS,2016-01-05,earnings,neutral,down,False,0.14,0.5541,earnings_release → earnings_miss → guidance_cut,True,,
CSCO_2016Q1_earnings,earnings_sp500_2016_2025,CSCO,2016-01-06,earnings,down,down,True,2.19,0.5541,earnings_release → earnings_miss → guidance_cut,True,,
DIS_2016Q1_earnings,earnings_sp500_2016_2025,DIS,2016-01-06,earnings,down,down,True,1.04,0.5541,earnings_release → earnings_miss → guidance_cut,True,,
DOCU_2016Q1_earnings,earnings_sp500_2016_2025,DOCU,2016-01-06,earnings,neutral,down,False,0.23,0.5541,earnings_release → earnings_miss → guidance_cut,True,,
GE_2016Q1_earnings,earnings_sp500_2016_2025,GE,2016-01-06,earnings,down,down,True,2.88,0.5541,earnings_release → earnings_miss → guidance_cut,True,,
UBER_2016Q1_earnings,earnings_sp500_2016_2025,UBER,2016-01-06,earnings,up,neutral,False,13.4,0.0749,earnings_release → earnings_beat → sector_etf_movement → institutional_rebalance,True,,
ADBE_2016Q1_earnings,earnings_sp500_2016_2025,ADBE,2016-01-07,earnings,up,neutral,False,5.46,0.0749,earnings_release → earnings_beat → sector_etf_movement → institutional_rebalance,True,,
BKNG_2016Q1_earnings,earnings_sp500_2016_2025,BKNG,2016-01-07,earnings,up,neutral,False,2.48,0.0749,earnings_release → earnings_beat → sector_etf_movement → institutional_rebalance,True,,
CRM_2016Q1_earnings,earnings_sp500_2016_2025,CRM,2016-01-07,earnings,neutral,down,False,0.14,0.5541,earnings_release → earnings_miss → guidance_cut,True,,
NKE_2016Q1_earnings,earnings_sp500_2016_2025,NKE,2016-01-07,earnings,neutral,down,False,0.14,0.5541,earnings_release → earnings_miss → guidance_cut,True,,
SQ_2016Q1_earnings,earnings_sp500_2016_2025,SQ,2016-01-07,earnings,up,neutral,False,3.48,0.0749,earnings_release → earnings_beat → sector_etf_movement → institutional_rebalance,True,,
XOM_2016Q1_earnings,earnings_sp500_2016_2025,XOM,2016-01-07,earnings,neutral,down,False,0.14,0.5541,earnings_release → earnings_miss → guidance_cut,True,,
AVGO_2016Q1_earnings,earnings_sp500_2016_2025,AVGO,2016-01-08,earnings,neutral,down,False,0.05,0.5541,earnings_release → earnings_miss → guidance_cut,True,,
CAT_2016Q1_earnings,earnings_sp500_2016_2025,CAT,2016-01-08,earnings,neutral,down,False,0.14,0.5541,earnings_release → earnings_miss → guidance_cut,True,,
NVDA_2016Q1_earnings,earnings_sp500_2016_2025,NVDA,2016-01-08,earnings,down,down,True,1.27,0.5541,earnings_release → earnings_miss → guidance_cut,True,,
PYPL_2016Q1_earnings,earnings_sp500_2016_2025,PYPL,2016-01-08,earnings,neutral,down,False,0.23,0.5541,earnings_release → earnings_miss → guidance_cut,True,,
ZM_2016Q1_earnings,earnings_sp500_2016_2025,ZM,2016-01-08,earnings,neutral,down,False,0.14,0.5541,earnings_release → earnings_miss → guidance_cut,True,,
IBM_2016Q1_earnings,earnings_sp500_2016_2025,IBM,2016-01-09,earnings,neutral,down,False,0.14,0.5541,earnings_release → earnings_miss → guidance_cut,True,,
LRCX_2016Q1_earnings,earnings_sp500_2016_2025,LRCX,2016-01-09,earnings,neutral,down,False,0.14,0.5541,earnings_release → earnings_miss → guidance_cut,True,,
PANW_2016Q1_earnings,earnings_sp500_2016_2025,PANW,2016-01-09,earnings,neutral,down,False,0.14,0.5541,earnings_release → earnings_miss → guidance_cut,True,,
RTX_2016Q1_earnings,earnings_sp500_2016_2025,RTX,2016-01-09,earnings,neutral,down,False,0.05,0.5541,earnings_release → earnings_miss → guidance_cut,True,,
SHOP_2016Q1_earnings,earnings_sp500_2016_2025,SHOP,2016-01-09,earnings,up,neutral,False,11.42,0.0749,earnings_release → earnings_beat → sector_etf_movement → institutional_rebalance,True,,
SPGI_2016Q1_earnings,earnings_sp500_2016_2025,SPGI,2016-01-09,earnings,neutral,down,False,0.23,0.5541,earnings_release → earnings_miss → guidance_cut,True,,
TXN_2016Q1_earnings,earnings_sp500_2016_2025,TXN,2016-01-09,earnings,neutral,down,False,0.14,0.5541,earnings_release → earnings_miss → guidance_cut,True,,
VRTX_2016Q1_earnings,earnings_sp500_2016_2025,VRTX,2016-01-09,earnings,neutral,down,False,0.05,0.5541,earnings_release → earnings_miss → guidance_cut,True,,
AMZN_2016Q1_earnings,earnings_sp500_2016_2025,AMZN,2016-01-10,earnings,down,down,True,1.96,0.5541,earnings_release → earnings_miss → guidance_cut,True,,
ISRG_2016Q1_earnings,earnings_sp500_2016_2025,ISRG,2016-01-10,earnings,neutral,down,False,0.14,0.5541,earnings_release → earnings_miss → guidance_cut,True,,
TSLA_2016Q1_earnings,earnings_sp500_2016_2025,TSLA,2016-01-10,earnings,neutral,down,False,0.05,0.5541,earnings_release → earnings_miss → guidance_cut,True,,
BA_2016Q1_earnings,earnings_sp500_2016_2025,BA,2016-01-11,earnings,neutral,down,False,0.14,0.5541,earnings_release → earnings_miss → guidance_cut,True,,
KO_2016Q1_earnings,earnings_sp500_2016_2025,KO,2016-01-11,earnings,down,down,True,3.34,0.5541,earnings_release → earnings_miss → guidance_cut,True,,
AMAT_2016Q1_earnings,earnings_sp500_2016_2025,AMAT,2016-01-12,earnings,neutral,down,False,0.23,0.5541,earnings_release → earnings_miss → guidance_cut,True,,
AXP_2016Q1_earnings,earnings_sp500_2016_2025,AXP,2016-01-12,earnings,neutral,down,False,0.05,0.5541,earnings_release → earnings_miss → guidance_cut,True,,
V_2016Q1_earnings,earnings_sp500_2016_2025,V,2016-01-12,earnings,down,down,True,4.26,0.5541,earnings_release → earnings_miss → guidance_cut,True,,
MRK_2016Q1_earnings,earnings_sp500_2016_2025,MRK,2016-01-13,earnings,down,down,True,2.19,0.5541,earnings_release → earnings_miss → guidance_cut,True,,
PM_2016Q1_earnings,earnings_sp500_2016_2025,PM,2016-01-13,earnings,up,neutral,False,8.44,0.0749,earnings_release → earnings_beat → sector_etf_movement → institutional_rebalance,True,,
ROKU_2016Q1_earnings,earnings_sp500_2016_2025,ROKU,2016-01-13,earnings,down,down,True,1.27,0.5541,earnings_release → earnings_miss → guidance_cut,True,,
WFC_2016Q1_earnings,earnings_sp500_2016_2025,WFC,2016-01-13,earnings,neutral,down,False,0.14,0.5541,earnings_release → earnings_miss → guidance_cut,True,,
ABBV_2016Q1_earnings,earnings_sp500_2016_2025,ABBV,2016-01-14,earnings,down,down,True,1.27,0.5541,earnings_release → earnings_miss → guidance_cut,True,,
BRK.B_2016Q1_earnings,earnings_sp500_2016_2025,BRK.B,2016-01-14,earnings,neutral,down,False,0.23,0.5541,earnings_release → earnings_miss → guidance_cut,True,,
PG_2016Q1_earnings,earnings_sp500_2016_2025,PG,2016-01-14,earnings,up,neutral,False,10.43,0.0749,earnings_release → earnings_beat → sector_etf_movement → institutional_rebalance,True,,
QCOM_2016Q1_earnings,earnings_sp500_2016_2025,QCOM,2016-01-14,earnings,down,down,True,2.42,0.5541,earnings_release → earnings_miss → guidance_cut,True,,
UNP_2016Q1_earnings,earnings_sp500_2016_2025,UNP,2016-01-14,earnings,neutral,down,False,0.05,0.5541,earnings_release → earnings_miss → guidance_cut,True,,
AAPL_2016Q1_earnings,earnings_sp500_2016_2025,AAPL,2016-01-15,earnings,neutral,down,False,0.14,0.5541,earnings_release → earnings_miss → guidance_cut,True,,
ADI_2016Q1_earnings,earnings_sp500_2016_2025,ADI,2016-01-15,earnings,up,neutral,False,9.43,0.0749,earnings_release → earnings_beat → sector_etf_movement → institutional_rebalance,True,,
CDNS_2016Q1_earnings,earnings_sp500_2016_2025,CDNS,2016-01-15,earnings,up,neutral,False,12.41,0.0749,earnings_release → earnings_beat → sector_etf_movement → institutional_rebalance,True,,
SNAP_2016Q1_earnings,earnings_sp500_2016_2025,SNAP,2016-01-15,earnings,up,neutral,False,7.45,0.0749,earnings_release → earnings_beat → sector_etf_movement → institutional_rebalance,True,,
GOOGL_2016Q1_earnings,earnings_sp500_2016_2025,GOOGL,2016-01-16,earnings,up,neutral,False,4.47,0.0749,earnings_release → earnings_beat → sector_etf_movement → institutional_rebalance,True,,
MDT_2016Q1_earnings,earnings_sp500_2016_2025,MDT,2016-01-16,earnings,neutral,down,False,0.14,0.5541,earnings_release → earnings_miss → guidance_cut,True,,
MSFT_2016Q1_earnings,earnings_sp500_2016_2025,MSFT,2016-01-16,earnings,up,neutral,False,12.41,0.0749,earnings_release → earnings_beat → sector_etf_movement → institutional_rebalance,True,,
REGN_2016Q1_earnings,earnings_sp500_2016_2025,REGN,2016-01-16,earnings,down,down,True,1.5,0.5541,earnings_release → earnings_miss → guidance_cut,True,,
UPS_2016Q1_earnings,earnings_sp500_2016_2025,UPS,2016-01-16,earnings,up,neutral,False,8.44,0.0749,earnings_release → earnings_beat → sector_etf_movement → institutional_rebalance,True,,
COST_2016Q1_earnings,earnings_sp500_2016_2025,COST,2016-01-17,earnings,up,neutral,False,4.47,0.0749,earnings_release → earnings_beat → sector_etf_movement → institutional_rebalance,True,,
JPM_2016Q1_earnings,earnings_sp500_2016_2025,JPM,2016-01-17,earnings,down,down,True,1.27,0.5541,earnings_release → earnings_miss → guidance_cut,True,,
WMT_2016Q1_earnings,earnings_sp500_2016_2025,WMT,2016-01-17,earnings,up,neutral,False,2.48,0.0749,earnings_release → earnings_beat → sector_etf_movement → institutional_rebalance,True,,
ABT_2016Q1_earnings,earnings_sp500_2016_2025,ABT,2016-01-18,earnings,neutral,down,False,0.05,0.5541,earnings_release → earnings_miss → guidance_cut,True,,
ACN_2016Q1_earnings,earnings_sp500_2016_2025,ACN,2016-01-18,earnings,down,down,True,4.26,0.5541,earnings_release → earnings_miss → guidance_cut,True,,
SNPS_2016Q1_earnings,earnings_sp500_2016_2025,SNPS,2016-01-19,earnings,neutral,down,False,0.05,0.5541,earnings_release → earnings_miss → guidance_cut,True,,
COIN_2016Q1_earnings,earnings_sp500_2016_2025,COIN,2016-01-20,earnings,down,down,True,1.96,0.5541,earnings_release → earnings_miss → guidance_cut,True,,
DHR_2016Q1_earnings,earnings_sp500_2016_2025,DHR,2016-01-20,earnings,up,neutral,False,7.45,0.0749,earnings_release → earnings_beat → sector_etf_movement → institutional_rebalance,True,,
HD_2016Q1_earnings,earnings_sp500_2016_2025,HD,2016-01-20,earnings,neutral,down,False,0.14,0.5541,earnings_release → earnings_miss → guidance_cut,True,,
SBUX_2016Q1_earnings,earnings_sp500_2016_2025,SBUX,2016-01-20,earnings,down,down,True,1.73,0.5541,earnings_release → earnings_miss → guidance_cut,True,,
VZ_2016Q1_earnings,earnings_sp500_2016_2025,VZ,2016-01-20,earnings,neutral,down,False,0.05,0.5541,earnings_release → earnings_miss → guidance_cut,True,,
AMD_2016Q1_earnings,earnings_sp500_2016_2025,AMD,2016-01-21,earnings,up,neutral,False,1.49,0.0749,earnings_release → earnings_beat → sector_etf_movement → institutional_rebalance,True,,
GILD_2016Q1_earnings,earnings_sp500_2016_2025,GILD,2016-01-21,earnings,neutral,down,False,0.05,0.5541,earnings_release → earnings_miss → guidance_cut,True,,
MA_2016Q1_earnings,earnings_sp500_2016_2025,MA,2016-01-21,earnings,neutral,down,False,0.14,0.5541,earnings_release → earnings_miss → guidance_cut,True,,
MS_2016Q1_earnings,earnings_sp500_2016_2025,MS,2016-01-21,earnings,down,down,True,1.96,0.5541,earnings_release → earnings_miss → guidance_cut,True,,
NFLX_2016Q1_earnings,earnings_sp500_2016_2025,NFLX,2016-01-21,earnings,neutral,down,False,0.05,0.5541,earnings_release → earnings_miss → guidance_cut,True,,
CMCSA_2016Q1_earnings,earnings_sp500_2016_2025,CMCSA,2016-01-22,earnings,neutral,down,False,0.23,0.5541,earnings_release → earnings_miss → guidance_cut,True,,
HON_2016Q1_earnings,earnings_sp500_2016_2025,HON,2016-01-22,earnings,up,neutral,False,8.44,0.0749,earnings_release → earnings_beat → sector_etf_movement → institutional_rebalance,True,,
LOW_2016Q1_earnings,earnings_sp500_2016_2025,LOW,2016-01-22,earnings,down,down,True,1.5,0.5541,earnings_release → earnings_miss → guidance_cut,True,,
MCD_2016Q1_earnings,earnings_sp500_2016_2025,MCD,2016-01-22,earnings,down,down,True,2.88,0.5541,earnings_release → earnings_miss → guidance_cut,True,,
PEP_2016Q1_earnings,earnings_sp500_2016_2025,PEP,2016-01-22,earnings,neutral,down,False,0.14,0.5541,earnings_release → earnings_miss → guidance_cut,True,,
BLK_2016Q1_earnings,earnings_sp500_2016_2025,BLK,2016-01-23,earnings,down,down,True,1.04,0.5541,earnings_release → earnings_miss → guidance_cut,True,,
INTC_2016Q1_earnings,earnings_sp500_2016_2025,INTC,2016-01-23,earnings,up,neutral,False,7.45,0.0749,earnings_release → earnings_beat → sector_etf_movement → institutional_rebalance,True,,
TMO_2016Q1_earnings,earnings_sp500_2016_2025,TMO,2016-01-23,earnings,neutral,down,False,0.23,0.5541,earnings_release → earnings_miss → guidance_cut,True,,
UNH_2016Q1_earnings,earnings_sp500_2016_2025,UNH,2016-01-23,earnings,down,down,True,4.49,0.5541,earnings_release → earnings_miss → guidance_cut,True,,
JNJ_2016Q1_earnings,earnings_sp500_2016_2025,JNJ,2016-01-24,earnings,down,down,True,3.57,0.5541,earnings_release → earnings_miss → guidance_cut,True,,
META_2016Q1_earnings,earnings_sp500_2016_2025,META,2016-01-24,earnings,up,neutral,False,8.44,0.0749,earnings_release → earnings_beat → sector_etf_movement → institutional_rebalance,True,,
AXP_2016Q2_earnings,earnings_sp500_2016_2025,AXP,2016-04-05,earnings,up,neutral,False,12.41,0.0749,earnings_release → earnings_beat → sector_etf_movement → institutional_rebalance,True,,
CVX_2016Q2_earnings,earnings_sp500_2016_2025,CVX,2016-04-05,earnings,down,down,True,2.65,0.5541,earnings_release → earnings_miss → guidance_cut,True,,
LRCX_2016Q2_earnings,earnings_sp500_2016_2025,LRCX,2016-04-05,earnings,up,neutral,False,12.41,0.0749,earnings_release → earnings_beat → sector_etf_movement → institutional_rebalance,True,,
WMT_2016Q2_earnings,earnings_sp500_2016_2025,WMT,2016-04-05,earnings,up,neutral,False,10.43,0.0749,earnings_release → earnings_beat → sector_etf_movement → institutional_rebalance,True,,
COST_2016Q2_earnings,earnings_sp500_2016_2025,COST,2016-04-06,earnings,up,neutral,False,5.46,0.0749,earnings_release → earnings_beat → sector_etf_movement → institutional_rebalance,True,,
KO_2016Q2_earnings,earnings_sp500_2016_2025,KO,2016-04-06,earnings,down,down,True,0.58,0.5541,earnings_release → earnings_miss → guidance_cut,True,,
LOW_2016Q2_earnings,earnings_sp500_2016_2025,LOW,2016-04-06,earnings,neutral,down,False,0.14,0.5541,earnings_release → earnings_miss → guidance_cut,True,,
PM_2016Q2_earnings,earnings_sp500_2016_2025,PM,2016-04-06,earnings,neutral,down,False,0.05,0.5541,earnings_release → earnings_miss → guidance_cut,True,,
QCOM_2016Q2_earnings,earnings_sp500_2016_2025,QCOM,2016-04-06,earnings,down,down,True,2.65,0.5541,earnings_release → earnings_miss → guidance_cut,True,,
SPGI_2016Q2_earnings,earnings_sp500_2016_2025,SPGI,2016-04-06,earnings,neutral,down,False,0.05,0.5541,earnings_release → earnings_miss → guidance_cut,True,,
UBER_2016Q2_earnings,earnings_sp500_2016_2025,UBER,2016-04-06,earnings,down,down,True,3.34,0.5541,earnings_release → earnings_miss → guidance_cut,True,,
ABT_2016Q2_earnings,earnings_sp500_2016_2025,ABT,2016-04-07,earnings,down,down,True,2.42,0.5541,earnings_release → earnings_miss → guidance_cut,True,,
INTC_2016Q2_earnings,earnings_sp500_2016_2025,INTC,2016-04-07,earnings,down,down,True,2.19,0.5541,earnings_release → earnings_miss → guidance_cut,True,,
VZ_2016Q2_earnings,earnings_sp500_2016_2025,VZ,2016-04-07,earnings,neutral,down,False,0.14,0.5541,earnings_release → earnings_miss → guidance_cut,True,,
ROKU_2016Q2_earnings,earnings_sp500_2016_2025,ROKU,2016-04-08,earnings,up,neutral,False,7.45,0.0749,earnings_release → earnings_beat → sector_etf_movement → institutional_rebalance,True,,
SNPS_2016Q2_earnings,earnings_sp500_2016_2025,SNPS,2016-04-08,earnings,up,neutral,False,10.43,0.0749,earnings_release → earnings_beat → sector_etf_movement → institutional_rebalance,True,,
TSLA_2016Q2_earnings,earnings_sp500_2016_2025,TSLA,2016-04-08,earnings,neutral,down,False,0.14,0.5541,earnings_release → earnings_miss → guidance_cut,True,,
AMAT_2016Q2_earnings,earnings_sp500_2016_2025,AMAT,2016-04-09,earnings,down,down,True,2.42,0.5541,earnings_release → earnings_miss → guidance_cut,True,,
AMZN_2016Q2_earnings,earnings_sp500_2016_2025,AMZN,2016-04-09,earnings,up,neutral,False,9.43,0.0749,earnings_release → earnings_beat → sector_etf_movement → institutional_rebalance,True,,
DIS_2016Q2_earnings,earnings_sp500_2016_2025,DIS,2016-04-09,earnings,down,down,True,3.34,0.5541,earnings_release → earnings_miss → guidance_cut,True,,
ABBV_2016Q2_earnings,earnings_sp500_2016_2025,ABBV,2016-04-10,earnings,down,down,True,4.49,0.5541,earnings_release → earnings_miss → guidance_cut,True,,
BKNG_2016Q2_earnings,earnings_sp500_2016_2025,BKNG,2016-04-10,earnings,down,down,True,3.57,0.5541,earnings_release → earnings_miss → guidance_cut,True,,
BRK.B_2016Q2_earnings,earnings_sp500_2016_2025,BRK.B,2016-04-10,earnings,neutral,down,False,0.05,0.5541,earnings_release → earnings_miss → guidance_cut,True,,
CRM_2016Q2_earnings,earnings_sp500_2016_2025,CRM,2016-04-10,earnings,neutral,down,False,0.23,0.5541,earnings_release → earnings_miss → guidance_cut,True,,
MSFT_2016Q2_earnings,earnings_sp500_2016_2025,MSFT,2016-04-10,earnings,down,down,True,1.5,0.5541,earnings_release → earnings_miss → guidance_cut,True,,
WFC_2016Q2_earnings,earnings_sp500_2016_2025,WFC,2016-04-10,earnings,neutral,down,False,0.14,0.5541,earnings_release → earnings_miss → guidance_cut,True,,
ZM_2016Q2_earnings,earnings_sp500_2016_2025,ZM,2016-04-10,earnings,neutral,down,False,0.14,0.5541,earnings_release → earnings_miss → guidance_cut,True,,
DHR_2016Q2_earnings,earnings_sp500_2016_2025,DHR,2016-04-11,earnings,neutral,down,False,0.14,0.5541,earnings_release → earnings_miss → guidance_cut,True,,
RTX_2016Q2_earnings,earnings_sp500_2016_2025,RTX,2016-04-11,earnings,down,down,True,3.11,0.5541,earnings_release → earnings_miss → guidance_cut,True,,
SHOP_2016Q2_earnings,earnings_sp500_2016_2025,SHOP,2016-04-11,earnings,neutral,down,False,0.05,0.5541,earnings_release → earnings_miss → guidance_cut,True,,
MRK_2016Q2_earnings,earnings_sp500_2016_2025,MRK,2016-04-12,earnings,neutral,down,False,0.14,0.5541,earnings_release → earnings_miss → guidance_cut,True,,
SQ_2016Q2_earnings,earnings_sp500_2016_2025,SQ,2016-04-12,earnings,down,down,True,1.73,0.5541,earnings_release → earnings_miss → guidance_cut,True,,
MCD_2016Q2_earnings,earnings_sp500_2016_2025,MCD,2016-04-13,earnings,neutral,down,False,0.23,0.5541,earnings_release → earnings_miss → guidance_cut,True,,
AMD_2016Q2_earnings,earnings_sp500_2016_2025,AMD,2016-04-14,earnings,down,down,True,2.88,0.5541,earnings_release → earnings_miss → guidance_cut,True,,
AVGO_2016Q2_earnings,earnings_sp500_2016_2025,AVGO,2016-04-14,earnings,up,neutral,False,6.45,0.0749,earnings_release → earnings_beat → sector_etf_movement → institutional_rebalance,True,,
ISRG_2016Q2_earnings,earnings_sp500_2016_2025,ISRG,2016-04-15,earnings,up,neutral,False,6.45,0.0749,earnings_release → earnings_beat → sector_etf_movement → institutional_rebalance,True,,
MDT_2016Q2_earnings,earnings_sp500_2016_2025,MDT,2016-04-15,earnings,neutral,down,False,0.23,0.5541,earnings_release → earnings_miss → guidance_cut,True,,
BA_2016Q2_earnings,earnings_sp500_2016_2025,BA,2016-04-16,earnings,neutral,down,False,0.14,0.5541,earnings_release → earnings_miss → guidance_cut,True,,
HD_2016Q2_earnings,earnings_sp500_2016_2025,HD,2016-04-16,earnings,neutral,down,False,0.05,0.5541,earnings_release → earnings_miss → guidance_cut,True,,
PG_2016Q2_earnings,earnings_sp500_2016_2025,PG,2016-04-16,earnings,neutral,down,False,0.14,0.5541,earnings_release → earnings_miss → guidance_cut,True,,
ACN_2016Q2_earnings,earnings_sp500_2016_2025,ACN,2016-04-17,earnings,neutral,down,False,0.05,0.5541,earnings_release → earnings_miss → guidance_cut,True,,
GE_2016Q2_earnings,earnings_sp500_2016_2025,GE,2016-04-17,earnings,up,neutral,False,12.41,0.0749,earnings_release → earnings_beat → sector_etf_movement → institutional_rebalance,True,,
NFLX_2016Q2_earnings,earnings_sp500_2016_2025,NFLX,2016-04-17,earnings,neutral,down,False,0.05,0.5541,earnings_release → earnings_miss → guidance_cut,True,,
TMO_2016Q2_earnings,earnings_sp500_2016_2025,TMO,2016-04-17,earnings,up,neutral,False,1.49,0.0749,earnings_release → earnings_beat → sector_etf_movement → institutional_rebalance,True,,
BLK_2016Q2_earnings,earnings_sp500_2016_2025,BLK,2016-04-18,earnings,down,down,True,1.73,0.5541,earnings_release → earnings_miss → guidance_cut,True,,
NVDA_2016Q2_earnings,earnings_sp500_2016_2025,NVDA,2016-04-18,earnings,down,down,True,1.04,0.5541,earnings_release → earnings_miss → guidance_cut,True,,
GOOGL_2016Q2_earnings,earnings_sp500_2016_2025,GOOGL,2016-04-19,earnings,up,neutral,False,1.49,0.0749,earnings_release → earnings_beat → sector_etf_movement → institutional_rebalance,True,,
GS_2016Q2_earnings,earnings_sp500_2016_2025,GS,2016-04-19,earnings,neutral,down,False,0.14,0.5541,earnings_release → earnings_miss → guidance_cut,True,,
IBM_2016Q2_earnings,earnings_sp500_2016_2025,IBM,2016-04-19,earnings,down,down,True,1.27,0.5541,earnings_release → earnings_miss → guidance_cut,True,,
MA_2016Q2_earnings,earnings_sp500_2016_2025,MA,2016-04-19,earnings,neutral,down,False,0.23,0.5541,earnings_release → earnings_miss → guidance_cut,True,,
MS_2016Q2_earnings,earnings_sp500_2016_2025,MS,2016-04-19,earnings,neutral,down,False,0.05,0.5541,earnings_release → earnings_miss → guidance_cut,True,,
PANW_2016Q2_earnings,earnings_sp500_2016_2025,PANW,2016-04-19,earnings,up,neutral,False,9.43,0.0749,earnings_release → earnings_beat → sector_etf_movement → institutional_rebalance,True,,
V_2016Q2_earnings,earnings_sp500_2016_2025,V,2016-04-19,earnings,up,neutral,False,12.41,0.0749,earnings_release → earnings_beat → sector_etf_movement → institutional_rebalance,True,,
VRTX_2016Q2_earnings,earnings_sp500_2016_2025,VRTX,2016-04-19,earnings,down,down,True,1.96,0.5541,earnings_release → earnings_miss → guidance_cut,True,,
HON_2016Q2_earnings,earnings_sp500_2016_2025,HON,2016-04-20,earnings,down,down,True,1.73,0.5541,earnings_release → earnings_miss → guidance_cut,True,,
REGN_2016Q2_earnings,earnings_sp500_2016_2025,REGN,2016-04-20,earnings,up,neutral,False,7.45,0.0749,earnings_release → earnings_beat → sector_etf_movement → institutional_rebalance,True,,
TXN_2016Q2_earnings,earnings_sp500_2016_2025,TXN,2016-04-20,earnings,neutral,down,False,0.05,0.5541,earnings_release → earnings_miss → guidance_cut,True,,
UNP_2016Q2_earnings,earnings_sp500_2016_2025,UNP,2016-04-20,earnings,up,neutral,False,5.46,0.0749,earnings_release → earnings_beat → sector_etf_movement → institutional_rebalance,True,,
XOM_2016Q2_earnings,earnings_sp500_2016_2025,XOM,2016-04-20,earnings,neutral,down,False,0.14,0.5541,earnings_release → earnings_miss → guidance_cut,True,,
AAPL_2016Q2_earnings,earnings_sp500_2016_2025,AAPL,2016-04-21,earnings,up,neutral,False,13.4,0.0749,earnings_release → earnings_beat → sector_etf_movement → institutional_rebalance,True,,
ABNB_2016Q2_earnings,earnings_sp500_2016_2025,ABNB,2016-04-21,earnings,down,down,True,1.96,0.5541,earnings_release → earnings_miss → guidance_cut,True,,
CAT_2016Q2_earnings,earnings_sp500_2016_2025,CAT,2016-04-21,earnings,neutral,down,False,0.23,0.5541,earnings_release → earnings_miss → guidance_cut,True,,
CSCO_2016Q2_earnings,earnings_sp500_2016_2025,CSCO,2016-04-21,earnings,down,down,True,3.11,0.5541,earnings_release → earnings_miss → guidance_cut,True,,
DOCU_2016Q2_earnings,earnings_sp500_2016_2025,DOCU,2016-04-21,earnings,up,neutral,False,11.42,0.0749,earnings_release → earnings_beat → sector_etf_movement → institutional_rebalance,True,,
UPS_2016Q2_earnings,earnings_sp500_2016_2025,UPS,2016-04-21,earnings,neutral,down,False,0.14,0.5541,earnings_release → earnings_miss → guidance_cut,True,,
ADI_2016Q2_earnings,earnings_sp500_2016_2025,ADI,2016-04-22,earnings,neutral,down,False,0.14,0.5541,earnings_release → earnings_miss → guidance_cut,True,,
CDNS_2016Q2_earnings,earnings_sp500_2016_2025,CDNS,2016-04-22,earnings,neutral,down,False,0.23,0.5541,earnings_release → earnings_miss → guidance_cut,True,,
CMCSA_2016Q2_earnings,earnings_sp500_2016_2025,CMCSA,2016-04-22,earnings,down,down,True,2.65,0.5541,earnings_release → earnings_miss → guidance_cut,True,,
JNJ_2016Q2_earnings,earnings_sp500_2016_2025,JNJ,2016-04-22,earnings,up,neutral,False,14.4,0.0749,earnings_release → earnings_beat → sector_etf_movement → institutional_rebalance,True,,
PYPL_2016Q2_earnings,earnings_sp500_2016_2025,PYPL,2016-04-22,earnings,neutral,down,False,0.14,0.5541,earnings_release → earnings_miss → guidance_cut,True,,
SBUX_2016Q2_earnings,earnings_sp500_2016_2025,SBUX,2016-04-22,earnings,up,neutral,False,5.46,0.0749,earnings_release → earnings_beat → sector_etf_movement → institutional_rebalance,True,,
SNAP_2016Q2_earnings,earnings_sp500_2016_2025,SNAP,2016-04-22,earnings,up,neutral,False,12.41,0.0749,earnings_release → earnings_beat → sector_etf_movement → institutional_rebalance,True,,
UNH_2016Q2_earnings,earnings_sp500_2016_2025,UNH,2016-04-22,earnings,neutral,down,False,0.05,0.5541,earnings_release → earnings_miss → guidance_cut,True,,
NKE_2016Q2_earnings,earnings_sp500_2016_2025,NKE,2016-04-23,earnings,neutral,down,False,0.23,0.5541,earnings_release → earnings_miss → guidance_cut,True,,
PEP_2016Q2_earnings,earnings_sp500_2016_2025,PEP,2016-04-23,earnings,up,neutral,False,14.4,0.0749,earnings_release → earnings_beat → sector_etf_movement → institutional_rebalance,True,,
ADBE_2016Q2_earnings,earnings_sp500_2016_2025,ADBE,2016-04-24,earnings,up,neutral,False,11.42,0.0749,earnings_release → earnings_beat → sector_etf_movement → institutional_rebalance,True,,
COIN_2016Q2_earnings,earnings_sp500_2016_2025,COIN,2016-04-24,earnings,down,down,True,3.11,0.5541,earnings_release → earnings_miss → guidance_cut,True,,
GILD_2016Q2_earnings,earnings_sp500_2016_2025,GILD,2016-04-24,earnings,neutral,down,False,0.05,0.5541,earnings_release → earnings_miss → guidance_cut,True,,
JPM_2016Q2_earnings,earnings_sp500_2016_2025,JPM,2016-04-24,earnings,down,down,True,3.8,0.5541,earnings_release → earnings_miss → guidance_cut,True,,
META_2016Q2_earnings,earnings_sp500_2016_2025,META,2016-04-24,earnings,up,neutral,False,10.43,0.0749,earnings_release → earnings_beat → sector_etf_movement → institutional_rebalance,True,,
ADBE_2016Q3_earnings,earnings_sp500_2016_2025,ADBE,2016-07-05,earnings,neutral,down,False,0.14,0.5541,earnings_release → earnings_miss → guidance_cut,False,,
CMCSA_2016Q3_earnings,earnings_sp500_2016_2025,CMCSA,2016-07-05,earnings,neutral,down,False,0.09,0.5541,earnings_release → earnings_miss → guidance_cut,False,,
PEP_2016Q3_earnings,earnings_sp500_2016_2025,PEP,2016-07-05,earnings,neutral,down,False,0.17,0.5541,earnings_release → earnings_miss → guidance_cut,False,,
CRM_2016Q3_earnings,earnings_sp500_2016_2025,CRM,2016-07-06,earnings,neutral,down,False,0.05,0.5541,earnings_release → earnings_miss → guidance_cut,False,,
MCD_2016Q3_earnings,earnings_sp500_2016_2025,MCD,2016-07-06,earnings,neutral,down,False,0.03,0.5541,earnings_release → earnings_miss → guidance_cut,False,,
QCOM_2016Q3_earnings,earnings_sp500_2016_2025,QCOM,2016-07-06,earnings,neutral,down,False,0.19,0.5541,earnings_release → earnings_miss → guidance_cut,False,,
SQ_2016Q3_earnings,earnings_sp500_2016_2025,SQ,2016-07-06,earnings,up,neutral,False,8.44,0.0749,earnings_release → earnings_beat → sector_etf_movement → institutional_rebalance,True,,
XOM_2016Q3_earnings,earnings_sp500_2016_2025,XOM,2016-07-06,earnings,up,neutral,False,1.14,0.0749,earnings_release → earnings_beat → sector_etf_movement → institutional_rebalance,False,,
BLK_2016Q3_earnings,earnings_sp500_2016_2025,BLK,2016-07-07,earnings,neutral,down,False,0.07,0.5541,earnings_release → earnings_miss → guidance_cut,False,,
MSFT_2016Q3_earnings,earnings_sp500_2016_2025,MSFT,2016-07-07,earnings,neutral,down,False,0.0,0.5541,earnings_release → earnings_miss → guidance_cut,False,,
PM_2016Q3_earnings,earnings_sp500_2016_2025,PM,2016-07-07,earnings,neutral,down,False,0.13,0.5541,earnings_release → earnings_miss → guidance_cut,False,,
LOW_2016Q3_earnings,earnings_sp500_2016_2025,LOW,2016-07-08,earnings,up,neutral,False,2.29,0.0749,earnings_release → earnings_beat → sector_etf_movement → institutional_rebalance,False,,
WFC_2016Q3_earnings,earnings_sp500_2016_2025,WFC,2016-07-08,earnings,up,neutral,False,2.1,0.0749,earnings_release → earnings_beat → sector_etf_movement → institutional_rebalance,False,,
ZM_2016Q3_earnings,earnings_sp500_2016_2025,ZM,2016-07-08,earnings,down,down,True,0.81,0.5541,earnings_release → earnings_miss → guidance_cut,True,,
AMD_2016Q3_earnings,earnings_sp500_2016_2025,AMD,2016-07-09,earnings,neutral,down,False,0.05,0.5541,earnings_release → earnings_miss → guidance_cut,True,,
CVX_2016Q3_earnings,earnings_sp500_2016_2025,CVX,2016-07-09,earnings,up,neutral,False,13.4,0.0749,earnings_release → earnings_beat → sector_etf_movement → institutional_rebalance,True,,
MRK_2016Q3_earnings,earnings_sp500_2016_2025,MRK,2016-07-09,earnings,down,down,True,0.81,0.5541,earnings_release → earnings_miss → guidance_cut,True,,
TSLA_2016Q3_earnings,earnings_sp500_2016_2025,TSLA,2016-07-09,earnings,down,down,True,1.5,0.5541,earnings_release → earnings_miss → guidance_cut,True,,
AVGO_2016Q3_earnings,earnings_sp500_2016_2025,AVGO,2016-07-10,earnings,up,neutral,False,8.44,0.0749,earnings_release → earnings_beat → sector_etf_movement → institutional_rebalance,True,,
BA_2016Q3_earnings,earnings_sp500_2016_2025,BA,2016-07-10,earnings,down,down,True,4.03,0.5541,earnings_release → earnings_miss → guidance_cut,True,,
META_2016Q3_earnings,earnings_sp500_2016_2025,META,2016-07-10,earnings,down,down,True,2.19,0.5541,earnings_release → earnings_miss → guidance_cut,True,,
AAPL_2016Q3_earnings,earnings_sp500_2016_2025,AAPL,2016-07-11,earnings,neutral,down,False,0.07,0.5541,earnings_release → earnings_miss → guidance_cut,False,,
DHR_2016Q3_earnings,earnings_sp500_2016_2025,DHR,2016-07-11,earnings,neutral,down,False,0.22,0.5541,earnings_release → earnings_miss → guidance_cut,False,,
LRCX_2016Q3_earnings,earnings_sp500_2016_2025,LRCX,2016-07-11,earnings,up,neutral,False,1.7,0.0749,earnings_release → earnings_beat → sector_etf_movement → institutional_rebalance,False,,
MA_2016Q3_earnings,earnings_sp500_2016_2025,MA,2016-07-11,earnings,neutral,down,False,0.05,0.5541,earnings_release → earnings_miss → guidance_cut,False,,
REGN_2016Q3_earnings,earnings_sp500_2016_2025,REGN,2016-07-11,earnings,neutral,down,False,0.16,0.5541,earnings_release → earnings_miss → guidance_cut,False,,
SHOP_2016Q3_earnings,earnings_sp500_2016_2025,SHOP,2016-07-11,earnings,up,neutral,False,2.72,0.0749,earnings_release → earnings_beat → sector_etf_movement → institutional_rebalance,False,,
ABBV_2016Q3_earnings,earnings_sp500_2016_2025,ABBV,2016-07-12,earnings,up,neutral,False,1.78,0.0749,earnings_release → earnings_beat → sector_etf_movement → institutional_rebalance,False,,
INTC_2016Q3_earnings,earnings_sp500_2016_2025,INTC,2016-07-12,earnings,up,neutral,False,1.62,0.0749,earnings_release → earnings_beat → sector_etf_movement → institutional_rebalance,False,,
UBER_2016Q3_earnings,earnings_sp500_2016_2025,UBER,2016-07-12,earnings,up,neutral,False,7.45,0.0749,earnings_release → earnings_beat → sector_etf_movement → institutional_rebalance,True,,
VRTX_2016Q3_earnings,earnings_sp500_2016_2025,VRTX,2016-07-12,earnings,neutral,down,False,0.12,0.5541,earnings_release → earnings_miss → guidance_cut,False,,
AMAT_2016Q3_earnings,earnings_sp500_2016_2025,AMAT,2016-07-13,earnings,up,neutral,False,1.96,0.0749,earnings_release → earnings_beat → sector_etf_movement → institutional_rebalance,False,,
MS_2016Q3_earnings,earnings_sp500_2016_2025,MS,2016-07-13,earnings,neutral,down,False,0.18,0.5541,earnings_release → earnings_miss → guidance_cut,False,,
PYPL_2016Q3_earnings,earnings_sp500_2016_2025,PYPL,2016-07-13,earnings,up,neutral,False,1.25,0.0749,earnings_release → earnings_beat → sector_etf_movement → institutional_rebalance,False,,
SNAP_2016Q3_earnings,earnings_sp500_2016_2025,SNAP,2016-07-13,earnings,neutral,down,False,0.05,0.5541,earnings_release → earnings_miss → guidance_cut,True,,
DOCU_2016Q3_earnings,earnings_sp500_2016_2025,DOCU,2016-07-14,earnings,neutral,down,False,0.23,0.5541,earnings_release → earnings_miss → guidance_cut,True,,
GE_2016Q3_earnings,earnings_sp500_2016_2025,GE,2016-07-14,earnings,neutral,down,False,0.19,0.5541,earnings_release → earnings_miss → guidance_cut,False,,
GOOGL_2016Q3_earnings,earnings_sp500_2016_2025,GOOGL,2016-07-14,earnings,neutral,down,False,0.2,0.5541,earnings_release → earnings_miss → guidance_cut,False,,
V_2016Q3_earnings,earnings_sp500_2016_2025,V,2016-07-14,earnings,neutral,down,False,0.2,0.5541,earnings_release → earnings_miss → guidance_cut,False,,
BRK.B_2016Q3_earnings,earnings_sp500_2016_2025,BRK.B,2016-07-15,earnings,neutral,down,False,0.04,0.5541,earnings_release → earnings_miss → guidance_cut,False,,
COIN_2016Q3_earnings,earnings_sp500_2016_2025,COIN,2016-07-15,earnings,down,down,True,2.65,0.5541,earnings_release → earnings_miss → guidance_cut,True,,
CSCO_2016Q3_earnings,earnings_sp500_2016_2025,CSCO,2016-07-15,earnings,neutral,down,False,0.05,0.5541,earnings_release → earnings_miss → guidance_cut,False,,
RTX_2016Q3_earnings,earnings_sp500_2016_2025,RTX,2016-07-15,earnings,neutral,down,False,0.08,0.5541,earnings_release → earnings_miss → guidance_cut,False,,
TMO_2016Q3_earnings,earnings_sp500_2016_2025,TMO,2016-07-15,earnings,neutral,down,False,0.1,0.5541,earnings_release → earnings_miss → guidance_cut,False,,
AXP_2016Q3_earnings,earnings_sp500_2016_2025,AXP,2016-07-16,earnings,neutral,down,False,0.05,0.5541,earnings_release → earnings_miss → guidance_cut,True,,
HD_2016Q3_earnings,earnings_sp500_2016_2025,HD,2016-07-16,earnings,neutral,down,False,0.23,0.5541,earnings_release → earnings_miss → guidance_cut,True,,
WMT_2016Q3_earnings,earnings_sp500_2016_2025,WMT,2016-07-16,earnings,up,neutral,False,9.43,0.0749,earnings_release → earnings_beat → sector_etf_movement → institutional_rebalance,True,,
AMZN_2016Q3_earnings,earnings_sp500_2016_2025,AMZN,2016-07-17,earnings,up,neutral,False,8.44,0.0749,earnings_release → earnings_beat → sector_etf_movement → institutional_rebalance,True,,
HON_2016Q3_earnings,earnings_sp500_2016_2025,HON,2016-07-17,earnings,neutral,down,False,0.05,0.5541,earnings_release → earnings_miss → guidance_cut,True,,
KO_2016Q3_earnings,earnings_sp500_2016_2025,KO,2016-07-17,earnings,up,neutral,False,7.45,0.0749,earnings_release → earnings_beat → sector_etf_movement → institutional_rebalance,True,,
PANW_2016Q3_earnings,earnings_sp500_2016_2025,PANW,2016-07-17,earnings,neutral,down,False,0.14,0.5541,earnings_release → earnings_miss → guidance_cut,True,,
TXN_2016Q3_earnings,earnings_sp500_2016_2025,TXN,2016-07-17,earnings,down,down,True,2.19,0.5541,earnings_release → earnings_miss → guidance_cut,True,,
UNH_2016Q3_earnings,earnings_sp500_2016_2025,UNH,2016-07-17,earnings,neutral,down,False,0.14,0.5541,earnings_release → earnings_miss → guidance_cut,True,,
ABNB_2016Q3_earnings,earnings_sp500_2016_2025,ABNB,2016-07-18,earnings,up,neutral,False,5.46,0.0749,earnings_release → earnings_beat → sector_etf_movement → institutional_rebalance,True,,
ACN_2016Q3_earnings,earnings_sp500_2016_2025,ACN,2016-07-18,earnings,neutral,down,False,0.19,0.5541,earnings_release → earnings_miss → guidance_cut,False,,
CDNS_2016Q3_earnings,earnings_sp500_2016_2025,CDNS,2016-07-18,earnings,neutral,down,False,0.07,0.5541,earnings_release → earnings_miss → guidance_cut,False,,
JPM_2016Q3_earnings,earnings_sp500_2016_2025,JPM,2016-07-18,earnings,neutral,down,False,0.08,0.5541,earnings_release → earnings_miss → guidance_cut,False,,
NKE_2016Q3_earnings,earnings_sp500_2016_2025,NKE,2016-07-18,earnings,neutral,down,False,0.05,0.5541,earnings_release → earnings_miss → guidance_cut,False,,
ADI_2016Q3_earnings,earnings_sp500_2016_2025,ADI,2016-07-19,earnings,neutral,down,False,0.06,0.5541,earnings_release → earnings_miss → guidance_cut,False,,
DIS_2016Q3_earnings,earnings_sp500_2016_2025,DIS,2016-07-19,earnings,neutral,down,False,0.16,0.5541,earnings_release → earnings_miss → guidance_cut,False,,
GS_2016Q3_earnings,earnings_sp500_2016_2025,GS,2016-07-19,earnings,down,down,True,0.27,0.5541,earnings_release → earnings_miss → guidance_cut,False,,
ISRG_2016Q3_earnings,earnings_sp500_2016_2025,ISRG,2016-07-19,earnings,neutral,down,False,0.05,0.5541,earnings_release → earnings_miss → guidance_cut,False,,
NFLX_2016Q3_earnings,earnings_sp500_2016_2025,NFLX,2016-07-19,earnings,down,down,True,3.03,0.5541,earnings_release → earnings_miss → guidance_cut,False,,
PG_2016Q3_earnings,earnings_sp500_2016_2025,PG,2016-07-19,earnings,neutral,down,False,0.06,0.5541,earnings_release → earnings_miss → guidance_cut,False,,
ROKU_2016Q3_earnings,earnings_sp500_2016_2025,ROKU,2016-07-19,earnings,neutral,down,False,0.14,0.5541,earnings_release → earnings_miss → guidance_cut,True,,
UNP_2016Q3_earnings,earnings_sp500_2016_2025,UNP,2016-07-19,earnings,neutral,down,False,0.04,0.5541,earnings_release → earnings_miss → guidance_cut,False,,
NVDA_2016Q3_earnings,earnings_sp500_2016_2025,NVDA,2016-07-20,earnings,up,neutral,False,1.3,0.0749,earnings_release → earnings_beat → sector_etf_movement → institutional_rebalance,False,,
SBUX_2016Q3_earnings,earnings_sp500_2016_2025,SBUX,2016-07-20,earnings,up,neutral,False,1.36,0.0749,earnings_release → earnings_beat → sector_etf_movement → institutional_rebalance,False,,
ABT_2016Q3_earnings,earnings_sp500_2016_2025,ABT,2016-07-21,earnings,neutral,down,False,0.21,0.5541,earnings_release → earnings_miss → guidance_cut,False,,
BKNG_2016Q3_earnings,earnings_sp500_2016_2025,BKNG,2016-07-21,earnings,down,down,True,0.35,0.5541,earnings_release → earnings_miss → guidance_cut,False,,
COST_2016Q3_earnings,earnings_sp500_2016_2025,COST,2016-07-21,earnings,neutral,down,False,0.14,0.5541,earnings_release → earnings_miss → guidance_cut,False,,
JNJ_2016Q3_earnings,earnings_sp500_2016_2025,JNJ,2016-07-21,earnings,neutral,down,False,0.0,0.5541,earnings_release → earnings_miss → guidance_cut,False,,
VZ_2016Q3_earnings,earnings_sp500_2016_2025,VZ,2016-07-21,earnings,neutral,down,False,0.1,0.5541,earnings_release → earnings_miss → guidance_cut,False,,
UPS_2016Q3_earnings,earnings_sp500_2016_2025,UPS,2016-07-22,earnings,neutral,down,False,0.1,0.5541,earnings_release → earnings_miss → guidance_cut,False,,
IBM_2016Q3_earnings,earnings_sp500_2016_2025,IBM,2016-07-23,earnings,up,neutral,False,8.44,0.0749,earnings_release → earnings_beat → sector_etf_movement → institutional_rebalance,True,,
SNPS_2016Q3_earnings,earnings_sp500_2016_2025,SNPS,2016-07-23,earnings,neutral,down,False,0.05,0.5541,earnings_release → earnings_miss → guidance_cut,True,,
CAT_2016Q3_earnings,earnings_sp500_2016_2025,CAT,2016-07-24,earnings,down,down,True,2.88,0.5541,earnings_release → earnings_miss → guidance_cut,True,,
GILD_2016Q3_earnings,earnings_sp500_2016_2025,GILD,2016-07-24,earnings,neutral,down,False,0.05,0.5541,earnings_release → earnings_miss → guidance_cut,True,,
MDT_2016Q3_earnings,earnings_sp500_2016_2025,MDT,2016-07-24,earnings,up,neutral,False,13.4,0.0749,earnings_release → earnings_beat → sector_etf_movement → institutional_rebalance,True,,
SPGI_2016Q3_earnings,earnings_sp500_2016_2025,SPGI,2016-07-24,earnings,neutral,down,False,0.05,0.5541,earnings_release → earnings_miss → guidance_cut,True,,
AVGO_2016Q4_earnings,earnings_sp500_2016_2025,AVGO,2016-10-05,earnings,up,neutral,False,2.6,0.0749,earnings_release → earnings_beat → sector_etf_movement → institutional_rebalance,False,,
SQ_2016Q4_earnings,earnings_sp500_2016_2025,SQ,2016-10-05,earnings,down,down,True,0.58,0.5541,earnings_release → earnings_miss → guidance_cut,True,,
UPS_2016Q4_earnings,earnings_sp500_2016_2025,UPS,2016-10-05,earnings,neutral,down,False,0.14,0.5541,earnings_release → earnings_miss → guidance_cut,False,,
PM_2016Q4_earnings,earnings_sp500_2016_2025,PM,2016-10-06,earnings,neutral,down,False,0.01,0.5541,earnings_release → earnings_miss → guidance_cut,False,,
SNPS_2016Q4_earnings,earnings_sp500_2016_2025,SNPS,2016-10-06,earnings,neutral,down,False,0.07,0.5541,earnings_release → earnings_miss → guidance_cut,False,,
COIN_2016Q4_earnings,earnings_sp500_2016_2025,COIN,2016-10-07,earnings,up,neutral,False,10.43,0.0749,earnings_release → earnings_beat → sector_etf_movement → institutional_rebalance,True,,
PG_2016Q4_earnings,earnings_sp500_2016_2025,PG,2016-10-07,earnings,neutral,down,False,0.2,0.5541,earnings_release → earnings_miss → guidance_cut,False,,
RTX_2016Q4_earnings,earnings_sp500_2016_2025,RTX,2016-10-07,earnings,down,down,True,0.34,0.5541,earnings_release → earnings_miss → guidance_cut,False,,
TSLA_2016Q4_earnings,earnings_sp500_2016_2025,TSLA,2016-10-07,earnings,down,down,True,0.5,0.5541,earnings_release → earnings_miss → guidance_cut,False,,
V_2016Q4_earnings,earnings_sp500_2016_2025,V,2016-10-07,earnings,neutral,down,False,0.13,0.5541,earnings_release → earnings_miss → guidance_cut,False,,
AMAT_2016Q4_earnings,earnings_sp500_2016_2025,AMAT,2016-10-08,earnings,neutral,down,False,0.05,0.5541,earnings_release → earnings_miss → guidance_cut,True,,
BLK_2016Q4_earnings,earnings_sp500_2016_2025,BLK,2016-10-08,earnings,up,neutral,False,3.48,0.0749,earnings_release → earnings_beat → sector_etf_movement → institutional_rebalance,True,,
COST_2016Q4_earnings,earnings_sp500_2016_2025,COST,2016-10-08,earnings,neutral,down,False,0.14,0.5541,earnings_release → earnings_miss → guidance_cut,True,,
LOW_2016Q4_earnings,earnings_sp500_2016_2025,LOW,2016-10-08,earnings,down,down,True,1.73,0.5541,earnings_release → earnings_miss → guidance_cut,True,,
CVX_2016Q4_earnings,earnings_sp500_2016_2025,CVX,2016-10-09,earnings,neutral,down,False,0.23,0.5541,earnings_release → earnings_miss → guidance_cut,True,,
GS_2016Q4_earnings,earnings_sp500_2016_2025,GS,2016-10-09,earnings,neutral,down,False,0.05,0.5541,earnings_release → earnings_miss → guidance_cut,True,,
NFLX_2016Q4_earnings,earnings_sp500_2016_2025,NFLX,2016-10-09,earnings,neutral,down,False,0.23,0.5541,earnings_release → earnings_miss → guidance_cut,True,,
WFC_2016Q4_earnings,earnings_sp500_2016_2025,WFC,2016-10-09,earnings,neutral,down,False,0.05,0.5541,earnings_release → earnings_miss → guidance_cut,True,,
HD_2016Q4_earnings,earnings_sp500_2016_2025,HD,2016-10-10,earnings,neutral,down,False,0.19,0.5541,earnings_release → earnings_miss → guidance_cut,False,,
HON_2016Q4_earnings,earnings_sp500_2016_2025,HON,2016-10-10,earnings,neutral,down,False,0.03,0.5541,earnings_release → earnings_miss → guidance_cut,False,,
NVDA_2016Q4_earnings,earnings_sp500_2016_2025,NVDA,2016-10-10,earnings,neutral,down,False,0.09,0.5541,earnings_release → earnings_miss → guidance_cut,False,,
VZ_2016Q4_earnings,earnings_sp500_2016_2025,VZ,2016-10-10,earnings,neutral,down,False,0.12,0.5541,earnings_release → earnings_miss → guidance_cut,False,,
ZM_2016Q4_earnings,earnings_sp500_2016_2025,ZM,2016-10-10,earnings,up,neutral,False,4.47,0.0749,earnings_release → earnings_beat → sector_etf_movement → institutional_rebalance,True,,
DOCU_2016Q4_earnings,earnings_sp500_2016_2025,DOCU,2016-10-11,earnings,down,down,True,4.03,0.5541,earnings_release → earnings_miss → guidance_cut,True,,
IBM_2016Q4_earnings,earnings_sp500_2016_2025,IBM,2016-10-11,earnings,down,down,True,0.33,0.5541,earnings_release → earnings_miss → guidance_cut,False,,
MS_2016Q4_earnings,earnings_sp500_2016_2025,MS,2016-10-11,earnings,down,down,True,0.27,0.5541,earnings_release → earnings_miss → guidance_cut,False,,
PEP_2016Q4_earnings,earnings_sp500_2016_2025,PEP,2016-10-11,earnings,neutral,down,False,0.14,0.5541,earnings_release → earnings_miss → guidance_cut,False,,
PYPL_2016Q4_earnings,earnings_sp500_2016_2025,PYPL,2016-10-11,earnings,down,down,True,0.39,0.5541,earnings_release → earnings_miss → guidance_cut,False,,
ACN_2016Q4_earnings,earnings_sp500_2016_2025,ACN,2016-10-12,earnings,neutral,down,False,0.13,0.5541,earnings_release → earnings_miss → guidance_cut,False,,
WMT_2016Q4_earnings,earnings_sp500_2016_2025,WMT,2016-10-12,earnings,neutral,down,False,0.02,0.5541,earnings_release → earnings_miss → guidance_cut,False,,
AAPL_2016Q4_earnings,earnings_sp500_2016_2025,AAPL,2016-10-13,earnings,neutral,down,False,0.07,0.5541,earnings_release → earnings_miss → guidance_cut,False,,
AXP_2016Q4_earnings,earnings_sp500_2016_2025,AXP,2016-10-13,earnings,neutral,down,False,0.11,0.5541,earnings_release → earnings_miss → guidance_cut,False,,
ISRG_2016Q4_earnings,earnings_sp500_2016_2025,ISRG,2016-10-13,earnings,neutral,down,False,0.08,0.5541,earnings_release → earnings_miss → guidance_cut,False,,
ABNB_2016Q4_earnings,earnings_sp500_2016_2025,ABNB,2016-10-14,earnings,up,neutral,False,2.48,0.0749,earnings_release → earnings_beat → sector_etf_movement → institutional_rebalance,True,,
INTC_2016Q4_earnings,earnings_sp500_2016_2025,INTC,2016-10-14,earnings,up,neutral,False,1.29,0.0749,earnings_release → earnings_beat → sector_etf_movement → institutional_rebalance,False,,
NKE_2016Q4_earnings,earnings_sp500_2016_2025,NKE,2016-10-14,earnings,neutral,down,False,0.18,0.5541,earnings_release → earnings_miss → guidance_cut,False,,
ROKU_2016Q4_earnings,earnings_sp500_2016_2025,ROKU,2016-10-14,earnings,up,neutral,False,2.48,0.0749,earnings_release → earnings_beat → sector_etf_movement → institutional_rebalance,True,,
VRTX_2016Q4_earnings,earnings_sp500_2016_2025,VRTX,2016-10-14,earnings,down,down,True,0.38,0.5541,earnings_release → earnings_miss → guidance_cut,False,,
MSFT_2016Q4_earnings,earnings_sp500_2016_2025,MSFT,2016-10-15,earnings,down,down,True,1.96,0.5541,earnings_release → earnings_miss → guidance_cut,True,,
QCOM_2016Q4_earnings,earnings_sp500_2016_2025,QCOM,2016-10-15,earnings,down,down,True,1.04,0.5541,earnings_release → earnings_miss → guidance_cut,True,,
AMD_2016Q4_earnings,earnings_sp500_2016_2025,AMD,2016-10-16,earnings,down,down,True,3.11,0.5541,earnings_release → earnings_miss → guidance_cut,True,,
JNJ_2016Q4_earnings,earnings_sp500_2016_2025,JNJ,2016-10-16,earnings,up,neutral,False,8.44,0.0749,earnings_release → earnings_beat → sector_etf_movement → institutional_rebalance,True,,
LRCX_2016Q4_earnings,earnings_sp500_2016_2025,LRCX,2016-10-16,earnings,up,neutral,False,5.46,0.0749,earnings_release → earnings_beat → sector_etf_movement → institutional_rebalance,True,,
MCD_2016Q4_earnings,earnings_sp500_2016_2025,MCD,2016-10-16,earnings,down,down,True,1.5,0.5541,earnings_release → earnings_miss → guidance_cut,True,,
MRK_2016Q4_earnings,earnings_sp500_2016_2025,MRK,2016-10-16,earnings,up,neutral,False,14.4,0.0749,earnings_release → earnings_beat → sector_etf_movement → institutional_rebalance,True,,
XOM_2016Q4_earnings,earnings_sp500_2016_2025,XOM,2016-10-16,earnings,down,down,True,0.81,0.5541,earnings_release → earnings_miss → guidance_cut,True,,
ABBV_2016Q4_earnings,earnings_sp500_2016_2025,ABBV,2016-10-17,earnings,neutral,down,False,0.01,0.5541,earnings_release → earnings_miss → guidance_cut,False,,
CSCO_2016Q4_earnings,earnings_sp500_2016_2025,CSCO,2016-10-17,earnings,neutral,down,False,0.03,0.5541,earnings_release → earnings_miss → guidance_cut,False,,
DHR_2016Q4_earnings,earnings_sp500_2016_2025,DHR,2016-10-17,earnings,neutral,down,False,0.09,0.5541,earnings_release → earnings_miss → guidance_cut,False,,
UNH_2016Q4_earnings,earnings_sp500_2016_2025,UNH,2016-10-17,earnings,neutral,down,False,0.04,0.5541,earnings_release → earnings_miss → guidance_cut,False,,
BKNG_2016Q4_earnings,earnings_sp500_2016_2025,BKNG,2016-10-18,earnings,up,neutral,False,1.19,0.0749,earnings_release → earnings_beat → sector_etf_movement → institutional_rebalance,False,,
CMCSA_2016Q4_earnings,earnings_sp500_2016_2025,CMCSA,2016-10-18,earnings,neutral,down,False,0.05,0.5541,earnings_release → earnings_miss → guidance_cut,False,,
CRM_2016Q4_earnings,earnings_sp500_2016_2025,CRM,2016-10-18,earnings,neutral,down,False,0.02,0.5541,earnings_release → earnings_miss → guidance_cut,False,,
GE_2016Q4_earnings,earnings_sp500_2016_2025,GE,2016-10-18,earnings,neutral,down,False,0.1,0.5541,earnings_release → earnings_miss → guidance_cut,False,,
KO_2016Q4_earnings,earnings_sp500_2016_2025,KO,2016-10-18,earnings,neutral,down,False,0.21,0.5541,earnings_release → earnings_miss → guidance_cut,False,,
MDT_2016Q4_earnings,earnings_sp500_2016_2025,MDT,2016-10-18,earnings,up,neutral,False,1.18,0.0749,earnings_release → earnings_beat → sector_etf_movement → institutional_rebalance,False,,
META_2016Q4_earnings,earnings_sp500_2016_2025,META,2016-10-18,earnings,neutral,down,False,0.19,0.5541,earnings_release → earnings_miss → guidance_cut,False,,
REGN_2016Q4_earnings,earnings_sp500_2016_2025,REGN,2016-10-18,earnings,up,neutral,False,1.3,0.0749,earnings_release → earnings_beat → sector_etf_movement → institutional_rebalance,False,,
SHOP_2016Q4_earnings,earnings_sp500_2016_2025,SHOP,2016-10-18,earnings,up,neutral,False,1.08,0.0749,earnings_release → earnings_beat → sector_etf_movement → institutional_rebalance,False,,
TXN_2016Q4_earnings,earnings_sp500_2016_2025,TXN,2016-10-18,earnings,up,neutral,False,1.2,0.0749,earnings_release → earnings_beat → sector_etf_movement → institutional_rebalance,False,,
CDNS_2016Q4_earnings,earnings_sp500_2016_2025,CDNS,2016-10-19,earnings,neutral,down,False,0.09,0.5541,earnings_release → earnings_miss → guidance_cut,False,,
DIS_2016Q4_earnings,earnings_sp500_2016_2025,DIS,2016-10-19,earnings,neutral,down,False,0.19,0.5541,earnings_release → earnings_miss → guidance_cut,False,,
MA_2016Q4_earnings,earnings_sp500_2016_2025,MA,2016-10-19,earnings,neutral,down,False,0.23,0.5541,earnings_release → earnings_miss → guidance_cut,False,,
TMO_2016Q4_earnings,earnings_sp500_2016_2025,TMO,2016-10-19,earnings,neutral,down,False,0.02,0.5541,earnings_release → earnings_miss → guidance_cut,False,,
AMZN_2016Q4_earnings,earnings_sp500_2016_2025,AMZN,2016-10-20,earnings,neutral,down,False,0.21,0.5541,earnings_release → earnings_miss → guidance_cut,False,,
BRK.B_2016Q4_earnings,earnings_sp500_2016_2025,BRK.B,2016-10-20,earnings,neutral,down,False,0.06,0.5541,earnings_release → earnings_miss → guidance_cut,False,,
GILD_2016Q4_earnings,earnings_sp500_2016_2025,GILD,2016-10-20,earnings,up,neutral,False,1.31,0.0749,earnings_release → earnings_beat → sector_etf_movement → institutional_rebalance,False,,
PANW_2016Q4_earnings,earnings_sp500_2016_2025,PANW,2016-10-20,earnings,neutral,down,False,0.06,0.5541,earnings_release → earnings_miss → guidance_cut,False,,
SBUX_2016Q4_earnings,earnings_sp500_2016_2025,SBUX,2016-10-20,earnings,neutral,down,False,0.19,0.5541,earnings_release → earnings_miss → guidance_cut,False,,
ADI_2016Q4_earnings,earnings_sp500_2016_2025,ADI,2016-10-21,earnings,neutral,down,False,0.2,0.5541,earnings_release → earnings_miss → guidance_cut,False,,
ADBE_2016Q4_earnings,earnings_sp500_2016_2025,ADBE,2016-10-22,earnings,down,down,True,0.81,0.5541,earnings_release → earnings_miss → guidance_cut,True,,
CAT_2016Q4_earnings,earnings_sp500_2016_2025,CAT,2016-10-22,earnings,neutral,down,False,0.05,0.5541,earnings_release → earnings_miss → guidance_cut,True,,
SNAP_2016Q4_earnings,earnings_sp500_2016_2025,SNAP,2016-10-22,earnings,up,neutral,False,6.45,0.0749,earnings_release → earnings_beat → sector_etf_movement → institutional_rebalance,True,,
SPGI_2016Q4_earnings,earnings_sp500_2016_2025,SPGI,2016-10-22,earnings,up,neutral,False,4.47,0.0749,earnings_release → earnings_beat → sector_etf_movement → institutional_rebalance,True,,
ABT_2016Q4_earnings,earnings_sp500_2016_2025,ABT,2016-10-23,earnings,down,down,True,1.73,0.5541,earnings_release → earnings_miss → guidance_cut,True,,
BA_2016Q4_earnings,earnings_sp500_2016_2025,BA,2016-10-23,earnings,neutral,down,False,0.23,0.5541,earnings_release → earnings_miss → guidance_cut,True,,
GOOGL_2016Q4_earnings,earnings_sp500_2016_2025,GOOGL,2016-10-24,earnings,up,neutral,False,1.41,0.0749,earnings_release → earnings_beat → sector_etf_movement → institutional_rebalance,False,,
JPM_2016Q4_earnings,earnings_sp500_2016_2025,JPM,2016-10-24,earnings,neutral,down,False,0.13,0.5541,earnings_release → earnings_miss → guidance_cut,False,,
UBER_2016Q4_earnings,earnings_sp500_2016_2025,UBER,2016-10-24,earnings,up,neutral,False,5.46,0.0749,earnings_release → earnings_beat → sector_etf_movement → institutional_rebalance,True,,
UNP_2016Q4_earnings,earnings_sp500_2016_2025,UNP,2016-10-24,earnings,neutral,down,False,0.12,0.5541,earnings_release → earnings_miss → guidance_cut,False,,
DHR_2017Q1_earnings,earnings_sp500_2016_2025,DHR,2017-01-05,earnings,neutral,down,False,0.21,0.5541,earnings_release → earnings_miss → guidance_cut,False,,
JNJ_2017Q1_earnings,earnings_sp500_2016_2025,JNJ,2017-01-05,earnings,up,neutral,False,1.04,0.0749,earnings_release → earnings_beat → sector_etf_movement → institutional_rebalance,False,,
ROKU_2017Q1_earnings,earnings_sp500_2016_2025,ROKU,2017-01-05,earnings,neutral,down,False,0.23,0.5541,earnings_release → earnings_miss → guidance_cut,True,,
AMD_2017Q1_earnings,earnings_sp500_2016_2025,AMD,2017-01-06,earnings,neutral,down,False,0.16,0.5541,earnings_release → earnings_miss → guidance_cut,False,,
CSCO_2017Q1_earnings,earnings_sp500_2016_2025,CSCO,2017-01-06,earnings,neutral,down,False,0.05,0.5541,earnings_release → earnings_miss → guidance_cut,False,,
REGN_2017Q1_earnings,earnings_sp500_2016_2025,REGN,2017-01-06,earnings,down,down,True,1.35,0.5541,earnings_release → earnings_miss → guidance_cut,False,,
SNPS_2017Q1_earnings,earnings_sp500_2016_2025,SNPS,2017-01-06,earnings,neutral,down,False,0.08,0.5541,earnings_release → earnings_miss → guidance_cut,False,,
COIN_2017Q1_earnings,earnings_sp500_2016_2025,COIN,2017-01-07,earnings,neutral,down,False,0.23,0.5541,earnings_release → earnings_miss → guidance_cut,True,,
KO_2017Q1_earnings,earnings_sp500_2016_2025,KO,2017-01-07,earnings,neutral,down,False,0.14,0.5541,earnings_release → earnings_miss → guidance_cut,True,,
LOW_2017Q1_earnings,earnings_sp500_2016_2025,LOW,2017-01-07,earnings,neutral,down,False,0.14,0.5541,earnings_release → earnings_miss → guidance_cut,True,,
SBUX_2017Q1_earnings,earnings_sp500_2016_2025,SBUX,2017-01-07,earnings,neutral,down,False,0.05,0.5541,earnings_release → earnings_miss → guidance_cut,True,,
TXN_2017Q1_earnings,earnings_sp500_2016_2025,TXN,2017-01-07,earnings,up,neutral,False,3.48,0.0749,earnings_release → earnings_beat → sector_etf_movement → institutional_rebalance,True,,
XOM_2017Q1_earnings,earnings_sp500_2016_2025,XOM,2017-01-07,earnings,down,down,True,1.5,0.5541,earnings_release → earnings_miss → guidance_cut,True,,
ABNB_2017Q1_earnings,earnings_sp500_2016_2025,ABNB,2017-01-08,earnings,neutral,down,False,0.23,0.5541,earnings_release → earnings_miss → guidance_cut,True,,
GILD_2017Q1_earnings,earnings_sp500_2016_2025,GILD,2017-01-08,earnings,neutral,down,False,0.05,0.5541,earnings_release → earnings_miss → guidance_cut,True,,
PG_2017Q1_earnings,earnings_sp500_2016_2025,PG,2017-01-08,earnings,neutral,down,False,0.05,0.5541,earnings_release → earnings_miss → guidance_cut,True,,
ABBV_2017Q1_earnings,earnings_sp500_2016_2025,ABBV,2017-01-09,earnings,neutral,down,False,0.15,0.5541,earnings_release → earnings_miss → guidance_cut,False,,
CAT_2017Q1_earnings,earnings_sp500_2016_2025,CAT,2017-01-09,earnings,neutral,down,False,0.17,0.5541,earnings_release → earnings_miss → guidance_cut,False,,
HD_2017Q1_earnings,earnings_sp500_2016_2025,HD,2017-01-09,earnings,neutral,down,False,0.13,0.5541,earnings_release → earnings_miss → guidance_cut,False,,
IBM_2017Q1_earnings,earnings_sp500_2016_2025,IBM,2017-01-09,earnings,down,down,True,0.26,0.5541,earnings_release → earnings_miss → guidance_cut,False,,
TSLA_2017Q1_earnings,earnings_sp500_2016_2025,TSLA,2017-01-09,earnings,neutral,down,False,0.23,0.5541,earnings_release → earnings_miss → guidance_cut,False,,
UNP_2017Q1_earnings,earnings_sp500_2016_2025,UNP,2017-01-09,earnings,neutral,down,False,0.17,0.5541,earnings_release → earnings_miss → guidance_cut,False,,
VRTX_2017Q1_earnings,earnings_sp500_2016_2025,VRTX,2017-01-09,earnings,up,neutral,False,4.34,0.0749,earnings_release → earnings_beat → sector_etf_movement → institutional_rebalance,False,,
BRK.B_2017Q1_earnings,earnings_sp500_2016_2025,BRK.B,2017-01-10,earnings,neutral,down,False,0.08,0.5541,earnings_release → earnings_miss → guidance_cut,False,,
DOCU_2017Q1_earnings,earnings_sp500_2016_2025,DOCU,2017-01-10,earnings,up,neutral,False,5.46,0.0749,earnings_release → earnings_beat → sector_etf_movement → institutional_rebalance,True,,
PM_2017Q1_earnings,earnings_sp500_2016_2025,PM,2017-01-10,earnings,neutral,down,False,0.2,0.5541,earnings_release → earnings_miss → guidance_cut,False,,
V_2017Q1_earnings,earnings_sp500_2016_2025,V,2017-01-10,earnings,neutral,down,False,0.12,0.5541,earnings_release → earnings_miss → guidance_cut,False,,
NVDA_2017Q1_earnings,earnings_sp500_2016_2025,NVDA,2017-01-11,earnings,down,down,True,0.28,0.5541,earnings_release → earnings_miss → guidance_cut,False,,
SHOP_2017Q1_earnings,earnings_sp500_2016_2025,SHOP,2017-01-11,earnings,neutral,down,False,0.22,0.5541,earnings_release → earnings_miss → guidance_cut,False,,
AAPL_2017Q1_earnings,earnings_sp500_2016_2025,AAPL,2017-01-12,earnings,neutral,down,False,0.1,0.5541,earnings_release → earnings_miss → guidance_cut,False,,
CDNS_2017Q1_earnings,earnings_sp500_2016_2025,CDNS,2017-01-12,earnings,neutral,down,False,0.15,0.5541,earnings_release → earnings_miss → guidance_cut,False,,
MS_2017Q1_earnings,earnings_sp500_2016_2025,MS,2017-01-12,earnings,neutral,down,False,0.02,0.5541,earnings_release → earnings_miss → guidance_cut,False,,
NKE_2017Q1_earnings,earnings_sp500_2016_2025,NKE,2017-01-12,earnings,neutral,down,False,0.13,0.5541,earnings_release → earnings_miss → guidance_cut,False,,
BLK_2017Q1_earnings,earnings_sp500_2016_2025,BLK,2017-01-13,earnings,neutral,down,False,0.06,0.5541,earnings_release → earnings_miss → guidance_cut,False,,
PANW_2017Q1_earnings,earnings_sp500_2016_2025,PANW,2017-01-13,earnings,up,neutral,False,1.54,0.0749,earnings_release → earnings_beat → sector_etf_movement → institutional_rebalance,False,,
BKNG_2017Q1_earnings,earnings_sp500_2016_2025,BKNG,2017-01-14,earnings,neutral,down,False,0.14,0.5541,earnings_release → earnings_miss → guidance_cut,True,,
META_2017Q1_earnings,earnings_sp500_2016_2025,META,2017-01-14,earnings,neutral,down,False,0.14,0.5541,earnings_release → earnings_miss → guidance_cut,True,,
NFLX_2017Q1_earnings,earnings_sp500_2016_2025,NFLX,2017-01-14,earnings,down,down,True,4.49,0.5541,earnings_release → earnings_miss → guidance_cut,True,,
QCOM_2017Q1_earnings,earnings_sp500_2016_2025,QCOM,2017-01-14,earnings,up,neutral,False,13.4,0.0749,earnings_release → earnings_beat → sector_etf_movement → institutional_rebalance,True,,
SPGI_2017Q1_earnings,earnings_sp500_2016_2025,SPGI,2017-01-14,earnings,down,down,True,2.65,0.5541,earnings_release → earnings_miss → guidance_cut,True,,
TMO_2017Q1_earnings,earnings_sp500_2016_2025,TMO,2017-01-14,earnings,down,down,True,0.58,0.5541,earnings_release → earnings_miss → guidance_cut,True,,
UBER_2017Q1_earnings,earnings_sp500_2016_2025,UBER,2017-01-14,earnings,neutral,down,False,0.14,0.5541,earnings_release → earnings_miss → guidance_cut,True,,
WFC_2017Q1_earnings,earnings_sp500_2016_2025,WFC,2017-01-14,earnings,neutral,down,False,0.14,0.5541,earnings_release → earnings_miss → guidance_cut,True,,
CVX_2017Q1_earnings,earnings_sp500_2016_2025,CVX,2017-01-15,earnings,down,down,True,4.03,0.5541,earnings_release → earnings_miss → guidance_cut,True,,
HON_2017Q1_earnings,earnings_sp500_2016_2025,HON,2017-01-15,earnings,up,neutral,False,6.45,0.0749,earnings_release → earnings_beat → sector_etf_movement → institutional_rebalance,True,,
PYPL_2017Q1_earnings,earnings_sp500_2016_2025,PYPL,2017-01-15,earnings,down,down,True,3.11,0.5541,earnings_release → earnings_miss → guidance_cut,True,,
RTX_2017Q1_earnings,earnings_sp500_2016_2025,RTX,2017-01-15,earnings,neutral,down,False,0.23,0.5541,earnings_release → earnings_miss → guidance_cut,True,,
VZ_2017Q1_earnings,earnings_sp500_2016_2025,VZ,2017-01-15,earnings,neutral,down,False,0.05,0.5541,earnings_release → earnings_miss → guidance_cut,True,,
GOOGL_2017Q1_earnings,earnings_sp500_2016_2025,GOOGL,2017-01-16,earnings,down,down,True,2.19,0.5541,earnings_release → earnings_miss → guidance_cut,True,,
ISRG_2017Q1_earnings,earnings_sp500_2016_2025,ISRG,2017-01-16,earnings,down,down,True,2.65,0.5541,earnings_release → earnings_miss → guidance_cut,True,,
SQ_2017Q1_earnings,earnings_sp500_2016_2025,SQ,2017-01-16,earnings,down,down,True,3.11,0.5541,earnings_release → earnings_miss → guidance_cut,True,,
UNH_2017Q1_earnings,earnings_sp500_2016_2025,UNH,2017-01-16,earnings,up,neutral,False,4.47,0.0749,earnings_release → earnings_beat → sector_etf_movement → institutional_rebalance,True,,
CRM_2017Q1_earnings,earnings_sp500_2016_2025,CRM,2017-01-17,earnings,neutral,down,False,0.19,0.5541,earnings_release → earnings_miss → guidance_cut,False,,
WMT_2017Q1_earnings,earnings_sp500_2016_2025,WMT,2017-01-17,earnings,up,neutral,False,1.91,0.0749,earnings_release → earnings_beat → sector_etf_movement → institutional_rebalance,False,,
LRCX_2017Q1_earnings,earnings_sp500_2016_2025,LRCX,2017-01-18,earnings,up,neutral,False,1.95,0.0749,earnings_release → earnings_beat → sector_etf_movement → institutional_rebalance,False,,
SNAP_2017Q1_earnings,earnings_sp500_2016_2025,SNAP,2017-01-18,earnings,up,neutral,False,10.43,0.0749,earnings_release → earnings_beat → sector_etf_movement → institutional_rebalance,True,,
ACN_2017Q1_earnings,earnings_sp500_2016_2025,ACN,2017-01-19,earnings,neutral,down,False,0.09,0.5541,earnings_release → earnings_miss → guidance_cut,False,,
AMZN_2017Q1_earnings,earnings_sp500_2016_2025,AMZN,2017-01-19,earnings,neutral,down,False,0.04,0.5541,earnings_release → earnings_miss → guidance_cut,False,,
AVGO_2017Q1_earnings,earnings_sp500_2016_2025,AVGO,2017-01-19,earnings,neutral,down,False,0.07,0.5541,earnings_release → earnings_miss → guidance_cut,False,,
BA_2017Q1_earnings,earnings_sp500_2016_2025,BA,2017-01-19,earnings,neutral,down,False,0.1,0.5541,earnings_release → earnings_miss → guidance_cut,False,,
MDT_2017Q1_earnings,earnings_sp500_2016_2025,MDT,2017-01-20,earnings,neutral,down,False,0.09,0.5541,earnings_release → earnings_miss → guidance_cut,False,,
AMAT_2017Q1_earnings,earnings_sp500_2016_2025,AMAT,2017-01-21,earnings,down,down,True,2.88,0.5541,earnings_release → earnings_miss → guidance_cut,True,,
GE_2017Q1_earnings,earnings_sp500_2016_2025,GE,2017-01-21,earnings,neutral,down,False,0.14,0.5541,earnings_release → earnings_miss → guidance_cut,True,,
JPM_2017Q1_earnings,earnings_sp500_2016_2025,JPM,2017-01-21,earnings,down,down,True,0.58,0.5541,earnings_release → earnings_miss → guidance_cut,True,,
ADBE_2017Q1_earnings,earnings_sp500_2016_2025,ADBE,2017-01-22,earnings,neutral,down,False,0.14,0.5541,earnings_release → earnings_miss → guidance_cut,True,,
CMCSA_2017Q1_earnings,earnings_sp500_2016_2025,CMCSA,2017-01-22,earnings,up,neutral,False,13.4,0.0749,earnings_release → earnings_beat → sector_etf_movement → institutional_rebalance,True,,
GS_2017Q1_earnings,earnings_sp500_2016_2025,GS,2017-01-22,earnings,neutral,down,False,0.14,0.5541,earnings_release → earnings_miss → guidance_cut,True,,
UPS_2017Q1_earnings,earnings_sp500_2016_2025,UPS,2017-01-22,earnings,down,down,True,1.04,0.5541,earnings_release → earnings_miss → guidance_cut,True,,
ZM_2017Q1_earnings,earnings_sp500_2016_2025,ZM,2017-01-22,earnings,neutral,down,False,0.14,0.5541,earnings_release → earnings_miss → guidance_cut,True,,
AXP_2017Q1_earnings,earnings_sp500_2016_2025,AXP,2017-01-23,earnings,neutral,down,False,0.07,0.5541,earnings_release → earnings_miss → guidance_cut,False,,
MA_2017Q1_earnings,earnings_sp500_2016_2025,MA,2017-01-23,earnings,neutral,down,False,0.07,0.5541,earnings_release → earnings_miss → guidance_cut,False,,
MRK_2017Q1_earnings,earnings_sp500_2016_2025,MRK,2017-01-23,earnings,down,down,True,0.26,0.5541,earnings_release → earnings_miss → guidance_cut,False,,
ABT_2017Q1_earnings,earnings_sp500_2016_2025,ABT,2017-01-24,earnings,neutral,down,False,0.02,0.5541,earnings_release → earnings_miss → guidance_cut,False,,
ADI_2017Q1_earnings,earnings_sp500_2016_2025,ADI,2017-01-24,earnings,neutral,down,False,0.23,0.5541,earnings_release → earnings_miss → guidance_cut,False,,
COST_2017Q1_earnings,earnings_sp500_2016_2025,COST,2017-01-24,earnings,neutral,down,False,0.09,0.5541,earnings_release → earnings_miss → guidance_cut,False,,
DIS_2017Q1_earnings,earnings_sp500_2016_2025,DIS,2017-01-24,earnings,neutral,down,False,0.17,0.5541,earnings_release → earnings_miss → guidance_cut,False,,
INTC_2017Q1_earnings,earnings_sp500_2016_2025,INTC,2017-01-24,earnings,up,neutral,False,2.29,0.0749,earnings_release → earnings_beat → sector_etf_movement → institutional_rebalance,False,,
MCD_2017Q1_earnings,earnings_sp500_2016_2025,MCD,2017-01-24,earnings,neutral,down,False,0.06,0.5541,earnings_release → earnings_miss → guidance_cut,False,,
MSFT_2017Q1_earnings,earnings_sp500_2016_2025,MSFT,2017-01-24,earnings,neutral,down,False,0.21,0.5541,earnings_release → earnings_miss → guidance_cut,False,,
PEP_2017Q1_earnings,earnings_sp500_2016_2025,PEP,2017-01-24,earnings,neutral,down,False,0.15,0.5541,earnings_release → earnings_miss → guidance_cut,False,,
UBER_2017Q2_earnings,earnings_sp500_2016_2025,UBER,2017-04-05,earnings,neutral,down,False,0.14,0.5541,earnings_release → earnings_miss → guidance_cut,True,,
WFC_2017Q2_earnings,earnings_sp500_2016_2025,WFC,2017-04-05,earnings,neutral,down,False,0.09,0.5541,earnings_release → earnings_miss → guidance_cut,False,,
ABT_2017Q2_earnings,earnings_sp500_2016_2025,ABT,2017-04-06,earnings,neutral,down,False,0.07,0.5541,earnings_release → earnings_miss → guidance_cut,False,,
CRM_2017Q2_earnings,earnings_sp500_2016_2025,CRM,2017-04-06,earnings,neutral,down,False,0.09,0.5541,earnings_release → earnings_miss → guidance_cut,False,,
NKE_2017Q2_earnings,earnings_sp500_2016_2025,NKE,2017-04-06,earnings,neutral,down,False,0.07,0.5541,earnings_release → earnings_miss → guidance_cut,False,,
SBUX_2017Q2_earnings,earnings_sp500_2016_2025,SBUX,2017-04-06,earnings,neutral,down,False,0.12,0.5541,earnings_release → earnings_miss → guidance_cut,False,,
WMT_2017Q2_earnings,earnings_sp500_2016_2025,WMT,2017-04-06,earnings,neutral,down,False,0.07,0.5541,earnings_release → earnings_miss → guidance_cut,False,,
ABNB_2017Q2_earnings,earnings_sp500_2016_2025,ABNB,2017-04-07,earnings,neutral,down,False,0.14,0.5541,earnings_release → earnings_miss → guidance_cut,True,,
AMAT_2017Q2_earnings,earnings_sp500_2016_2025,AMAT,2017-04-07,earnings,neutral,down,False,0.21,0.5541,earnings_release → earnings_miss → guidance_cut,False,,
INTC_2017Q2_earnings,earnings_sp500_2016_2025,INTC,2017-04-07,earnings,neutral,down,False,0.0,0.5541,earnings_release → earnings_miss → guidance_cut,False,,
ROKU_2017Q2_earnings,earnings_sp500_2016_2025,ROKU,2017-04-08,earnings,down,down,True,2.42,0.5541,earnings_release → earnings_miss → guidance_cut,True,,
AAPL_2017Q2_earnings,earnings_sp500_2016_2025,AAPL,2017-04-09,earnings,neutral,down,False,0.14,0.5541,earnings_release → earnings_miss → guidance_cut,True,,
AMD_2017Q2_earnings,earnings_sp500_2016_2025,AMD,2017-04-09,earnings,neutral,down,False,0.14,0.5541,earnings_release → earnings_miss → guidance_cut,True,,
COIN_2017Q2_earnings,earnings_sp500_2016_2025,COIN,2017-04-09,earnings,down,down,True,0.81,0.5541,earnings_release → earnings_miss → guidance_cut,True,,
DOCU_2017Q2_earnings,earnings_sp500_2016_2025,DOCU,2017-04-09,earnings,down,down,True,1.73,0.5541,earnings_release → earnings_miss → guidance_cut,True,,
HON_2017Q2_earnings,earnings_sp500_2016_2025,HON,2017-04-10,earnings,neutral,down,False,0.03,0.5541,earnings_release → earnings_miss → guidance_cut,False,,
TXN_2017Q2_earnings,earnings_sp500_2016_2025,TXN,2017-04-10,earnings,neutral,down,False,0.12,0.5541,earnings_release → earnings_miss → guidance_cut,False,,
MDT_2017Q2_earnings,earnings_sp500_2016_2025,MDT,2017-04-11,earnings,neutral,down,False,0.04,0.5541,earnings_release → earnings_miss → guidance_cut,False,,
PM_2017Q2_earnings,earnings_sp500_2016_2025,PM,2017-04-11,earnings,neutral,down,False,0.08,0.5541,earnings_release → earnings_miss → guidance_cut,False,,
REGN_2017Q2_earnings,earnings_sp500_2016_2025,REGN,2017-04-11,earnings,down,down,True,0.38,0.5541,earnings_release → earnings_miss → guidance_cut,False,,
AXP_2017Q2_earnings,earnings_sp500_2016_2025,AXP,2017-04-12,earnings,neutral,down,False,0.17,0.5541,earnings_release → earnings_miss → guidance_cut,False,,
JNJ_2017Q2_earnings,earnings_sp500_2016_2025,JNJ,2017-04-12,earnings,neutral,down,False,0.22,0.5541,earnings_release → earnings_miss → guidance_cut,False,,
ADI_2017Q2_earnings,earnings_sp500_2016_2025,ADI,2017-04-13,earnings,neutral,down,False,0.11,0.5541,earnings_release → earnings_miss → guidance_cut,False,,
KO_2017Q2_earnings,earnings_sp500_2016_2025,KO,2017-04-13,earnings,neutral,down,False,0.08,0.5541,earnings_release → earnings_miss → guidance_cut,False,,
MA_2017Q2_earnings,earnings_sp500_2016_2025,MA,2017-04-13,earnings,neutral,down,False,0.05,0.5541,earnings_release → earnings_miss → guidance_cut,False,,
META_2017Q2_earnings,earnings_sp500_2016_2025,META,2017-04-13,earnings,neutral,down,False,0.03,0.5541,earnings_release → earnings_miss → guidance_cut,False,,
PEP_2017Q2_earnings,earnings_sp500_2016_2025,PEP,2017-04-13,earnings,neutral,down,False,0.19,0.5541,earnings_release → earnings_miss → guidance_cut,False,,
UNP_2017Q2_earnings,earnings_sp500_2016_2025,UNP,2017-04-13,earnings,neutral,down,False,0.17,0.5541,earnings_release → earnings_miss → guidance_cut,False,,
ZM_2017Q2_earnings,earnings_sp500_2016_2025,ZM,2017-04-13,earnings,up,neutral,False,8.44,0.0749,earnings_release → earnings_beat → sector_etf_movement → institutional_rebalance,True,,
CAT_2017Q2_earnings,earnings_sp500_2016_2025,CAT,2017-04-14,earnings,up,neutral,False,7.45,0.0749,earnings_release → earnings_beat → sector_etf_movement → institutional_rebalance,True,,
CVX_2017Q2_earnings,earnings_sp500_2016_2025,CVX,2017-04-14,earnings,neutral,down,False,0.05,0.5541,earnings_release → earnings_miss → guidance_cut,True,,
GOOGL_2017Q2_earnings,earnings_sp500_2016_2025,GOOGL,2017-04-14,earnings,up,neutral,False,5.46,0.0749,earnings_release → earnings_beat → sector_etf_movement → institutional_rebalance,True,,
IBM_2017Q2_earnings,earnings_sp500_2016_2025,IBM,2017-04-14,earnings,neutral,down,False,0.23,0.5541,earnings_release → earnings_miss → guidance_cut,True,,
SQ_2017Q2_earnings,earnings_sp500_2016_2025,SQ,2017-04-14,earnings,neutral,down,False,0.05,0.5541,earnings_release → earnings_miss → guidance_cut,True,,
CSCO_2017Q2_earnings,earnings_sp500_2016_2025,CSCO,2017-04-15,earnings,neutral,down,False,0.14,0.5541,earnings_release → earnings_miss → guidance_cut,True,,
TMO_2017Q2_earnings,earnings_sp500_2016_2025,TMO,2017-04-15,earnings,neutral,down,False,0.14,0.5541,earnings_release → earnings_miss → guidance_cut,True,,
CMCSA_2017Q2_earnings,earnings_sp500_2016_2025,CMCSA,2017-04-16,earnings,neutral,down,False,0.05,0.5541,earnings_release → earnings_miss → guidance_cut,True,,
GE_2017Q2_earnings,earnings_sp500_2016_2025,GE,2017-04-16,earnings,down,down,True,3.11,0.5541,earnings_release → earnings_miss → guidance_cut,True,,
GILD_2017Q2_earnings,earnings_sp500_2016_2025,GILD,2017-04-16,earnings,up,neutral,False,12.41,0.0749,earnings_release → earnings_beat → sector_etf_movement → institutional_rebalance,True,,
NVDA_2017Q2_earnings,earnings_sp500_2016_2025,NVDA,2017-04-16,earnings,neutral,down,False,0.05,0.5541,earnings_release → earnings_miss → guidance_cut,True,,
PG_2017Q2_earnings,earnings_sp500_2016_2025,PG,2017-04-16,earnings,up,neutral,False,10.43,0.0749,earnings_release → earnings_beat → sector_etf_movement → institutional_rebalance,True,,
PYPL_2017Q2_earnings,earnings_sp500_2016_2025,PYPL,2017-04-17,earnings,up,neutral,False,1.28,0.0749,earnings_release → earnings_beat → sector_etf_movement → institutional_rebalance,False,,
V_2017Q2_earnings,earnings_sp500_2016_2025,V,2017-04-17,earnings,up,neutral,False,1.05,0.0749,earnings_release → earnings_beat → sector_etf_movement → institutional_rebalance,False,,
ADBE_2017Q2_earnings,earnings_sp500_2016_2025,ADBE,2017-04-18,earnings,neutral,down,False,0.03,0.5541,earnings_release → earnings_miss → guidance_cut,False,,
NFLX_2017Q2_earnings,earnings_sp500_2016_2025,NFLX,2017-04-18,earnings,down,down,True,0.61,0.5541,earnings_release → earnings_miss → guidance_cut,False,,
SNAP_2017Q2_earnings,earnings_sp500_2016_2025,SNAP,2017-04-18,earnings,up,neutral,False,3.04,0.0749,earnings_release → earnings_beat → sector_etf_movement → institutional_rebalance,False,,
DIS_2017Q2_earnings,earnings_sp500_2016_2025,DIS,2017-04-19,earnings,neutral,down,False,0.09,0.5541,earnings_release → earnings_miss → guidance_cut,False,,
ISRG_2017Q2_earnings,earnings_sp500_2016_2025,ISRG,2017-04-19,earnings,up,neutral,False,6.32,0.0749,earnings_release → earnings_beat → sector_etf_movement → institutional_rebalance,False,,
JPM_2017Q2_earnings,earnings_sp500_2016_2025,JPM,2017-04-19,earnings,neutral,down,False,0.19,0.5541,earnings_release → earnings_miss → guidance_cut,False,,
PANW_2017Q2_earnings,earnings_sp500_2016_2025,PANW,2017-04-19,earnings,neutral,down,False,0.01,0.5541,earnings_release → earnings_miss → guidance_cut,False,,
SNPS_2017Q2_earnings,earnings_sp500_2016_2025,SNPS,2017-04-19,earnings,neutral,down,False,0.15,0.5541,earnings_release → earnings_miss → guidance_cut,False,,
UPS_2017Q2_earnings,earnings_sp500_2016_2025,UPS,2017-04-19,earnings,neutral,down,False,0.08,0.5541,earnings_release → earnings_miss → guidance_cut,False,,
AVGO_2017Q2_earnings,earnings_sp500_2016_2025,AVGO,2017-04-20,earnings,up,neutral,False,2.12,0.0749,earnings_release → earnings_beat → sector_etf_movement → institutional_rebalance,False,,
BKNG_2017Q2_earnings,earnings_sp500_2016_2025,BKNG,2017-04-20,earnings,neutral,down,False,0.03,0.5541,earnings_release → earnings_miss → guidance_cut,False,,
BLK_2017Q2_earnings,earnings_sp500_2016_2025,BLK,2017-04-20,earnings,up,neutral,False,1.18,0.0749,earnings_release → earnings_beat → sector_etf_movement → institutional_rebalance,False,,
GS_2017Q2_earnings,earnings_sp500_2016_2025,GS,2017-04-20,earnings,up,neutral,False,1.84,0.0749,earnings_release → earnings_beat → sector_etf_movement → institutional_rebalance,False,,
LRCX_2017Q2_earnings,earnings_sp500_2016_2025,LRCX,2017-04-20,earnings,up,neutral,False,2.32,0.0749,earnings_release → earnings_beat → sector_etf_movement → institutional_rebalance,False,,
VZ_2017Q2_earnings,earnings_sp500_2016_2025,VZ,2017-04-20,earnings,down,down,True,0.25,0.5541,earnings_release → earnings_miss → guidance_cut,False,,
ABBV_2017Q2_earnings,earnings_sp500_2016_2025,ABBV,2017-04-21,earnings,neutral,down,False,0.01,0.5541,earnings_release → earnings_miss → guidance_cut,False,,
CDNS_2017Q2_earnings,earnings_sp500_2016_2025,CDNS,2017-04-21,earnings,neutral,down,False,0.08,0.5541,earnings_release → earnings_miss → guidance_cut,False,,
DHR_2017Q2_earnings,earnings_sp500_2016_2025,DHR,2017-04-21,earnings,down,down,True,0.33,0.5541,earnings_release → earnings_miss → guidance_cut,False,,
MCD_2017Q2_earnings,earnings_sp500_2016_2025,MCD,2017-04-21,earnings,neutral,down,False,0.03,0.5541,earnings_release → earnings_miss → guidance_cut,False,,
QCOM_2017Q2_earnings,earnings_sp500_2016_2025,QCOM,2017-04-21,earnings,neutral,down,False,0.07,0.5541,earnings_release → earnings_miss → guidance_cut,False,,
TSLA_2017Q2_earnings,earnings_sp500_2016_2025,TSLA,2017-04-21,earnings,up,neutral,False,1.01,0.0749,earnings_release → earnings_beat → sector_etf_movement → institutional_rebalance,False,,
UNH_2017Q2_earnings,earnings_sp500_2016_2025,UNH,2017-04-21,earnings,neutral,down,False,0.05,0.5541,earnings_release → earnings_miss → guidance_cut,False,,
VRTX_2017Q2_earnings,earnings_sp500_2016_2025,VRTX,2017-04-21,earnings,neutral,down,False,0.11,0.5541,earnings_release → earnings_miss → guidance_cut,False,,
ACN_2017Q2_earnings,earnings_sp500_2016_2025,ACN,2017-04-22,earnings,up,neutral,False,3.48,0.0749,earnings_release → earnings_beat → sector_etf_movement → institutional_rebalance,True,,
MRK_2017Q2_earnings,earnings_sp500_2016_2025,MRK,2017-04-22,earnings,up,neutral,False,8.44,0.0749,earnings_release → earnings_beat → sector_etf_movement → institutional_rebalance,True,,
MSFT_2017Q2_earnings,earnings_sp500_2016_2025,MSFT,2017-04-22,earnings,neutral,down,False,0.05,0.5541,earnings_release → earnings_miss → guidance_cut,True,,
RTX_2017Q2_earnings,earnings_sp500_2016_2025,RTX,2017-04-22,earnings,up,neutral,False,6.45,0.0749,earnings_release → earnings_beat → sector_etf_movement → institutional_rebalance,True,,
SPGI_2017Q2_earnings,earnings_sp500_2016_2025,SPGI,2017-04-22,earnings,neutral,down,False,0.14,0.5541,earnings_release → earnings_miss → guidance_cut,True,,
AMZN_2017Q2_earnings,earnings_sp500_2016_2025,AMZN,2017-04-23,earnings,neutral,down,False,0.14,0.5541,earnings_release → earnings_miss → guidance_cut,True,,
BA_2017Q2_earnings,earnings_sp500_2016_2025,BA,2017-04-23,earnings,up,neutral,False,10.43,0.0749,earnings_release → earnings_beat → sector_etf_movement → institutional_rebalance,True,,
BRK.B_2017Q2_earnings,earnings_sp500_2016_2025,BRK.B,2017-04-23,earnings,neutral,down,False,0.14,0.5541,earnings_release → earnings_miss → guidance_cut,True,,
COST_2017Q2_earnings,earnings_sp500_2016_2025,COST,2017-04-23,earnings,neutral,down,False,0.05,0.5541,earnings_release → earnings_miss → guidance_cut,True,,
LOW_2017Q2_earnings,earnings_sp500_2016_2025,LOW,2017-04-23,earnings,neutral,down,False,0.05,0.5541,earnings_release → earnings_miss → guidance_cut,True,,
XOM_2017Q2_earnings,earnings_sp500_2016_2025,XOM,2017-04-23,earnings,up,neutral,False,7.45,0.0749,earnings_release → earnings_beat → sector_etf_movement → institutional_rebalance,True,,
HD_2017Q2_earnings,earnings_sp500_2016_2025,HD,2017-04-24,earnings,up,neutral,False,1.25,0.0749,earnings_release → earnings_beat → sector_etf_movement → institutional_rebalance,False,,
MS_2017Q2_earnings,earnings_sp500_2016_2025,MS,2017-04-24,earnings,up,neutral,False,4.18,0.0749,earnings_release → earnings_beat → sector_etf_movement → institutional_rebalance,False,,
SHOP_2017Q2_earnings,earnings_sp500_2016_2025,SHOP,2017-04-24,earnings,neutral,down,False,0.17,0.5541,earnings_release → earnings_miss → guidance_cut,False,,
CDNS_2017Q3_earnings,earnings_sp500_2016_2025,CDNS,2017-07-05,earnings,neutral,down,False,0.14,0.5541,earnings_release → earnings_miss → guidance_cut,False,,
GS_2017Q3_earnings,earnings_sp500_2016_2025,GS,2017-07-05,earnings,neutral,down,False,0.08,0.5541,earnings_release → earnings_miss → guidance_cut,False,,
LOW_2017Q3_earnings,earnings_sp500_2016_2025,LOW,2017-07-05,earnings,down,down,True,0.26,0.5541,earnings_release → earnings_miss → guidance_cut,False,,
MS_2017Q3_earnings,earnings_sp500_2016_2025,MS,2017-07-05,earnings,up,neutral,False,1.2,0.0749,earnings_release → earnings_beat → sector_etf_movement → institutional_rebalance,False,,
TMO_2017Q3_earnings,earnings_sp500_2016_2025,TMO,2017-07-05,earnings,neutral,down,False,0.18,0.5541,earnings_release → earnings_miss → guidance_cut,False,,
UNH_2017Q3_earnings,earnings_sp500_2016_2025,UNH,2017-07-05,earnings,neutral,down,False,0.2,0.5541,earnings_release → earnings_miss → guidance_cut,False,,
ZM_2017Q3_earnings,earnings_sp500_2016_2025,ZM,2017-07-05,earnings,up,neutral,False,8.44,0.0749,earnings_release → earnings_beat → sector_etf_movement → institutional_rebalance,True,,
AXP_2017Q3_earnings,earnings_sp500_2016_2025,AXP,2017-07-06,earnings,down,down,True,0.31,0.5541,earnings_release → earnings_miss → guidance_cut,False,,
GE_2017Q3_earnings,earnings_sp500_2016_2025,GE,2017-07-06,earnings,down,down,True,0.88,0.5541,earnings_release → earnings_miss → guidance_cut,False,,
SNPS_2017Q3_earnings,earnings_sp500_2016_2025,SNPS,2017-07-06,earnings,neutral,down,False,0.07,0.5541,earnings_release → earnings_miss → guidance_cut,False,,
VRTX_2017Q3_earnings,earnings_sp500_2016_2025,VRTX,2017-07-06,earnings,neutral,down,False,0.1,0.5541,earnings_release → earnings_miss → guidance_cut,False,,
XOM_2017Q3_earnings,earnings_sp500_2016_2025,XOM,2017-07-06,earnings,neutral,down,False,0.21,0.5541,earnings_release → earnings_miss → guidance_cut,False,,
AAPL_2017Q3_earnings,earnings_sp500_2016_2025,AAPL,2017-07-07,earnings,up,neutral,False,1.01,0.0749,earnings_release → earnings_beat → sector_etf_movement → institutional_rebalance,False,,
GILD_2017Q3_earnings,earnings_sp500_2016_2025,GILD,2017-07-07,earnings,neutral,down,False,0.08,0.5541,earnings_release → earnings_miss → guidance_cut,False,,
KO_2017Q3_earnings,earnings_sp500_2016_2025,KO,2017-07-07,earnings,neutral,down,False,0.0,0.5541,earnings_release → earnings_miss → guidance_cut,False,,
QCOM_2017Q3_earnings,earnings_sp500_2016_2025,QCOM,2017-07-07,earnings,up,neutral,False,1.01,0.0749,earnings_release → earnings_beat → sector_etf_movement → institutional_rebalance,False,,
ABT_2017Q3_earnings,earnings_sp500_2016_2025,ABT,2017-07-08,earnings,down,down,True,3.34,0.5541,earnings_release → earnings_miss → guidance_cut,True,,
ADBE_2017Q3_earnings,earnings_sp500_2016_2025,ADBE,2017-07-08,earnings,down,down,True,4.49,0.5541,earnings_release → earnings_miss → guidance_cut,True,,
DOCU_2017Q3_earnings,earnings_sp500_2016_2025,DOCU,2017-07-08,earnings,up,neutral,False,8.44,0.0749,earnings_release → earnings_beat → sector_etf_movement → institutional_rebalance,True,,
MCD_2017Q3_earnings,earnings_sp500_2016_2025,MCD,2017-07-08,earnings,neutral,down,False,0.14,0.5541,earnings_release → earnings_miss → guidance_cut,True,,
META_2017Q3_earnings,earnings_sp500_2016_2025,META,2017-07-08,earnings,up,neutral,False,11.42,0.0749,earnings_release → earnings_beat → sector_etf_movement → institutional_rebalance,True,,
WMT_2017Q3_earnings,earnings_sp500_2016_2025,WMT,2017-07-08,earnings,up,neutral,False,7.45,0.0749,earnings_release → earnings_beat → sector_etf_movement → institutional_rebalance,True,,
MDT_2017Q3_earnings,earnings_sp500_2016_2025,MDT,2017-07-09,earnings,down,down,True,4.26,0.5541,earnings_release → earnings_miss → guidance_cut,True,,
NFLX_2017Q3_earnings,earnings_sp500_2016_2025,NFLX,2017-07-09,earnings,up,neutral,False,1.49,0.0749,earnings_release → earnings_beat → sector_etf_movement → institutional_rebalance,True,,
TXN_2017Q3_earnings,earnings_sp500_2016_2025,TXN,2017-07-09,earnings,up,neutral,False,8.44,0.0749,earnings_release → earnings_beat → sector_etf_movement → institutional_rebalance,True,,
COIN_2017Q3_earnings,earnings_sp500_2016_2025,COIN,2017-07-10,earnings,neutral,down,False,0.14,0.5541,earnings_release → earnings_miss → guidance_cut,True,,
GOOGL_2017Q3_earnings,earnings_sp500_2016_2025,GOOGL,2017-07-10,earnings,up,neutral,False,1.07,0.0749,earnings_release → earnings_beat → sector_etf_movement → institutional_rebalance,False,,
PANW_2017Q3_earnings,earnings_sp500_2016_2025,PANW,2017-07-10,earnings,up,neutral,False,1.03,0.0749,earnings_release → earnings_beat → sector_etf_movement → institutional_rebalance,False,,
PEP_2017Q3_earnings,earnings_sp500_2016_2025,PEP,2017-07-10,earnings,down,down,True,0.25,0.5541,earnings_release → earnings_miss → guidance_cut,False,,
PM_2017Q3_earnings,earnings_sp500_2016_2025,PM,2017-07-10,earnings,neutral,down,False,0.05,0.5541,earnings_release → earnings_miss → guidance_cut,False,,
RTX_2017Q3_earnings,earnings_sp500_2016_2025,RTX,2017-07-10,earnings,neutral,down,False,0.09,0.5541,earnings_release → earnings_miss → guidance_cut,False,,
CMCSA_2017Q3_earnings,earnings_sp500_2016_2025,CMCSA,2017-07-11,earnings,neutral,down,False,0.01,0.5541,earnings_release → earnings_miss → guidance_cut,False,,
DIS_2017Q3_earnings,earnings_sp500_2016_2025,DIS,2017-07-11,earnings,neutral,down,False,0.06,0.5541,earnings_release → earnings_miss → guidance_cut,False,,
LRCX_2017Q3_earnings,earnings_sp500_2016_2025,LRCX,2017-07-11,earnings,up,neutral,False,1.9,0.0749,earnings_release → earnings_beat → sector_etf_movement → institutional_rebalance,False,,
NKE_2017Q3_earnings,earnings_sp500_2016_2025,NKE,2017-07-11,earnings,neutral,down,False,0.22,0.5541,earnings_release → earnings_miss → guidance_cut,False,,
WFC_2017Q3_earnings,earnings_sp500_2016_2025,WFC,2017-07-11,earnings,neutral,down,False,0.23,0.5541,earnings_release → earnings_miss → guidance_cut,False,,
ABNB_2017Q3_earnings,earnings_sp500_2016_2025,ABNB,2017-07-12,earnings,neutral,down,False,0.14,0.5541,earnings_release → earnings_miss → guidance_cut,True,,
DHR_2017Q3_earnings,earnings_sp500_2016_2025,DHR,2017-07-12,earnings,neutral,down,False,0.11,0.5541,earnings_release → earnings_miss → guidance_cut,False,,
SHOP_2017Q3_earnings,earnings_sp500_2016_2025,SHOP,2017-07-12,earnings,up,neutral,False,3.68,0.0749,earnings_release → earnings_beat → sector_etf_movement → institutional_rebalance,False,,
UBER_2017Q3_earnings,earnings_sp500_2016_2025,UBER,2017-07-12,earnings,up,neutral,False,9.43,0.0749,earnings_release → earnings_beat → sector_etf_movement → institutional_rebalance,True,,
V_2017Q3_earnings,earnings_sp500_2016_2025,V,2017-07-12,earnings,neutral,down,False,0.19,0.5541,earnings_release → earnings_miss → guidance_cut,False,,
BLK_2017Q3_earnings,earnings_sp500_2016_2025,BLK,2017-07-13,earnings,neutral,down,False,0.14,0.5541,earnings_release → earnings_miss → guidance_cut,False,,
PG_2017Q3_earnings,earnings_sp500_2016_2025,PG,2017-07-13,earnings,neutral,down,False,0.07,0.5541,earnings_release → earnings_miss → guidance_cut,False,,
AMZN_2017Q3_earnings,earnings_sp500_2016_2025,AMZN,2017-07-14,earnings,neutral,down,False,0.03,0.5541,earnings_release → earnings_miss → guidance_cut,False,,
ACN_2017Q3_earnings,earnings_sp500_2016_2025,ACN,2017-07-15,earnings,up,neutral,False,14.4,0.0749,earnings_release → earnings_beat → sector_etf_movement → institutional_rebalance,True,,
AMAT_2017Q3_earnings,earnings_sp500_2016_2025,AMAT,2017-07-15,earnings,neutral,down,False,0.05,0.5541,earnings_release → earnings_miss → guidance_cut,True,,
AMD_2017Q3_earnings,earnings_sp500_2016_2025,AMD,2017-07-15,earnings,up,neutral,False,12.41,0.0749,earnings_release → earnings_beat → sector_etf_movement → institutional_rebalance,True,,
HON_2017Q3_earnings,earnings_sp500_2016_2025,HON,2017-07-15,earnings,neutral,down,False,0.14,0.5541,earnings_release → earnings_miss → guidance_cut,True,,
UPS_2017Q3_earnings,earnings_sp500_2016_2025,UPS,2017-07-15,earnings,up,neutral,False,11.42,0.0749,earnings_release → earnings_beat → sector_etf_movement → institutional_rebalance,True,,
VZ_2017Q3_earnings,earnings_sp500_2016_2025,VZ,2017-07-15,earnings,neutral,down,False,0.14,0.5541,earnings_release → earnings_miss → guidance_cut,True,,
CSCO_2017Q3_earnings,earnings_sp500_2016_2025,CSCO,2017-07-16,earnings,neutral,down,False,0.05,0.5541,earnings_release → earnings_miss → guidance_cut,True,,
CVX_2017Q3_earnings,earnings_sp500_2016_2025,CVX,2017-07-16,earnings,neutral,down,False,0.05,0.5541,earnings_release → earnings_miss → guidance_cut,True,,
ISRG_2017Q3_earnings,earnings_sp500_2016_2025,ISRG,2017-07-16,earnings,down,down,True,3.57,0.5541,earnings_release → earnings_miss → guidance_cut,True,,
SBUX_2017Q3_earnings,earnings_sp500_2016_2025,SBUX,2017-07-16,earnings,up,neutral,False,10.43,0.0749,earnings_release → earnings_beat → sector_etf_movement → institutional_rebalance,True,,
BKNG_2017Q3_earnings,earnings_sp500_2016_2025,BKNG,2017-07-17,earnings,neutral,down,False,0.06,0.5541,earnings_release → earnings_miss → guidance_cut,False,,
BRK.B_2017Q3_earnings,earnings_sp500_2016_2025,BRK.B,2017-07-17,earnings,neutral,down,False,0.09,0.5541,earnings_release → earnings_miss → guidance_cut,False,,
CRM_2017Q3_earnings,earnings_sp500_2016_2025,CRM,2017-07-17,earnings,neutral,down,False,0.18,0.5541,earnings_release → earnings_miss → guidance_cut,False,,
INTC_2017Q3_earnings,earnings_sp500_2016_2025,INTC,2017-07-17,earnings,neutral,down,False,0.14,0.5541,earnings_release → earnings_miss → guidance_cut,False,,
JNJ_2017Q3_earnings,earnings_sp500_2016_2025,JNJ,2017-07-17,earnings,neutral,down,False,0.08,0.5541,earnings_release → earnings_miss → guidance_cut,False,,
REGN_2017Q3_earnings,earnings_sp500_2016_2025,REGN,2017-07-17,earnings,down,down,True,0.31,0.5541,earnings_release → earnings_miss → guidance_cut,False,,
TSLA_2017Q3_earnings,earnings_sp500_2016_2025,TSLA,2017-07-17,earnings,down,down,True,0.58,0.5541,earnings_release → earnings_miss → guidance_cut,False,,
ABBV_2017Q3_earnings,earnings_sp500_2016_2025,ABBV,2017-07-18,earnings,neutral,down,False,0.15,0.5541,earnings_release → earnings_miss → guidance_cut,False,,
AVGO_2017Q3_earnings,earnings_sp500_2016_2025,AVGO,2017-07-18,earnings,neutral,down,False,0.17,0.5541,earnings_release → earnings_miss → guidance_cut,False,,
HD_2017Q3_earnings,earnings_sp500_2016_2025,HD,2017-07-18,earnings,down,down,True,0.26,0.5541,earnings_release → earnings_miss → guidance_cut,False,,
NVDA_2017Q3_earnings,earnings_sp500_2016_2025,NVDA,2017-07-18,earnings,up,neutral,False,1.03,0.0749,earnings_release → earnings_beat → sector_etf_movement → institutional_rebalance,False,,
UNP_2017Q3_earnings,earnings_sp500_2016_2025,UNP,2017-07-18,earnings,neutral,down,False,0.04,0.5541,earnings_release → earnings_miss → guidance_cut,False,,
COST_2017Q3_earnings,earnings_sp500_2016_2025,COST,2017-07-19,earnings,neutral,down,False,0.04,0.5541,earnings_release → earnings_miss → guidance_cut,False,,
PYPL_2017Q3_earnings,earnings_sp500_2016_2025,PYPL,2017-07-19,earnings,down,down,True,0.24,0.5541,earnings_release → earnings_miss → guidance_cut,False,,
MA_2017Q3_earnings,earnings_sp500_2016_2025,MA,2017-07-20,earnings,neutral,down,False,0.08,0.5541,earnings_release → earnings_miss → guidance_cut,False,,
MSFT_2017Q3_earnings,earnings_sp500_2016_2025,MSFT,2017-07-20,earnings,neutral,down,False,0.11,0.5541,earnings_release → earnings_miss → guidance_cut,False,,
BA_2017Q3_earnings,earnings_sp500_2016_2025,BA,2017-07-21,earnings,neutral,down,False,0.2,0.5541,earnings_release → earnings_miss → guidance_cut,False,,
IBM_2017Q3_earnings,earnings_sp500_2016_2025,IBM,2017-07-21,earnings,neutral,down,False,0.09,0.5541,earnings_release → earnings_miss → guidance_cut,False,,
ROKU_2017Q3_earnings,earnings_sp500_2016_2025,ROKU,2017-07-23,earnings,neutral,down,False,0.14,0.5541,earnings_release → earnings_miss → guidance_cut,True,,
SNAP_2017Q3_earnings,earnings_sp500_2016_2025,SNAP,2017-07-23,earnings,neutral,down,False,0.14,0.5541,earnings_release → earnings_miss → guidance_cut,True,,
SPGI_2017Q3_earnings,earnings_sp500_2016_2025,SPGI,2017-07-23,earnings,down,down,True,1.5,0.5541,earnings_release → earnings_miss → guidance_cut,True,,
SQ_2017Q3_earnings,earnings_sp500_2016_2025,SQ,2017-07-23,earnings,down,down,True,2.42,0.5541,earnings_release → earnings_miss → guidance_cut,True,,
ADI_2017Q3_earnings,earnings_sp500_2016_2025,ADI,2017-07-24,earnings,neutral,down,False,0.06,0.5541,earnings_release → earnings_miss → guidance_cut,False,,
CAT_2017Q3_earnings,earnings_sp500_2016_2025,CAT,2017-07-24,earnings,up,neutral,False,1.48,0.0749,earnings_release → earnings_beat → sector_etf_movement → institutional_rebalance,False,,
JPM_2017Q3_earnings,earnings_sp500_2016_2025,JPM,2017-07-24,earnings,neutral,down,False,0.1,0.5541,earnings_release → earnings_miss → guidance_cut,False,,
MRK_2017Q3_earnings,earnings_sp500_2016_2025,MRK,2017-07-24,earnings,neutral,down,False,0.02,0.5541,earnings_release → earnings_miss → guidance_cut,False,,
BKNG_2017Q4_earnings,earnings_sp500_2016_2025,BKNG,2017-10-05,earnings,up,neutral,False,1.1,0.0749,earnings_release → earnings_beat → sector_etf_movement → institutional_rebalance,False,,
CAT_2017Q4_earnings,earnings_sp500_2016_2025,CAT,2017-10-05,earnings,neutral,down,False,0.06,0.5541,earnings_release → earnings_miss → guidance_cut,False,,
COIN_2017Q4_earnings,earnings_sp500_2016_2025,COIN,2017-10-05,earnings,down,down,True,2.88,0.5541,earnings_release → earnings_miss → guidance_cut,True,,
ISRG_2017Q4_earnings,earnings_sp500_2016_2025,ISRG,2017-10-05,earnings,neutral,down,False,0.1,0.5541,earnings_release → earnings_miss → guidance_cut,False,,
ROKU_2017Q4_earnings,earnings_sp500_2016_2025,ROKU,2017-10-05,earnings,up,neutral,False,5.52,0.0749,earnings_release → earnings_beat → sector_etf_movement → institutional_rebalance,False,,
ADBE_2017Q4_earnings,earnings_sp500_2016_2025,ADBE,2017-10-06,earnings,neutral,down,False,0.13,0.5541,earnings_release → earnings_miss → guidance_cut,False,,
AMAT_2017Q4_earnings,earnings_sp500_2016_2025,AMAT,2017-10-06,earnings,up,neutral,False,1.88,0.0749,earnings_release → earnings_beat → sector_etf_movement → institutional_rebalance,False,,
AMD_2017Q4_earnings,earnings_sp500_2016_2025,AMD,2017-10-06,earnings,neutral,down,False,0.19,0.5541,earnings_release → earnings_miss → guidance_cut,False,,
MDT_2017Q4_earnings,earnings_sp500_2016_2025,MDT,2017-10-06,earnings,neutral,down,False,0.09,0.5541,earnings_release → earnings_miss → guidance_cut,False,,
ACN_2017Q4_earnings,earnings_sp500_2016_2025,ACN,2017-10-07,earnings,down,down,True,2.42,0.5541,earnings_release → earnings_miss → guidance_cut,True,,
ADI_2017Q4_earnings,earnings_sp500_2016_2025,ADI,2017-10-07,earnings,up,neutral,False,3.48,0.0749,earnings_release → earnings_beat → sector_etf_movement → institutional_rebalance,True,,
MRK_2017Q4_earnings,earnings_sp500_2016_2025,MRK,2017-10-07,earnings,neutral,down,False,0.05,0.5541,earnings_release → earnings_miss → guidance_cut,True,,
PYPL_2017Q4_earnings,earnings_sp500_2016_2025,PYPL,2017-10-07,earnings,up,neutral,False,13.4,0.0749,earnings_release → earnings_beat → sector_etf_movement → institutional_rebalance,True,,
TSLA_2017Q4_earnings,earnings_sp500_2016_2025,TSLA,2017-10-07,earnings,down,down,True,1.96,0.5541,earnings_release → earnings_miss → guidance_cut,True,,
ABNB_2017Q4_earnings,earnings_sp500_2016_2025,ABNB,2017-10-08,earnings,neutral,down,False,0.14,0.5541,earnings_release → earnings_miss → guidance_cut,True,,
CDNS_2017Q4_earnings,earnings_sp500_2016_2025,CDNS,2017-10-08,earnings,neutral,down,False,0.23,0.5541,earnings_release → earnings_miss → guidance_cut,True,,
NVDA_2017Q4_earnings,earnings_sp500_2016_2025,NVDA,2017-10-08,earnings,neutral,down,False,0.23,0.5541,earnings_release → earnings_miss → guidance_cut,True,,
REGN_2017Q4_earnings,earnings_sp500_2016_2025,REGN,2017-10-08,earnings,neutral,down,False,0.05,0.5541,earnings_release → earnings_miss → guidance_cut,True,,
SBUX_2017Q4_earnings,earnings_sp500_2016_2025,SBUX,2017-10-08,earnings,down,down,True,0.58,0.5541,earnings_release → earnings_miss → guidance_cut,True,,
SPGI_2017Q4_earnings,earnings_sp500_2016_2025,SPGI,2017-10-08,earnings,down,down,True,1.04,0.5541,earnings_release → earnings_miss → guidance_cut,True,,
SQ_2017Q4_earnings,earnings_sp500_2016_2025,SQ,2017-10-08,earnings,up,neutral,False,7.45,0.0749,earnings_release → earnings_beat → sector_etf_movement → institutional_rebalance,True,,
UNH_2017Q4_earnings,earnings_sp500_2016_2025,UNH,2017-10-08,earnings,neutral,down,False,0.14,0.5541,earnings_release → earnings_miss → guidance_cut,True,,
UPS_2017Q4_earnings,earnings_sp500_2016_2025,UPS,2017-10-08,earnings,up,neutral,False,4.47,0.0749,earnings_release → earnings_beat → sector_etf_movement → institutional_rebalance,True,,
NKE_2017Q4_earnings,earnings_sp500_2016_2025,NKE,2017-10-09,earnings,down,down,True,0.4,0.5541,earnings_release → earnings_miss → guidance_cut,False,,
HON_2017Q4_earnings,earnings_sp500_2016_2025,HON,2017-10-10,earnings,neutral,down,False,0.05,0.5541,earnings_release → earnings_miss → guidance_cut,False,,
JNJ_2017Q4_earnings,earnings_sp500_2016_2025,JNJ,2017-10-10,earnings,neutral,down,False,0.08,0.5541,earnings_release → earnings_miss → guidance_cut,False,,
PEP_2017Q4_earnings,earnings_sp500_2016_2025,PEP,2017-10-10,earnings,neutral,down,False,0.16,0.5541,earnings_release → earnings_miss → guidance_cut,False,,
UNP_2017Q4_earnings,earnings_sp500_2016_2025,UNP,2017-10-10,earnings,down,down,True,0.25,0.5541,earnings_release → earnings_miss → guidance_cut,False,,
AVGO_2017Q4_earnings,earnings_sp500_2016_2025,AVGO,2017-10-11,earnings,up,neutral,False,1.78,0.0749,earnings_release → earnings_beat → sector_etf_movement → institutional_rebalance,False,,
MSFT_2017Q4_earnings,earnings_sp500_2016_2025,MSFT,2017-10-11,earnings,neutral,down,False,0.04,0.5541,earnings_release → earnings_miss → guidance_cut,False,,
PG_2017Q4_earnings,earnings_sp500_2016_2025,PG,2017-10-11,earnings,neutral,down,False,0.04,0.5541,earnings_release → earnings_miss → guidance_cut,False,,
PM_2017Q4_earnings,earnings_sp500_2016_2025,PM,2017-10-11,earnings,neutral,down,False,0.18,0.5541,earnings_release → earnings_miss → guidance_cut,False,,
V_2017Q4_earnings,earnings_sp500_2016_2025,V,2017-10-11,earnings,up,neutral,False,1.04,0.0749,earnings_release → earnings_beat → sector_etf_movement → institutional_rebalance,False,,
AAPL_2017Q4_earnings,earnings_sp500_2016_2025,AAPL,2017-10-12,earnings,neutral,down,False,0.08,0.5541,earnings_release → earnings_miss → guidance_cut,False,,
AMZN_2017Q4_earnings,earnings_sp500_2016_2025,AMZN,2017-10-12,earnings,neutral,down,False,0.14,0.5541,earnings_release → earnings_miss → guidance_cut,False,,
GS_2017Q4_earnings,earnings_sp500_2016_2025,GS,2017-10-12,earnings,down,down,True,0.25,0.5541,earnings_release → earnings_miss → guidance_cut,False,,
XOM_2017Q4_earnings,earnings_sp500_2016_2025,XOM,2017-10-12,earnings,neutral,down,False,0.05,0.5541,earnings_release → earnings_miss → guidance_cut,False,,
BLK_2017Q4_earnings,earnings_sp500_2016_2025,BLK,2017-10-13,earnings,down,down,True,0.24,0.5541,earnings_release → earnings_miss → guidance_cut,False,,
CVX_2017Q4_earnings,earnings_sp500_2016_2025,CVX,2017-10-13,earnings,neutral,down,False,0.0,0.5541,earnings_release → earnings_miss → guidance_cut,False,,
DOCU_2017Q4_earnings,earnings_sp500_2016_2025,DOCU,2017-10-13,earnings,down,down,True,0.58,0.5541,earnings_release → earnings_miss → guidance_cut,True,,
GE_2017Q4_earnings,earnings_sp500_2016_2025,GE,2017-10-13,earnings,neutral,down,False,0.07,0.5541,earnings_release → earnings_miss → guidance_cut,False,,
RTX_2017Q4_earnings,earnings_sp500_2016_2025,RTX,2017-10-13,earnings,neutral,down,False,0.02,0.5541,earnings_release → earnings_miss → guidance_cut,False,,
UBER_2017Q4_earnings,earnings_sp500_2016_2025,UBER,2017-10-13,earnings,down,down,True,1.04,0.5541,earnings_release → earnings_miss → guidance_cut,True,,
CMCSA_2017Q4_earnings,earnings_sp500_2016_2025,CMCSA,2017-10-14,earnings,up,neutral,False,7.45,0.0749,earnings_release → earnings_beat → sector_etf_movement → institutional_rebalance,True,,
CRM_2017Q4_earnings,earnings_sp500_2016_2025,CRM,2017-10-14,earnings,down,down,True,1.73,0.5541,earnings_release → earnings_miss → guidance_cut,True,,
ABBV_2017Q4_earnings,earnings_sp500_2016_2025,ABBV,2017-10-15,earnings,down,down,True,2.88,0.5541,earnings_release → earnings_miss → guidance_cut,True,,
ABT_2017Q4_earnings,earnings_sp500_2016_2025,ABT,2017-10-15,earnings,down,down,True,1.27,0.5541,earnings_release → earnings_miss → guidance_cut,True,,
LOW_2017Q4_earnings,earnings_sp500_2016_2025,LOW,2017-10-15,earnings,neutral,down,False,0.05,0.5541,earnings_release → earnings_miss → guidance_cut,True,,
MA_2017Q4_earnings,earnings_sp500_2016_2025,MA,2017-10-15,earnings,neutral,down,False,0.14,0.5541,earnings_release → earnings_miss → guidance_cut,True,,
PANW_2017Q4_earnings,earnings_sp500_2016_2025,PANW,2017-10-15,earnings,neutral,down,False,0.05,0.5541,earnings_release → earnings_miss → guidance_cut,True,,
WFC_2017Q4_earnings,earnings_sp500_2016_2025,WFC,2017-10-15,earnings,up,neutral,False,11.42,0.0749,earnings_release → earnings_beat → sector_etf_movement → institutional_rebalance,True,,
SNPS_2017Q4_earnings,earnings_sp500_2016_2025,SNPS,2017-10-16,earnings,neutral,down,False,0.15,0.5541,earnings_release → earnings_miss → guidance_cut,False,,
TMO_2017Q4_earnings,earnings_sp500_2016_2025,TMO,2017-10-16,earnings,neutral,down,False,0.14,0.5541,earnings_release → earnings_miss → guidance_cut,False,,
VZ_2017Q4_earnings,earnings_sp500_2016_2025,VZ,2017-10-16,earnings,neutral,down,False,0.11,0.5541,earnings_release → earnings_miss → guidance_cut,False,,
MCD_2017Q4_earnings,earnings_sp500_2016_2025,MCD,2017-10-17,earnings,neutral,down,False,0.06,0.5541,earnings_release → earnings_miss → guidance_cut,False,,
META_2017Q4_earnings,earnings_sp500_2016_2025,META,2017-10-17,earnings,neutral,down,False,0.21,0.5541,earnings_release → earnings_miss → guidance_cut,False,,
DHR_2017Q4_earnings,earnings_sp500_2016_2025,DHR,2017-10-18,earnings,neutral,down,False,0.21,0.5541,earnings_release → earnings_miss → guidance_cut,False,,
INTC_2017Q4_earnings,earnings_sp500_2016_2025,INTC,2017-10-18,earnings,up,neutral,False,1.15,0.0749,earnings_release → earnings_beat → sector_etf_movement → institutional_rebalance,False,,
NFLX_2017Q4_earnings,earnings_sp500_2016_2025,NFLX,2017-10-18,earnings,down,down,True,0.46,0.5541,earnings_release → earnings_miss → guidance_cut,False,,
WMT_2017Q4_earnings,earnings_sp500_2016_2025,WMT,2017-10-18,earnings,neutral,down,False,0.06,0.5541,earnings_release → earnings_miss → guidance_cut,False,,
DIS_2017Q4_earnings,earnings_sp500_2016_2025,DIS,2017-10-19,earnings,neutral,down,False,0.18,0.5541,earnings_release → earnings_miss → guidance_cut,False,,
HD_2017Q4_earnings,earnings_sp500_2016_2025,HD,2017-10-19,earnings,neutral,down,False,0.03,0.5541,earnings_release → earnings_miss → guidance_cut,False,,
SHOP_2017Q4_earnings,earnings_sp500_2016_2025,SHOP,2017-10-19,earnings,neutral,down,False,0.16,0.5541,earnings_release → earnings_miss → guidance_cut,False,,
SNAP_2017Q4_earnings,earnings_sp500_2016_2025,SNAP,2017-10-19,earnings,down,down,True,0.73,0.5541,earnings_release → earnings_miss → guidance_cut,False,,
TXN_2017Q4_earnings,earnings_sp500_2016_2025,TXN,2017-10-19,earnings,neutral,down,False,0.0,0.5541,earnings_release → earnings_miss → guidance_cut,False,,
COST_2017Q4_earnings,earnings_sp500_2016_2025,COST,2017-10-20,earnings,up,neutral,False,1.45,0.0749,earnings_release → earnings_beat → sector_etf_movement → institutional_rebalance,False,,
QCOM_2017Q4_earnings,earnings_sp500_2016_2025,QCOM,2017-10-20,earnings,neutral,down,False,0.12,0.5541,earnings_release → earnings_miss → guidance_cut,False,,
VRTX_2017Q4_earnings,earnings_sp500_2016_2025,VRTX,2017-10-20,earnings,neutral,down,False,0.0,0.5541,earnings_release → earnings_miss → guidance_cut,False,,
ZM_2017Q4_earnings,earnings_sp500_2016_2025,ZM,2017-10-20,earnings,down,down,True,3.57,0.5541,earnings_release → earnings_miss → guidance_cut,True,,
AXP_2017Q4_earnings,earnings_sp500_2016_2025,AXP,2017-10-22,earnings,neutral,down,False,0.14,0.5541,earnings_release → earnings_miss → guidance_cut,True,,
CSCO_2017Q4_earnings,earnings_sp500_2016_2025,CSCO,2017-10-22,earnings,up,neutral,False,10.43,0.0749,earnings_release → earnings_beat → sector_etf_movement → institutional_rebalance,True,,
GILD_2017Q4_earnings,earnings_sp500_2016_2025,GILD,2017-10-22,earnings,up,neutral,False,14.4,0.0749,earnings_release → earnings_beat → sector_etf_movement → institutional_rebalance,True,,
KO_2017Q4_earnings,earnings_sp500_2016_2025,KO,2017-10-22,earnings,down,down,True,2.42,0.5541,earnings_release → earnings_miss → guidance_cut,True,,
BA_2017Q4_earnings,earnings_sp500_2016_2025,BA,2017-10-23,earnings,neutral,down,False,0.21,0.5541,earnings_release → earnings_miss → guidance_cut,False,,
GOOGL_2017Q4_earnings,earnings_sp500_2016_2025,GOOGL,2017-10-23,earnings,down,down,True,0.45,0.5541,earnings_release → earnings_miss → guidance_cut,False,,
LRCX_2017Q4_earnings,earnings_sp500_2016_2025,LRCX,2017-10-23,earnings,neutral,down,False,0.06,0.5541,earnings_release → earnings_miss → guidance_cut,False,,
MS_2017Q4_earnings,earnings_sp500_2016_2025,MS,2017-10-23,earnings,neutral,down,False,0.03,0.5541,earnings_release → earnings_miss → guidance_cut,False,,
BRK.B_2017Q4_earnings,earnings_sp500_2016_2025,BRK.B,2017-10-24,earnings,neutral,down,False,0.05,0.5541,earnings_release → earnings_miss → guidance_cut,False,,
IBM_2017Q4_earnings,earnings_sp500_2016_2025,IBM,2017-10-24,earnings,down,down,True,0.53,0.5541,earnings_release → earnings_miss → guidance_cut,False,,
JPM_2017Q4_earnings,earnings_sp500_2016_2025,JPM,2017-10-24,earnings,up,neutral,False,1.58,0.0749,earnings_release → earnings_beat → sector_etf_movement → institutional_rebalance,False,,
TMO_2018Q1_earnings,earnings_sp500_2016_2025,TMO,2018-01-06,earnings,neutral,down,False,0.05,0.5541,earnings_release → earnings_miss → guidance_cut,True,,
WFC_2018Q1_earnings,earnings_sp500_2016_2025,WFC,2018-01-06,earnings,neutral,down,False,0.14,0.5541,earnings_release → earnings_miss → guidance_cut,True,,
ABT_2018Q1_earnings,earnings_sp500_2016_2025,ABT,2018-01-07,earnings,up,neutral,False,7.45,0.0749,earnings_release → earnings_beat → sector_etf_movement → institutional_rebalance,True,,
NVDA_2018Q1_earnings,earnings_sp500_2016_2025,NVDA,2018-01-07,earnings,down,down,True,1.27,0.5541,earnings_release → earnings_miss → guidance_cut,True,,
UBER_2018Q1_earnings,earnings_sp500_2016_2025,UBER,2018-01-07,earnings,neutral,down,False,0.23,0.5541,earnings_release → earnings_miss → guidance_cut,True,,
VZ_2018Q1_earnings,earnings_sp500_2016_2025,VZ,2018-01-07,earnings,down,down,True,2.65,0.5541,earnings_release → earnings_miss → guidance_cut,True,,
CAT_2018Q1_earnings,earnings_sp500_2016_2025,CAT,2018-01-08,earnings,up,neutral,False,2.49,0.0749,earnings_release → earnings_beat → sector_etf_movement → institutional_rebalance,False,,
INTC_2018Q1_earnings,earnings_sp500_2016_2025,INTC,2018-01-08,earnings,neutral,down,False,0.0,0.5541,earnings_release → earnings_miss → guidance_cut,False,,
PANW_2018Q1_earnings,earnings_sp500_2016_2025,PANW,2018-01-08,earnings,neutral,down,False,0.1,0.5541,earnings_release → earnings_miss → guidance_cut,False,,
QCOM_2018Q1_earnings,earnings_sp500_2016_2025,QCOM,2018-01-08,earnings,neutral,down,False,0.07,0.5541,earnings_release → earnings_miss → guidance_cut,False,,
SBUX_2018Q1_earnings,earnings_sp500_2016_2025,SBUX,2018-01-08,earnings,neutral,down,False,0.12,0.5541,earnings_release → earnings_miss → guidance_cut,False,,
BLK_2018Q1_earnings,earnings_sp500_2016_2025,BLK,2018-01-09,earnings,neutral,down,False,0.19,0.5541,earnings_release → earnings_miss → guidance_cut,False,,
HON_2018Q1_earnings,earnings_sp500_2016_2025,HON,2018-01-09,earnings,neutral,down,False,0.19,0.5541,earnings_release → earnings_miss → guidance_cut,False,,
SNPS_2018Q1_earnings,earnings_sp500_2016_2025,SNPS,2018-01-09,earnings,neutral,down,False,0.02,0.5541,earnings_release → earnings_miss → guidance_cut,False,,
PG_2018Q1_earnings,earnings_sp500_2016_2025,PG,2018-01-10,earnings,neutral,down,False,0.15,0.5541,earnings_release → earnings_miss → guidance_cut,False,,
AMAT_2018Q1_earnings,earnings_sp500_2016_2025,AMAT,2018-01-11,earnings,neutral,down,False,0.04,0.5541,earnings_release → earnings_miss → guidance_cut,False,,
GILD_2018Q1_earnings,earnings_sp500_2016_2025,GILD,2018-01-11,earnings,neutral,down,False,0.1,0.5541,earnings_release → earnings_miss → guidance_cut,False,,
V_2018Q1_earnings,earnings_sp500_2016_2025,V,2018-01-11,earnings,neutral,down,False,0.17,0.5541,earnings_release → earnings_miss → guidance_cut,False,,
ISRG_2018Q1_earnings,earnings_sp500_2016_2025,ISRG,2018-01-12,earnings,neutral,down,False,0.13,0.5541,earnings_release → earnings_miss → guidance_cut,False,,
MCD_2018Q1_earnings,earnings_sp500_2016_2025,MCD,2018-01-12,earnings,neutral,down,False,0.02,0.5541,earnings_release → earnings_miss → guidance_cut,False,,
REGN_2018Q1_earnings,earnings_sp500_2016_2025,REGN,2018-01-12,earnings,neutral,down,False,0.08,0.5541,earnings_release → earnings_miss → guidance_cut,False,,
ABNB_2018Q1_earnings,earnings_sp500_2016_2025,ABNB,2018-01-13,earnings,up,neutral,False,13.4,0.0749,earnings_release → earnings_beat → sector_etf_movement → institutional_rebalance,True,,
ACN_2018Q1_earnings,earnings_sp500_2016_2025,ACN,2018-01-13,earnings,up,neutral,False,5.46,0.0749,earnings_release → earnings_beat → sector_etf_movement → institutional_rebalance,True,,
AMZN_2018Q1_earnings,earnings_sp500_2016_2025,AMZN,2018-01-13,earnings,down,down,True,1.5,0.5541,earnings_release → earnings_miss → guidance_cut,True,,
CDNS_2018Q1_earnings,earnings_sp500_2016_2025,CDNS,2018-01-13,earnings,down,down,True,1.04,0.5541,earnings_release → earnings_miss → guidance_cut,True,,
CVX_2018Q1_earnings,earnings_sp500_2016_2025,CVX,2018-01-13,earnings,neutral,down,False,0.23,0.5541,earnings_release → earnings_miss → guidance_cut,True,,
IBM_2018Q1_earnings,earnings_sp500_2016_2025,IBM,2018-01-13,earnings,down,down,True,3.11,0.5541,earnings_release → earnings_miss → guidance_cut,True,,
MA_2018Q1_earnings,earnings_sp500_2016_2025,MA,2018-01-13,earnings,up,neutral,False,9.43,0.0749,earnings_release → earnings_beat → sector_etf_movement → institutional_rebalance,True,,
RTX_2018Q1_earnings,earnings_sp500_2016_2025,RTX,2018-01-13,earnings,down,down,True,2.65,0.5541,earnings_release → earnings_miss → guidance_cut,True,,
VRTX_2018Q1_earnings,earnings_sp500_2016_2025,VRTX,2018-01-13,earnings,down,down,True,3.57,0.5541,earnings_release → earnings_miss → guidance_cut,True,,
AVGO_2018Q1_earnings,earnings_sp500_2016_2025,AVGO,2018-01-14,earnings,up,neutral,False,11.42,0.0749,earnings_release → earnings_beat → sector_etf_movement → institutional_rebalance,True,,
HD_2018Q1_earnings,earnings_sp500_2016_2025,HD,2018-01-14,earnings,up,neutral,False,5.46,0.0749,earnings_release → earnings_beat → sector_etf_movement → institutional_rebalance,True,,
MS_2018Q1_earnings,earnings_sp500_2016_2025,MS,2018-01-14,earnings,down,down,True,3.57,0.5541,earnings_release → earnings_miss → guidance_cut,True,,
NFLX_2018Q1_earnings,earnings_sp500_2016_2025,NFLX,2018-01-14,earnings,neutral,down,False,0.05,0.5541,earnings_release → earnings_miss → guidance_cut,True,,
SQ_2018Q1_earnings,earnings_sp500_2016_2025,SQ,2018-01-14,earnings,neutral,down,False,0.05,0.5541,earnings_release → earnings_miss → guidance_cut,True,,
CRM_2018Q1_earnings,earnings_sp500_2016_2025,CRM,2018-01-15,earnings,down,down,True,1.96,0.5541,earnings_release → earnings_miss → guidance_cut,True,,
CSCO_2018Q1_earnings,earnings_sp500_2016_2025,CSCO,2018-01-15,earnings,neutral,down,False,0.05,0.5541,earnings_release → earnings_miss → guidance_cut,True,,
MDT_2018Q1_earnings,earnings_sp500_2016_2025,MDT,2018-01-15,earnings,up,neutral,False,6.45,0.0749,earnings_release → earnings_beat → sector_etf_movement → institutional_rebalance,True,,
META_2018Q1_earnings,earnings_sp500_2016_2025,META,2018-01-15,earnings,neutral,down,False,0.05,0.5541,earnings_release → earnings_miss → guidance_cut,True,,
SHOP_2018Q1_earnings,earnings_sp500_2016_2025,SHOP,2018-01-15,earnings,up,neutral,False,12.41,0.0749,earnings_release → earnings_beat → sector_etf_movement → institutional_rebalance,True,,
UNH_2018Q1_earnings,earnings_sp500_2016_2025,UNH,2018-01-15,earnings,down,down,True,3.57,0.5541,earnings_release → earnings_miss → guidance_cut,True,,
UPS_2018Q1_earnings,earnings_sp500_2016_2025,UPS,2018-01-15,earnings,down,down,True,2.42,0.5541,earnings_release → earnings_miss → guidance_cut,True,,
XOM_2018Q1_earnings,earnings_sp500_2016_2025,XOM,2018-01-15,earnings,neutral,down,False,0.05,0.5541,earnings_release → earnings_miss → guidance_cut,True,,
WMT_2018Q1_earnings,earnings_sp500_2016_2025,WMT,2018-01-16,earnings,neutral,down,False,0.04,0.5541,earnings_release → earnings_miss → guidance_cut,False,,
ZM_2018Q1_earnings,earnings_sp500_2016_2025,ZM,2018-01-16,earnings,neutral,down,False,0.14,0.5541,earnings_release → earnings_miss → guidance_cut,True,,
NKE_2018Q1_earnings,earnings_sp500_2016_2025,NKE,2018-01-17,earnings,neutral,down,False,0.14,0.5541,earnings_release → earnings_miss → guidance_cut,False,,
ADBE_2018Q1_earnings,earnings_sp500_2016_2025,ADBE,2018-01-18,earnings,neutral,down,False,0.03,0.5541,earnings_release → earnings_miss → guidance_cut,False,,
MRK_2018Q1_earnings,earnings_sp500_2016_2025,MRK,2018-01-18,earnings,down,down,True,0.33,0.5541,earnings_release → earnings_miss → guidance_cut,False,,
PEP_2018Q1_earnings,earnings_sp500_2016_2025,PEP,2018-01-18,earnings,neutral,down,False,0.03,0.5541,earnings_release → earnings_miss → guidance_cut,False,,
ROKU_2018Q1_earnings,earnings_sp500_2016_2025,ROKU,2018-01-18,earnings,down,down,True,0.43,0.5541,earnings_release → earnings_miss → guidance_cut,False,,
AXP_2018Q1_earnings,earnings_sp500_2016_2025,AXP,2018-01-19,earnings,down,down,True,0.42,0.5541,earnings_release → earnings_miss → guidance_cut,False,,
DOCU_2018Q1_earnings,earnings_sp500_2016_2025,DOCU,2018-01-19,earnings,neutral,down,False,0.14,0.5541,earnings_release → earnings_miss → guidance_cut,True,,
JPM_2018Q1_earnings,earnings_sp500_2016_2025,JPM,2018-01-19,earnings,neutral,down,False,0.05,0.5541,earnings_release → earnings_miss → guidance_cut,False,,
SPGI_2018Q1_earnings,earnings_sp500_2016_2025,SPGI,2018-01-19,earnings,up,neutral,False,1.39,0.0749,earnings_release → earnings_beat → sector_etf_movement → institutional_rebalance,False,,
TSLA_2018Q1_earnings,earnings_sp500_2016_2025,TSLA,2018-01-19,earnings,up,neutral,False,1.57,0.0749,earnings_release → earnings_beat → sector_etf_movement → institutional_rebalance,False,,
UNP_2018Q1_earnings,earnings_sp500_2016_2025,UNP,2018-01-19,earnings,neutral,down,False,0.13,0.5541,earnings_release → earnings_miss → guidance_cut,False,,
ADI_2018Q1_earnings,earnings_sp500_2016_2025,ADI,2018-01-20,earnings,down,down,True,1.04,0.5541,earnings_release → earnings_miss → guidance_cut,True,,
BRK.B_2018Q1_earnings,earnings_sp500_2016_2025,BRK.B,2018-01-20,earnings,down,down,True,2.88,0.5541,earnings_release → earnings_miss → guidance_cut,True,,
AAPL_2018Q1_earnings,earnings_sp500_2016_2025,AAPL,2018-01-21,earnings,neutral,down,False,0.14,0.5541,earnings_release → earnings_miss → guidance_cut,True,,
ABBV_2018Q1_earnings,earnings_sp500_2016_2025,ABBV,2018-01-21,earnings,down,down,True,0.58,0.5541,earnings_release → earnings_miss → guidance_cut,True,,
DIS_2018Q1_earnings,earnings_sp500_2016_2025,DIS,2018-01-21,earnings,neutral,down,False,0.14,0.5541,earnings_release → earnings_miss → guidance_cut,True,,
GOOGL_2018Q1_earnings,earnings_sp500_2016_2025,GOOGL,2018-01-21,earnings,up,neutral,False,6.45,0.0749,earnings_release → earnings_beat → sector_etf_movement → institutional_rebalance,True,,
LOW_2018Q1_earnings,earnings_sp500_2016_2025,LOW,2018-01-21,earnings,down,down,True,3.34,0.5541,earnings_release → earnings_miss → guidance_cut,True,,
LRCX_2018Q1_earnings,earnings_sp500_2016_2025,LRCX,2018-01-21,earnings,neutral,down,False,0.14,0.5541,earnings_release → earnings_miss → guidance_cut,True,,
PYPL_2018Q1_earnings,earnings_sp500_2016_2025,PYPL,2018-01-21,earnings,neutral,down,False,0.14,0.5541,earnings_release → earnings_miss → guidance_cut,True,,
BKNG_2018Q1_earnings,earnings_sp500_2016_2025,BKNG,2018-01-22,earnings,neutral,down,False,0.07,0.5541,earnings_release → earnings_miss → guidance_cut,False,,
CMCSA_2018Q1_earnings,earnings_sp500_2016_2025,CMCSA,2018-01-22,earnings,neutral,down,False,0.21,0.5541,earnings_release → earnings_miss → guidance_cut,False,,
DHR_2018Q1_earnings,earnings_sp500_2016_2025,DHR,2018-01-22,earnings,neutral,down,False,0.14,0.5541,earnings_release → earnings_miss → guidance_cut,False,,
GS_2018Q1_earnings,earnings_sp500_2016_2025,GS,2018-01-22,earnings,up,neutral,False,2.1,0.0749,earnings_release → earnings_beat → sector_etf_movement → institutional_rebalance,False,,
AMD_2018Q1_earnings,earnings_sp500_2016_2025,AMD,2018-01-23,earnings,up,neutral,False,2.27,0.0749,earnings_release → earnings_beat → sector_etf_movement → institutional_rebalance,False,,
COST_2018Q1_earnings,earnings_sp500_2016_2025,COST,2018-01-23,earnings,neutral,down,False,0.11,0.5541,earnings_release → earnings_miss → guidance_cut,False,,
GE_2018Q1_earnings,earnings_sp500_2016_2025,GE,2018-01-23,earnings,up,neutral,False,4.42,0.0749,earnings_release → earnings_beat → sector_etf_movement → institutional_rebalance,False,,
KO_2018Q1_earnings,earnings_sp500_2016_2025,KO,2018-01-23,earnings,neutral,down,False,0.03,0.5541,earnings_release → earnings_miss → guidance_cut,False,,
SNAP_2018Q1_earnings,earnings_sp500_2016_2025,SNAP,2018-01-23,earnings,neutral,down,False,0.13,0.5541,earnings_release → earnings_miss → guidance_cut,False,,
TXN_2018Q1_earnings,earnings_sp500_2016_2025,TXN,2018-01-23,earnings,neutral,down,False,0.09,0.5541,earnings_release → earnings_miss → guidance_cut,False,,
BA_2018Q1_earnings,earnings_sp500_2016_2025,BA,2018-01-24,earnings,neutral,down,False,0.06,0.5541,earnings_release → earnings_miss → guidance_cut,False,,
COIN_2018Q1_earnings,earnings_sp500_2016_2025,COIN,2018-01-24,earnings,neutral,down,False,0.14,0.5541,earnings_release → earnings_miss → guidance_cut,True,,
JNJ_2018Q1_earnings,earnings_sp500_2016_2025,JNJ,2018-01-24,earnings,neutral,down,False,0.04,0.5541,earnings_release → earnings_miss → guidance_cut,False,,
MSFT_2018Q1_earnings,earnings_sp500_2016_2025,MSFT,2018-01-24,earnings,neutral,down,False,0.02,0.5541,earnings_release → earnings_miss → guidance_cut,False,,
PM_2018Q1_earnings,earnings_sp500_2016_2025,PM,2018-01-24,earnings,neutral,down,False,0.23,0.5541,earnings_release → earnings_miss → guidance_cut,False,,
GOOGL_2018Q2_earnings,earnings_sp500_2016_2025,GOOGL,2018-04-05,earnings,neutral,down,False,0.06,0.5541,earnings_release → earnings_miss → guidance_cut,False,,
INTC_2018Q2_earnings,earnings_sp500_2016_2025,INTC,2018-04-05,earnings,neutral,down,False,0.18,0.5541,earnings_release → earnings_miss → guidance_cut,False,,
KO_2018Q2_earnings,earnings_sp500_2016_2025,KO,2018-04-05,earnings,neutral,down,False,0.08,0.5541,earnings_release → earnings_miss → guidance_cut,False,,
ROKU_2018Q2_earnings,earnings_sp500_2016_2025,ROKU,2018-04-05,earnings,down,down,True,0.36,0.5541,earnings_release → earnings_miss → guidance_cut,False,,
SHOP_2018Q2_earnings,earnings_sp500_2016_2025,SHOP,2018-04-05,earnings,neutral,down,False,0.1,0.5541,earnings_release → earnings_miss → guidance_cut,False,,
TXN_2018Q2_earnings,earnings_sp500_2016_2025,TXN,2018-04-05,earnings,down,down,True,0.44,0.5541,earnings_release → earnings_miss → guidance_cut,False,,
WMT_2018Q2_earnings,earnings_sp500_2016_2025,WMT,2018-04-05,earnings,neutral,down,False,0.16,0.5541,earnings_release → earnings_miss → guidance_cut,False,,
ABNB_2018Q2_earnings,earnings_sp500_2016_2025,ABNB,2018-04-06,earnings,down,down,True,2.42,0.5541,earnings_release → earnings_miss → guidance_cut,True,,
ADI_2018Q2_earnings,earnings_sp500_2016_2025,ADI,2018-04-06,earnings,down,down,True,0.67,0.5541,earnings_release → earnings_miss → guidance_cut,False,,
PM_2018Q2_earnings,earnings_sp500_2016_2025,PM,2018-04-06,earnings,neutral,down,False,0.15,0.5541,earnings_release → earnings_miss → guidance_cut,False,,
QCOM_2018Q2_earnings,earnings_sp500_2016_2025,QCOM,2018-04-06,earnings,down,down,True,0.8,0.5541,earnings_release → earnings_miss → guidance_cut,False,,
SBUX_2018Q2_earnings,earnings_sp500_2016_2025,SBUX,2018-04-06,earnings,down,down,True,0.31,0.5541,earnings_release → earnings_miss → guidance_cut,False,,
XOM_2018Q2_earnings,earnings_sp500_2016_2025,XOM,2018-04-06,earnings,down,down,True,0.35,0.5541,earnings_release → earnings_miss → guidance_cut,False,,
ZM_2018Q2_earnings,earnings_sp500_2016_2025,ZM,2018-04-06,earnings,down,down,True,0.81,0.5541,earnings_release → earnings_miss → guidance_cut,True,,
DHR_2018Q2_earnings,earnings_sp500_2016_2025,DHR,2018-04-07,earnings,up,neutral,False,7.45,0.0749,earnings_release → earnings_beat → sector_etf_movement → institutional_rebalance,True,,
PANW_2018Q2_earnings,earnings_sp500_2016_2025,PANW,2018-04-07,earnings,up,neutral,False,4.47,0.0749,earnings_release → earnings_beat → sector_etf_movement → institutional_rebalance,True,,
DIS_2018Q2_earnings,earnings_sp500_2016_2025,DIS,2018-04-08,earnings,neutral,down,False,0.05,0.5541,earnings_release → earnings_miss → guidance_cut,True,,
DOCU_2018Q2_earnings,earnings_sp500_2016_2025,DOCU,2018-04-08,earnings,down,down,True,3.8,0.5541,earnings_release → earnings_miss → guidance_cut,True,,
UBER_2018Q2_earnings,earnings_sp500_2016_2025,UBER,2018-04-08,earnings,neutral,down,False,0.14,0.5541,earnings_release → earnings_miss → guidance_cut,True,,
UNP_2018Q2_earnings,earnings_sp500_2016_2025,UNP,2018-04-08,earnings,down,down,True,3.34,0.5541,earnings_release → earnings_miss → guidance_cut,True,,
ABBV_2018Q2_earnings,earnings_sp500_2016_2025,ABBV,2018-04-09,earnings,neutral,down,False,0.18,0.5541,earnings_release → earnings_miss → guidance_cut,False,,
AMD_2018Q2_earnings,earnings_sp500_2016_2025,AMD,2018-04-09,earnings,neutral,down,False,0.19,0.5541,earnings_release → earnings_miss → guidance_cut,False,,
CRM_2018Q2_earnings,earnings_sp500_2016_2025,CRM,2018-04-09,earnings,neutral,down,False,0.22,0.5541,earnings_release → earnings_miss → guidance_cut,False,,
IBM_2018Q2_earnings,earnings_sp500_2016_2025,IBM,2018-04-09,earnings,up,neutral,False,1.4,0.0749,earnings_release → earnings_beat → sector_etf_movement → institutional_rebalance,False,,
META_2018Q2_earnings,earnings_sp500_2016_2025,META,2018-04-09,earnings,neutral,down,False,0.11,0.5541,earnings_release → earnings_miss → guidance_cut,False,,
TSLA_2018Q2_earnings,earnings_sp500_2016_2025,TSLA,2018-04-09,earnings,down,down,True,0.74,0.5541,earnings_release → earnings_miss → guidance_cut,False,,
VRTX_2018Q2_earnings,earnings_sp500_2016_2025,VRTX,2018-04-09,earnings,up,neutral,False,1.62,0.0749,earnings_release → earnings_beat → sector_etf_movement → institutional_rebalance,False,,
ADBE_2018Q2_earnings,earnings_sp500_2016_2025,ADBE,2018-04-10,earnings,up,neutral,False,2.43,0.0749,earnings_release → earnings_beat → sector_etf_movement → institutional_rebalance,False,,
JNJ_2018Q2_earnings,earnings_sp500_2016_2025,JNJ,2018-04-10,earnings,neutral,down,False,0.14,0.5541,earnings_release → earnings_miss → guidance_cut,False,,
PG_2018Q2_earnings,earnings_sp500_2016_2025,PG,2018-04-10,earnings,neutral,down,False,0.06,0.5541,earnings_release → earnings_miss → guidance_cut,False,,
SNAP_2018Q2_earnings,earnings_sp500_2016_2025,SNAP,2018-04-10,earnings,up,neutral,False,2.31,0.0749,earnings_release → earnings_beat → sector_etf_movement → institutional_rebalance,False,,
SPGI_2018Q2_earnings,earnings_sp500_2016_2025,SPGI,2018-04-10,earnings,up,neutral,False,1.98,0.0749,earnings_release → earnings_beat → sector_etf_movement → institutional_rebalance,False,,
AXP_2018Q2_earnings,earnings_sp500_2016_2025,AXP,2018-04-11,earnings,down,down,True,0.35,0.5541,earnings_release → earnings_miss → guidance_cut,False,,
ISRG_2018Q2_earnings,earnings_sp500_2016_2025,ISRG,2018-04-11,earnings,down,down,True,0.36,0.5541,earnings_release → earnings_miss → guidance_cut,False,,
CVX_2018Q2_earnings,earnings_sp500_2016_2025,CVX,2018-04-12,earnings,neutral,down,False,0.0,0.5541,earnings_release → earnings_miss → guidance_cut,False,,
MRK_2018Q2_earnings,earnings_sp500_2016_2025,MRK,2018-04-12,earnings,neutral,down,False,0.22,0.5541,earnings_release → earnings_miss → guidance_cut,False,,
VZ_2018Q2_earnings,earnings_sp500_2016_2025,VZ,2018-04-12,earnings,neutral,down,False,0.08,0.5541,earnings_release → earnings_miss → guidance_cut,False,,
BA_2018Q2_earnings,earnings_sp500_2016_2025,BA,2018-04-14,earnings,neutral,down,False,0.14,0.5541,earnings_release → earnings_miss → guidance_cut,True,,
BKNG_2018Q2_earnings,earnings_sp500_2016_2025,BKNG,2018-04-14,earnings,neutral,down,False,0.23,0.5541,earnings_release → earnings_miss → guidance_cut,True,,
COIN_2018Q2_earnings,earnings_sp500_2016_2025,COIN,2018-04-14,earnings,up,neutral,False,6.45,0.0749,earnings_release → earnings_beat → sector_etf_movement → institutional_rebalance,True,,
HON_2018Q2_earnings,earnings_sp500_2016_2025,HON,2018-04-14,earnings,up,neutral,False,6.45,0.0749,earnings_release → earnings_beat → sector_etf_movement → institutional_rebalance,True,,
MDT_2018Q2_earnings,earnings_sp500_2016_2025,MDT,2018-04-14,earnings,up,neutral,False,3.48,0.0749,earnings_release → earnings_beat → sector_etf_movement → institutional_rebalance,True,,
V_2018Q2_earnings,earnings_sp500_2016_2025,V,2018-04-14,earnings,neutral,down,False,0.05,0.5541,earnings_release → earnings_miss → guidance_cut,True,,
CAT_2018Q2_earnings,earnings_sp500_2016_2025,CAT,2018-04-15,earnings,up,neutral,False,12.41,0.0749,earnings_release → earnings_beat → sector_etf_movement → institutional_rebalance,True,,
NVDA_2018Q2_earnings,earnings_sp500_2016_2025,NVDA,2018-04-15,earnings,up,neutral,False,8.44,0.0749,earnings_release → earnings_beat → sector_etf_movement → institutional_rebalance,True,,
AMZN_2018Q2_earnings,earnings_sp500_2016_2025,AMZN,2018-04-16,earnings,neutral,down,False,0.17,0.5541,earnings_release → earnings_miss → guidance_cut,False,,
BLK_2018Q2_earnings,earnings_sp500_2016_2025,BLK,2018-04-16,earnings,neutral,down,False,0.0,0.5541,earnings_release → earnings_miss → guidance_cut,False,,
CSCO_2018Q2_earnings,earnings_sp500_2016_2025,CSCO,2018-04-16,earnings,neutral,down,False,0.16,0.5541,earnings_release → earnings_miss → guidance_cut,False,,
REGN_2018Q2_earnings,earnings_sp500_2016_2025,REGN,2018-04-16,earnings,down,down,True,0.24,0.5541,earnings_release → earnings_miss → guidance_cut,False,,
ABT_2018Q2_earnings,earnings_sp500_2016_2025,ABT,2018-04-17,earnings,neutral,down,False,0.21,0.5541,earnings_release → earnings_miss → guidance_cut,False,,
GILD_2018Q2_earnings,earnings_sp500_2016_2025,GILD,2018-04-17,earnings,up,neutral,False,1.03,0.0749,earnings_release → earnings_beat → sector_etf_movement → institutional_rebalance,False,,
JPM_2018Q2_earnings,earnings_sp500_2016_2025,JPM,2018-04-17,earnings,neutral,down,False,0.0,0.5541,earnings_release → earnings_miss → guidance_cut,False,,
CMCSA_2018Q2_earnings,earnings_sp500_2016_2025,CMCSA,2018-04-18,earnings,neutral,down,False,0.0,0.5541,earnings_release → earnings_miss → guidance_cut,False,,
COST_2018Q2_earnings,earnings_sp500_2016_2025,COST,2018-04-18,earnings,neutral,down,False,0.06,0.5541,earnings_release → earnings_miss → guidance_cut,False,,
LOW_2018Q2_earnings,earnings_sp500_2016_2025,LOW,2018-04-18,earnings,neutral,down,False,0.07,0.5541,earnings_release → earnings_miss → guidance_cut,False,,
MSFT_2018Q2_earnings,earnings_sp500_2016_2025,MSFT,2018-04-18,earnings,neutral,down,False,0.09,0.5541,earnings_release → earnings_miss → guidance_cut,False,,
NFLX_2018Q2_earnings,earnings_sp500_2016_2025,NFLX,2018-04-18,earnings,neutral,down,False,0.11,0.5541,earnings_release → earnings_miss → guidance_cut,False,,
SQ_2018Q2_earnings,earnings_sp500_2016_2025,SQ,2018-04-18,earnings,neutral,down,False,0.05,0.5541,earnings_release → earnings_miss → guidance_cut,True,,
WFC_2018Q2_earnings,earnings_sp500_2016_2025,WFC,2018-04-18,earnings,neutral,down,False,0.08,0.5541,earnings_release → earnings_miss → guidance_cut,False,,
BRK.B_2018Q2_earnings,earnings_sp500_2016_2025,BRK.B,2018-04-19,earnings,neutral,down,False,0.1,0.5541,earnings_release → earnings_miss → guidance_cut,False,,
CDNS_2018Q2_earnings,earnings_sp500_2016_2025,CDNS,2018-04-19,earnings,down,down,True,0.48,0.5541,earnings_release → earnings_miss → guidance_cut,False,,
PEP_2018Q2_earnings,earnings_sp500_2016_2025,PEP,2018-04-19,earnings,down,down,True,0.3,0.5541,earnings_release → earnings_miss → guidance_cut,False,,
SNPS_2018Q2_earnings,earnings_sp500_2016_2025,SNPS,2018-04-19,earnings,down,down,True,0.42,0.5541,earnings_release → earnings_miss → guidance_cut,False,,
GS_2018Q2_earnings,earnings_sp500_2016_2025,GS,2018-04-20,earnings,neutral,down,False,0.2,0.5541,earnings_release → earnings_miss → guidance_cut,False,,
MA_2018Q2_earnings,earnings_sp500_2016_2025,MA,2018-04-20,earnings,down,down,True,0.25,0.5541,earnings_release → earnings_miss → guidance_cut,False,,
AMAT_2018Q2_earnings,earnings_sp500_2016_2025,AMAT,2018-04-21,earnings,neutral,down,False,0.14,0.5541,earnings_release → earnings_miss → guidance_cut,True,,
HD_2018Q2_earnings,earnings_sp500_2016_2025,HD,2018-04-21,earnings,neutral,down,False,0.14,0.5541,earnings_release → earnings_miss → guidance_cut,True,,
UNH_2018Q2_earnings,earnings_sp500_2016_2025,UNH,2018-04-21,earnings,neutral,down,False,0.14,0.5541,earnings_release → earnings_miss → guidance_cut,True,,
UPS_2018Q2_earnings,earnings_sp500_2016_2025,UPS,2018-04-21,earnings,neutral,down,False,0.05,0.5541,earnings_release → earnings_miss → guidance_cut,True,,
MCD_2018Q2_earnings,earnings_sp500_2016_2025,MCD,2018-04-22,earnings,neutral,down,False,0.14,0.5541,earnings_release → earnings_miss → guidance_cut,True,,
MS_2018Q2_earnings,earnings_sp500_2016_2025,MS,2018-04-22,earnings,down,down,True,2.88,0.5541,earnings_release → earnings_miss → guidance_cut,True,,
TMO_2018Q2_earnings,earnings_sp500_2016_2025,TMO,2018-04-22,earnings,up,neutral,False,6.45,0.0749,earnings_release → earnings_beat → sector_etf_movement → institutional_rebalance,True,,
AAPL_2018Q2_earnings,earnings_sp500_2016_2025,AAPL,2018-04-23,earnings,neutral,down,False,0.07,0.5541,earnings_release → earnings_miss → guidance_cut,False,,
ACN_2018Q2_earnings,earnings_sp500_2016_2025,ACN,2018-04-23,earnings,neutral,down,False,0.09,0.5541,earnings_release → earnings_miss → guidance_cut,False,,
NKE_2018Q2_earnings,earnings_sp500_2016_2025,NKE,2018-04-23,earnings,up,neutral,False,1.19,0.0749,earnings_release → earnings_beat → sector_etf_movement → institutional_rebalance,False,,
PYPL_2018Q2_earnings,earnings_sp500_2016_2025,PYPL,2018-04-23,earnings,neutral,down,False,0.15,0.5541,earnings_release → earnings_miss → guidance_cut,False,,
AVGO_2018Q2_earnings,earnings_sp500_2016_2025,AVGO,2018-04-24,earnings,down,down,True,0.5,0.5541,earnings_release → earnings_miss → guidance_cut,False,,
GE_2018Q2_earnings,earnings_sp500_2016_2025,GE,2018-04-24,earnings,up,neutral,False,1.09,0.0749,earnings_release → earnings_beat → sector_etf_movement → institutional_rebalance,False,,
LRCX_2018Q2_earnings,earnings_sp500_2016_2025,LRCX,2018-04-24,earnings,down,down,True,0.73,0.5541,earnings_release → earnings_miss → guidance_cut,False,,
RTX_2018Q2_earnings,earnings_sp500_2016_2025,RTX,2018-04-24,earnings,down,down,True,0.25,0.5541,earnings_release → earnings_miss → guidance_cut,False,,
AAPL_2018Q3_earnings,earnings_sp500_2016_2025,AAPL,2018-07-05,earnings,neutral,down,False,0.18,0.5541,earnings_release → earnings_miss → guidance_cut,False,,
UBER_2018Q3_earnings,earnings_sp500_2016_2025,UBER,2018-07-05,earnings,down,down,True,1.96,0.5541,earnings_release → earnings_miss → guidance_cut,True,,
BRK.B_2018Q3_earnings,earnings_sp500_2016_2025,BRK.B,2018-07-06,earnings,neutral,down,False,0.01,0.5541,earnings_release → earnings_miss → guidance_cut,False,,
TMO_2018Q3_earnings,earnings_sp500_2016_2025,TMO,2018-07-06,earnings,neutral,down,False,0.02,0.5541,earnings_release → earnings_miss → guidance_cut,False,,
ACN_2018Q3_earnings,earnings_sp500_2016_2025,ACN,2018-07-07,earnings,down,down,True,0.81,0.5541,earnings_release → earnings_miss → guidance_cut,True,,
MCD_2018Q3_earnings,earnings_sp500_2016_2025,MCD,2018-07-07,earnings,down,down,True,2.88,0.5541,earnings_release → earnings_miss → guidance_cut,True,,
REGN_2018Q3_earnings,earnings_sp500_2016_2025,REGN,2018-07-07,earnings,down,down,True,1.27,0.5541,earnings_release → earnings_miss → guidance_cut,True,,
V_2018Q3_earnings,earnings_sp500_2016_2025,V,2018-07-07,earnings,down,down,True,3.34,0.5541,earnings_release → earnings_miss → guidance_cut,True,,
AXP_2018Q3_earnings,earnings_sp500_2016_2025,AXP,2018-07-08,earnings,down,down,True,1.27,0.5541,earnings_release → earnings_miss → guidance_cut,True,,
DHR_2018Q3_earnings,earnings_sp500_2016_2025,DHR,2018-07-08,earnings,up,neutral,False,2.48,0.0749,earnings_release → earnings_beat → sector_etf_movement → institutional_rebalance,True,,
JNJ_2018Q3_earnings,earnings_sp500_2016_2025,JNJ,2018-07-08,earnings,down,down,True,0.58,0.5541,earnings_release → earnings_miss → guidance_cut,True,,
SBUX_2018Q3_earnings,earnings_sp500_2016_2025,SBUX,2018-07-08,earnings,up,neutral,False,8.44,0.0749,earnings_release → earnings_beat → sector_etf_movement → institutional_rebalance,True,,
ZM_2018Q3_earnings,earnings_sp500_2016_2025,ZM,2018-07-08,earnings,neutral,down,False,0.05,0.5541,earnings_release → earnings_miss → guidance_cut,True,,
CSCO_2018Q3_earnings,earnings_sp500_2016_2025,CSCO,2018-07-09,earnings,neutral,down,False,0.02,0.5541,earnings_release → earnings_miss → guidance_cut,False,,
PEP_2018Q3_earnings,earnings_sp500_2016_2025,PEP,2018-07-09,earnings,down,down,True,0.38,0.5541,earnings_release → earnings_miss → guidance_cut,False,,
SHOP_2018Q3_earnings,earnings_sp500_2016_2025,SHOP,2018-07-09,earnings,up,neutral,False,1.04,0.0749,earnings_release → earnings_beat → sector_etf_movement → institutional_rebalance,False,,
BA_2018Q3_earnings,earnings_sp500_2016_2025,BA,2018-07-10,earnings,up,neutral,False,1.52,0.0749,earnings_release → earnings_beat → sector_etf_movement → institutional_rebalance,False,,
DIS_2018Q3_earnings,earnings_sp500_2016_2025,DIS,2018-07-10,earnings,neutral,down,False,0.0,0.5541,earnings_release → earnings_miss → guidance_cut,False,,
MS_2018Q3_earnings,earnings_sp500_2016_2025,MS,2018-07-10,earnings,neutral,down,False,0.15,0.5541,earnings_release → earnings_miss → guidance_cut,False,,
PG_2018Q3_earnings,earnings_sp500_2016_2025,PG,2018-07-10,earnings,up,neutral,False,2.5,0.0749,earnings_release → earnings_beat → sector_etf_movement → institutional_rebalance,False,,
SNPS_2018Q3_earnings,earnings_sp500_2016_2025,SNPS,2018-07-10,earnings,neutral,down,False,0.13,0.5541,earnings_release → earnings_miss → guidance_cut,False,,
ADBE_2018Q3_earnings,earnings_sp500_2016_2025,ADBE,2018-07-11,earnings,neutral,down,False,0.05,0.5541,earnings_release → earnings_miss → guidance_cut,False,,
AVGO_2018Q3_earnings,earnings_sp500_2016_2025,AVGO,2018-07-11,earnings,down,down,True,0.65,0.5541,earnings_release → earnings_miss → guidance_cut,False,,
HD_2018Q3_earnings,earnings_sp500_2016_2025,HD,2018-07-11,earnings,neutral,down,False,0.08,0.5541,earnings_release → earnings_miss → guidance_cut,False,,
ROKU_2018Q3_earnings,earnings_sp500_2016_2025,ROKU,2018-07-11,earnings,neutral,down,False,0.04,0.5541,earnings_release → earnings_miss → guidance_cut,False,,
HON_2018Q3_earnings,earnings_sp500_2016_2025,HON,2018-07-12,earnings,up,neutral,False,2.31,0.0749,earnings_release → earnings_beat → sector_etf_movement → institutional_rebalance,False,,
INTC_2018Q3_earnings,earnings_sp500_2016_2025,INTC,2018-07-12,earnings,up,neutral,False,2.23,0.0749,earnings_release → earnings_beat → sector_etf_movement → institutional_rebalance,False,,
NFLX_2018Q3_earnings,earnings_sp500_2016_2025,NFLX,2018-07-12,earnings,down,down,True,0.28,0.5541,earnings_release → earnings_miss → guidance_cut,False,,
NKE_2018Q3_earnings,earnings_sp500_2016_2025,NKE,2018-07-12,earnings,neutral,down,False,0.0,0.5541,earnings_release → earnings_miss → guidance_cut,False,,
PM_2018Q3_earnings,earnings_sp500_2016_2025,PM,2018-07-12,earnings,neutral,down,False,0.1,0.5541,earnings_release → earnings_miss → guidance_cut,False,,
LRCX_2018Q3_earnings,earnings_sp500_2016_2025,LRCX,2018-07-13,earnings,neutral,down,False,0.06,0.5541,earnings_release → earnings_miss → guidance_cut,False,,
MRK_2018Q3_earnings,earnings_sp500_2016_2025,MRK,2018-07-13,earnings,neutral,down,False,0.09,0.5541,earnings_release → earnings_miss → guidance_cut,False,,
AMD_2018Q3_earnings,earnings_sp500_2016_2025,AMD,2018-07-14,earnings,down,down,True,3.34,0.5541,earnings_release → earnings_miss → guidance_cut,True,,
CDNS_2018Q3_earnings,earnings_sp500_2016_2025,CDNS,2018-07-14,earnings,neutral,down,False,0.14,0.5541,earnings_release → earnings_miss → guidance_cut,True,,
CMCSA_2018Q3_earnings,earnings_sp500_2016_2025,CMCSA,2018-07-14,earnings,up,neutral,False,3.48,0.0749,earnings_release → earnings_beat → sector_etf_movement → institutional_rebalance,True,,
CVX_2018Q3_earnings,earnings_sp500_2016_2025,CVX,2018-07-14,earnings,up,neutral,False,10.43,0.0749,earnings_release → earnings_beat → sector_etf_movement → institutional_rebalance,True,,
AMAT_2018Q3_earnings,earnings_sp500_2016_2025,AMAT,2018-07-15,earnings,neutral,down,False,0.05,0.5541,earnings_release → earnings_miss → guidance_cut,True,,
META_2018Q3_earnings,earnings_sp500_2016_2025,META,2018-07-15,earnings,neutral,down,False,0.14,0.5541,earnings_release → earnings_miss → guidance_cut,True,,
WMT_2018Q3_earnings,earnings_sp500_2016_2025,WMT,2018-07-15,earnings,neutral,down,False,0.14,0.5541,earnings_release → earnings_miss → guidance_cut,True,,
GOOGL_2018Q3_earnings,earnings_sp500_2016_2025,GOOGL,2018-07-16,earnings,neutral,down,False,0.15,0.5541,earnings_release → earnings_miss → guidance_cut,False,,
ISRG_2018Q3_earnings,earnings_sp500_2016_2025,ISRG,2018-07-16,earnings,down,down,True,0.28,0.5541,earnings_release → earnings_miss → guidance_cut,False,,
MDT_2018Q3_earnings,earnings_sp500_2016_2025,MDT,2018-07-16,earnings,neutral,down,False,0.16,0.5541,earnings_release → earnings_miss → guidance_cut,False,,
SQ_2018Q3_earnings,earnings_sp500_2016_2025,SQ,2018-07-16,earnings,neutral,down,False,0.14,0.5541,earnings_release → earnings_miss → guidance_cut,True,,
ABBV_2018Q3_earnings,earnings_sp500_2016_2025,ABBV,2018-07-17,earnings,neutral,down,False,0.2,0.5541,earnings_release → earnings_miss → guidance_cut,False,,
CAT_2018Q3_earnings,earnings_sp500_2016_2025,CAT,2018-07-17,earnings,neutral,down,False,0.15,0.5541,earnings_release → earnings_miss → guidance_cut,False,,
GE_2018Q3_earnings,earnings_sp500_2016_2025,GE,2018-07-17,earnings,down,down,True,0.35,0.5541,earnings_release → earnings_miss → guidance_cut,False,,
TSLA_2018Q3_earnings,earnings_sp500_2016_2025,TSLA,2018-07-17,earnings,up,neutral,False,4.03,0.0749,earnings_release → earnings_beat → sector_etf_movement → institutional_rebalance,False,,
VRTX_2018Q3_earnings,earnings_sp500_2016_2025,VRTX,2018-07-17,earnings,neutral,down,False,0.18,0.5541,earnings_release → earnings_miss → guidance_cut,False,,
COST_2018Q3_earnings,earnings_sp500_2016_2025,COST,2018-07-18,earnings,neutral,down,False,0.0,0.5541,earnings_release → earnings_miss → guidance_cut,False,,
DOCU_2018Q3_earnings,earnings_sp500_2016_2025,DOCU,2018-07-18,earnings,down,down,True,0.44,0.5541,earnings_release → earnings_miss → guidance_cut,False,,
PANW_2018Q3_earnings,earnings_sp500_2016_2025,PANW,2018-07-18,earnings,neutral,down,False,0.04,0.5541,earnings_release → earnings_miss → guidance_cut,False,,
TXN_2018Q3_earnings,earnings_sp500_2016_2025,TXN,2018-07-18,earnings,neutral,down,False,0.02,0.5541,earnings_release → earnings_miss → guidance_cut,False,,
UPS_2018Q3_earnings,earnings_sp500_2016_2025,UPS,2018-07-18,earnings,neutral,down,False,0.23,0.5541,earnings_release → earnings_miss → guidance_cut,False,,
BLK_2018Q3_earnings,earnings_sp500_2016_2025,BLK,2018-07-19,earnings,down,down,True,0.27,0.5541,earnings_release → earnings_miss → guidance_cut,False,,
COIN_2018Q3_earnings,earnings_sp500_2016_2025,COIN,2018-07-19,earnings,neutral,down,False,0.14,0.5541,earnings_release → earnings_miss → guidance_cut,True,,
MA_2018Q3_earnings,earnings_sp500_2016_2025,MA,2018-07-19,earnings,down,down,True,0.25,0.5541,earnings_release → earnings_miss → guidance_cut,False,,
QCOM_2018Q3_earnings,earnings_sp500_2016_2025,QCOM,2018-07-19,earnings,neutral,down,False,0.22,0.5541,earnings_release → earnings_miss → guidance_cut,False,,
VZ_2018Q3_earnings,earnings_sp500_2016_2025,VZ,2018-07-19,earnings,neutral,down,False,0.18,0.5541,earnings_release → earnings_miss → guidance_cut,False,,
XOM_2018Q3_earnings,earnings_sp500_2016_2025,XOM,2018-07-19,earnings,neutral,down,False,0.06,0.5541,earnings_release → earnings_miss → guidance_cut,False,,
ADI_2018Q3_earnings,earnings_sp500_2016_2025,ADI,2018-07-20,earnings,neutral,down,False,0.11,0.5541,earnings_release → earnings_miss → guidance_cut,False,,
GS_2018Q3_earnings,earnings_sp500_2016_2025,GS,2018-07-20,earnings,neutral,down,False,0.21,0.5541,earnings_release → earnings_miss → guidance_cut,False,,
IBM_2018Q3_earnings,earnings_sp500_2016_2025,IBM,2018-07-20,earnings,down,down,True,0.45,0.5541,earnings_release → earnings_miss → guidance_cut,False,,
KO_2018Q3_earnings,earnings_sp500_2016_2025,KO,2018-07-20,earnings,neutral,down,False,0.09,0.5541,earnings_release → earnings_miss → guidance_cut,False,,
MSFT_2018Q3_earnings,earnings_sp500_2016_2025,MSFT,2018-07-20,earnings,up,neutral,False,1.78,0.0749,earnings_release → earnings_beat → sector_etf_movement → institutional_rebalance,False,,
RTX_2018Q3_earnings,earnings_sp500_2016_2025,RTX,2018-07-20,earnings,neutral,down,False,0.02,0.5541,earnings_release → earnings_miss → guidance_cut,False,,
UNH_2018Q3_earnings,earnings_sp500_2016_2025,UNH,2018-07-20,earnings,neutral,down,False,0.02,0.5541,earnings_release → earnings_miss → guidance_cut,False,,
CRM_2018Q3_earnings,earnings_sp500_2016_2025,CRM,2018-07-21,earnings,up,neutral,False,1.49,0.0749,earnings_release → earnings_beat → sector_etf_movement → institutional_rebalance,True,,
NVDA_2018Q3_earnings,earnings_sp500_2016_2025,NVDA,2018-07-21,earnings,up,neutral,False,9.43,0.0749,earnings_release → earnings_beat → sector_etf_movement → institutional_rebalance,True,,
ABNB_2018Q3_earnings,earnings_sp500_2016_2025,ABNB,2018-07-22,earnings,neutral,down,False,0.05,0.5541,earnings_release → earnings_miss → guidance_cut,True,,
ABT_2018Q3_earnings,earnings_sp500_2016_2025,ABT,2018-07-22,earnings,neutral,down,False,0.14,0.5541,earnings_release → earnings_miss → guidance_cut,True,,
BKNG_2018Q3_earnings,earnings_sp500_2016_2025,BKNG,2018-07-22,earnings,down,down,True,2.88,0.5541,earnings_release → earnings_miss → guidance_cut,True,,
PYPL_2018Q3_earnings,earnings_sp500_2016_2025,PYPL,2018-07-22,earnings,up,neutral,False,12.41,0.0749,earnings_release → earnings_beat → sector_etf_movement → institutional_rebalance,True,,
SNAP_2018Q3_earnings,earnings_sp500_2016_2025,SNAP,2018-07-22,earnings,up,neutral,False,7.45,0.0749,earnings_release → earnings_beat → sector_etf_movement → institutional_rebalance,True,,
UNP_2018Q3_earnings,earnings_sp500_2016_2025,UNP,2018-07-22,earnings,up,neutral,False,11.42,0.0749,earnings_release → earnings_beat → sector_etf_movement → institutional_rebalance,True,,
WFC_2018Q3_earnings,earnings_sp500_2016_2025,WFC,2018-07-22,earnings,neutral,down,False,0.14,0.5541,earnings_release → earnings_miss → guidance_cut,True,,
AMZN_2018Q3_earnings,earnings_sp500_2016_2025,AMZN,2018-07-23,earnings,neutral,down,False,0.15,0.5541,earnings_release → earnings_miss → guidance_cut,False,,
GILD_2018Q3_earnings,earnings_sp500_2016_2025,GILD,2018-07-23,earnings,neutral,down,False,0.0,0.5541,earnings_release → earnings_miss → guidance_cut,False,,
JPM_2018Q3_earnings,earnings_sp500_2016_2025,JPM,2018-07-23,earnings,up,neutral,False,1.85,0.0749,earnings_release → earnings_beat → sector_etf_movement → institutional_rebalance,False,,
LOW_2018Q3_earnings,earnings_sp500_2016_2025,LOW,2018-07-24,earnings,down,down,True,0.26,0.5541,earnings_release → earnings_miss → guidance_cut,False,,
SPGI_2018Q3_earnings,earnings_sp500_2016_2025,SPGI,2018-07-24,earnings,neutral,down,False,0.03,0.5541,earnings_release → earnings_miss → guidance_cut,False,,
ABBV_2018Q4_earnings,earnings_sp500_2016_2025,ABBV,2018-10-05,earnings,neutral,down,False,0.13,0.5541,earnings_release → earnings_miss → guidance_cut,False,,
GILD_2018Q4_earnings,earnings_sp500_2016_2025,GILD,2018-10-05,earnings,neutral,down,False,0.1,0.5541,earnings_release → earnings_miss → guidance_cut,False,,
LRCX_2018Q4_earnings,earnings_sp500_2016_2025,LRCX,2018-10-05,earnings,neutral,down,False,0.17,0.5541,earnings_release → earnings_miss → guidance_cut,False,,
MDT_2018Q4_earnings,earnings_sp500_2016_2025,MDT,2018-10-05,earnings,neutral,down,False,0.05,0.5541,earnings_release → earnings_miss → guidance_cut,False,,
SNAP_2018Q4_earnings,earnings_sp500_2016_2025,SNAP,2018-10-05,earnings,neutral,down,False,0.09,0.5541,earnings_release → earnings_miss → guidance_cut,False,,
UBER_2018Q4_earnings,earnings_sp500_2016_2025,UBER,2018-10-05,earnings,neutral,down,False,0.23,0.5541,earnings_release → earnings_miss → guidance_cut,True,,
AMAT_2018Q4_earnings,earnings_sp500_2016_2025,AMAT,2018-10-06,earnings,neutral,down,False,0.14,0.5541,earnings_release → earnings_miss → guidance_cut,True,,
AMZN_2018Q4_earnings,earnings_sp500_2016_2025,AMZN,2018-10-06,earnings,neutral,down,False,0.14,0.5541,earnings_release → earnings_miss → guidance_cut,True,,
AVGO_2018Q4_earnings,earnings_sp500_2016_2025,AVGO,2018-10-06,earnings,neutral,down,False,0.14,0.5541,earnings_release → earnings_miss → guidance_cut,True,,
HON_2018Q4_earnings,earnings_sp500_2016_2025,HON,2018-10-06,earnings,neutral,down,False,0.05,0.5541,earnings_release → earnings_miss → guidance_cut,True,,
NKE_2018Q4_earnings,earnings_sp500_2016_2025,NKE,2018-10-06,earnings,down,down,True,1.5,0.5541,earnings_release → earnings_miss → guidance_cut,True,,
REGN_2018Q4_earnings,earnings_sp500_2016_2025,REGN,2018-10-06,earnings,up,neutral,False,14.4,0.0749,earnings_release → earnings_beat → sector_etf_movement → institutional_rebalance,True,,
VZ_2018Q4_earnings,earnings_sp500_2016_2025,VZ,2018-10-06,earnings,down,down,True,2.65,0.5541,earnings_release → earnings_miss → guidance_cut,True,,
AAPL_2018Q4_earnings,earnings_sp500_2016_2025,AAPL,2018-10-07,earnings,down,down,True,3.57,0.5541,earnings_release → earnings_miss → guidance_cut,True,,
HD_2018Q4_earnings,earnings_sp500_2016_2025,HD,2018-10-07,earnings,down,down,True,2.19,0.5541,earnings_release → earnings_miss → guidance_cut,True,,
PM_2018Q4_earnings,earnings_sp500_2016_2025,PM,2018-10-07,earnings,neutral,down,False,0.14,0.5541,earnings_release → earnings_miss → guidance_cut,True,,
ROKU_2018Q4_earnings,earnings_sp500_2016_2025,ROKU,2018-10-07,earnings,down,down,True,2.19,0.5541,earnings_release → earnings_miss → guidance_cut,True,,
TMO_2018Q4_earnings,earnings_sp500_2016_2025,TMO,2018-10-07,earnings,up,neutral,False,4.47,0.0749,earnings_release → earnings_beat → sector_etf_movement → institutional_rebalance,True,,
DHR_2018Q4_earnings,earnings_sp500_2016_2025,DHR,2018-10-08,earnings,down,down,True,0.29,0.5541,earnings_release → earnings_miss → guidance_cut,False,,
MS_2018Q4_earnings,earnings_sp500_2016_2025,MS,2018-10-08,earnings,neutral,down,False,0.13,0.5541,earnings_release → earnings_miss → guidance_cut,False,,
ABNB_2018Q4_earnings,earnings_sp500_2016_2025,ABNB,2018-10-09,earnings,neutral,down,False,0.05,0.5541,earnings_release → earnings_miss → guidance_cut,True,,
BLK_2018Q4_earnings,earnings_sp500_2016_2025,BLK,2018-10-09,earnings,down,down,True,0.57,0.5541,earnings_release → earnings_miss → guidance_cut,False,,
LOW_2018Q4_earnings,earnings_sp500_2016_2025,LOW,2018-10-09,earnings,neutral,down,False,0.15,0.5541,earnings_release → earnings_miss → guidance_cut,False,,
NFLX_2018Q4_earnings,earnings_sp500_2016_2025,NFLX,2018-10-09,earnings,up,neutral,False,1.88,0.0749,earnings_release → earnings_beat → sector_etf_movement → institutional_rebalance,False,,
ABT_2018Q4_earnings,earnings_sp500_2016_2025,ABT,2018-10-10,earnings,down,down,True,0.76,0.5541,earnings_release → earnings_miss → guidance_cut,False,,
AXP_2018Q4_earnings,earnings_sp500_2016_2025,AXP,2018-10-10,earnings,down,down,True,0.67,0.5541,earnings_release → earnings_miss → guidance_cut,False,,
CAT_2018Q4_earnings,earnings_sp500_2016_2025,CAT,2018-10-10,earnings,down,down,True,0.88,0.5541,earnings_release → earnings_miss → guidance_cut,False,,
MRK_2018Q4_earnings,earnings_sp500_2016_2025,MRK,2018-10-10,earnings,down,down,True,0.6,0.5541,earnings_release → earnings_miss → guidance_cut,False,,
SPGI_2018Q4_earnings,earnings_sp500_2016_2025,SPGI,2018-10-10,earnings,down,down,True,0.69,0.5541,earnings_release → earnings_miss → guidance_cut,False,,
TXN_2018Q4_earnings,earnings_sp500_2016_2025,TXN,2018-10-10,earnings,down,down,True,0.81,0.5541,earnings_release → earnings_miss → guidance_cut,False,,
ADBE_2018Q4_earnings,earnings_sp500_2016_2025,ADBE,2018-10-11,earnings,neutral,down,False,0.07,0.5541,earnings_release → earnings_miss → guidance_cut,False,,
MCD_2018Q4_earnings,earnings_sp500_2016_2025,MCD,2018-10-11,earnings,down,down,True,0.74,0.5541,earnings_release → earnings_miss → guidance_cut,False,,
PEP_2018Q4_earnings,earnings_sp500_2016_2025,PEP,2018-10-11,earnings,down,down,True,0.49,0.5541,earnings_release → earnings_miss → guidance_cut,False,,
XOM_2018Q4_earnings,earnings_sp500_2016_2025,XOM,2018-10-11,earnings,down,down,True,0.79,0.5541,earnings_release → earnings_miss → guidance_cut,False,,
JPM_2018Q4_earnings,earnings_sp500_2016_2025,JPM,2018-10-12,earnings,down,down,True,0.25,0.5541,earnings_release → earnings_miss → guidance_cut,False,,
SQ_2018Q4_earnings,earnings_sp500_2016_2025,SQ,2018-10-12,earnings,up,neutral,False,11.42,0.0749,earnings_release → earnings_beat → sector_etf_movement → institutional_rebalance,True,,
WFC_2018Q4_earnings,earnings_sp500_2016_2025,WFC,2018-10-12,earnings,up,neutral,False,1.29,0.0749,earnings_release → earnings_beat → sector_etf_movement → institutional_rebalance,False,,
COST_2018Q4_earnings,earnings_sp500_2016_2025,COST,2018-10-13,earnings,up,neutral,False,13.4,0.0749,earnings_release → earnings_beat → sector_etf_movement → institutional_rebalance,True,,
CSCO_2018Q4_earnings,earnings_sp500_2016_2025,CSCO,2018-10-13,earnings,up,neutral,False,8.44,0.0749,earnings_release → earnings_beat → sector_etf_movement → institutional_rebalance,True,,
BRK.B_2018Q4_earnings,earnings_sp500_2016_2025,BRK.B,2018-10-14,earnings,down,down,True,2.65,0.5541,earnings_release → earnings_miss → guidance_cut,True,,
GS_2018Q4_earnings,earnings_sp500_2016_2025,GS,2018-10-14,earnings,up,neutral,False,12.41,0.0749,earnings_release → earnings_beat → sector_etf_movement → institutional_rebalance,True,,
JNJ_2018Q4_earnings,earnings_sp500_2016_2025,JNJ,2018-10-14,earnings,down,down,True,1.27,0.5541,earnings_release → earnings_miss → guidance_cut,True,,
META_2018Q4_earnings,earnings_sp500_2016_2025,META,2018-10-14,earnings,neutral,down,False,0.05,0.5541,earnings_release → earnings_miss → guidance_cut,True,,
RTX_2018Q4_earnings,earnings_sp500_2016_2025,RTX,2018-10-14,earnings,up,neutral,False,10.43,0.0749,earnings_release → earnings_beat → sector_etf_movement → institutional_rebalance,True,,
CMCSA_2018Q4_earnings,earnings_sp500_2016_2025,CMCSA,2018-10-15,earnings,up,neutral,False,1.35,0.0749,earnings_release → earnings_beat → sector_etf_movement → institutional_rebalance,False,,
ISRG_2018Q4_earnings,earnings_sp500_2016_2025,ISRG,2018-10-15,earnings,down,down,True,0.55,0.5541,earnings_release → earnings_miss → guidance_cut,False,,
NVDA_2018Q4_earnings,earnings_sp500_2016_2025,NVDA,2018-10-15,earnings,down,down,True,1.04,0.5541,earnings_release → earnings_miss → guidance_cut,False,,
QCOM_2018Q4_earnings,earnings_sp500_2016_2025,QCOM,2018-10-15,earnings,neutral,down,False,0.04,0.5541,earnings_release → earnings_miss → guidance_cut,False,,
SBUX_2018Q4_earnings,earnings_sp500_2016_2025,SBUX,2018-10-15,earnings,neutral,down,False,0.12,0.5541,earnings_release → earnings_miss → guidance_cut,False,,
SNPS_2018Q4_earnings,earnings_sp500_2016_2025,SNPS,2018-10-15,earnings,down,down,True,0.32,0.5541,earnings_release → earnings_miss → guidance_cut,False,,
DIS_2018Q4_earnings,earnings_sp500_2016_2025,DIS,2018-10-16,earnings,up,neutral,False,2.4,0.0749,earnings_release → earnings_beat → sector_etf_movement → institutional_rebalance,False,,
KO_2018Q4_earnings,earnings_sp500_2016_2025,KO,2018-10-16,earnings,up,neutral,False,1.28,0.0749,earnings_release → earnings_beat → sector_etf_movement → institutional_rebalance,False,,
TSLA_2018Q4_earnings,earnings_sp500_2016_2025,TSLA,2018-10-16,earnings,up,neutral,False,6.5,0.0749,earnings_release → earnings_beat → sector_etf_movement → institutional_rebalance,False,,
IBM_2018Q4_earnings,earnings_sp500_2016_2025,IBM,2018-10-17,earnings,down,down,True,1.76,0.5541,earnings_release → earnings_miss → guidance_cut,False,,
UNP_2018Q4_earnings,earnings_sp500_2016_2025,UNP,2018-10-17,earnings,down,down,True,0.49,0.5541,earnings_release → earnings_miss → guidance_cut,False,,
ACN_2018Q4_earnings,earnings_sp500_2016_2025,ACN,2018-10-18,earnings,down,down,True,0.39,0.5541,earnings_release → earnings_miss → guidance_cut,False,,
AMD_2018Q4_earnings,earnings_sp500_2016_2025,AMD,2018-10-18,earnings,down,down,True,0.57,0.5541,earnings_release → earnings_miss → guidance_cut,False,,
BA_2018Q4_earnings,earnings_sp500_2016_2025,BA,2018-10-18,earnings,down,down,True,0.39,0.5541,earnings_release → earnings_miss → guidance_cut,False,,
BKNG_2018Q4_earnings,earnings_sp500_2016_2025,BKNG,2018-10-18,earnings,down,down,True,0.48,0.5541,earnings_release → earnings_miss → guidance_cut,False,,
COIN_2018Q4_earnings,earnings_sp500_2016_2025,COIN,2018-10-18,earnings,neutral,down,False,0.23,0.5541,earnings_release → earnings_miss → guidance_cut,True,,
PG_2018Q4_earnings,earnings_sp500_2016_2025,PG,2018-10-18,earnings,down,down,True,0.46,0.5541,earnings_release → earnings_miss → guidance_cut,False,,
V_2018Q4_earnings,earnings_sp500_2016_2025,V,2018-10-18,earnings,down,down,True,0.51,0.5541,earnings_release → earnings_miss → guidance_cut,False,,
VRTX_2018Q4_earnings,earnings_sp500_2016_2025,VRTX,2018-10-18,earnings,down,down,True,0.82,0.5541,earnings_release → earnings_miss → guidance_cut,False,,
ZM_2018Q4_earnings,earnings_sp500_2016_2025,ZM,2018-10-18,earnings,up,neutral,False,4.47,0.0749,earnings_release → earnings_beat → sector_etf_movement → institutional_rebalance,True,,
MSFT_2018Q4_earnings,earnings_sp500_2016_2025,MSFT,2018-10-19,earnings,neutral,down,False,0.03,0.5541,earnings_release → earnings_miss → guidance_cut,False,,
WMT_2018Q4_earnings,earnings_sp500_2016_2025,WMT,2018-10-19,earnings,up,neutral,False,1.01,0.0749,earnings_release → earnings_beat → sector_etf_movement → institutional_rebalance,False,,
DOCU_2018Q4_earnings,earnings_sp500_2016_2025,DOCU,2018-10-20,earnings,neutral,down,False,0.14,0.5541,earnings_release → earnings_miss → guidance_cut,True,,
PYPL_2018Q4_earnings,earnings_sp500_2016_2025,PYPL,2018-10-20,earnings,neutral,down,False,0.14,0.5541,earnings_release → earnings_miss → guidance_cut,True,,
UPS_2018Q4_earnings,earnings_sp500_2016_2025,UPS,2018-10-20,earnings,neutral,down,False,0.14,0.5541,earnings_release → earnings_miss → guidance_cut,True,,
CDNS_2018Q4_earnings,earnings_sp500_2016_2025,CDNS,2018-10-21,earnings,neutral,down,False,0.05,0.5541,earnings_release → earnings_miss → guidance_cut,True,,
CRM_2018Q4_earnings,earnings_sp500_2016_2025,CRM,2018-10-21,earnings,neutral,down,False,0.14,0.5541,earnings_release → earnings_miss → guidance_cut,True,,
INTC_2018Q4_earnings,earnings_sp500_2016_2025,INTC,2018-10-21,earnings,neutral,down,False,0.14,0.5541,earnings_release → earnings_miss → guidance_cut,True,,
CVX_2018Q4_earnings,earnings_sp500_2016_2025,CVX,2018-10-22,earnings,neutral,down,False,0.18,0.5541,earnings_release → earnings_miss → guidance_cut,False,,
GOOGL_2018Q4_earnings,earnings_sp500_2016_2025,GOOGL,2018-10-22,earnings,neutral,down,False,0.13,0.5541,earnings_release → earnings_miss → guidance_cut,False,,
GE_2018Q4_earnings,earnings_sp500_2016_2025,GE,2018-10-23,earnings,up,neutral,False,2.48,0.0749,earnings_release → earnings_beat → sector_etf_movement → institutional_rebalance,False,,
MA_2018Q4_earnings,earnings_sp500_2016_2025,MA,2018-10-23,earnings,down,down,True,0.23,0.5541,earnings_release → earnings_miss → guidance_cut,False,,
SHOP_2018Q4_earnings,earnings_sp500_2016_2025,SHOP,2018-10-23,earnings,down,down,True,0.38,0.5541,earnings_release → earnings_miss → guidance_cut,False,,
ADI_2018Q4_earnings,earnings_sp500_2016_2025,ADI,2018-10-24,earnings,down,down,True,1.35,0.5541,earnings_release → earnings_miss → guidance_cut,False,,
PANW_2018Q4_earnings,earnings_sp500_2016_2025,PANW,2018-10-24,earnings,down,down,True,1.32,0.5541,earnings_release → earnings_miss → guidance_cut,False,,
UNH_2018Q4_earnings,earnings_sp500_2016_2025,UNH,2018-10-24,earnings,down,down,True,0.74,0.5541,earnings_release → earnings_miss → guidance_cut,False,,
GOOGL_2019Q1_earnings,earnings_sp500_2016_2025,GOOGL,2019-01-05,earnings,down,down,True,3.57,0.5541,earnings_release → earnings_miss → guidance_cut,True,,
ISRG_2019Q1_earnings,earnings_sp500_2016_2025,ISRG,2019-01-05,earnings,neutral,down,False,0.14,0.5541,earnings_release → earnings_miss → guidance_cut,True,,
MS_2019Q1_earnings,earnings_sp500_2016_2025,MS,2019-01-05,earnings,up,neutral,False,7.45,0.0749,earnings_release → earnings_beat → sector_etf_movement → institutional_rebalance,True,,
ZM_2019Q1_earnings,earnings_sp500_2016_2025,ZM,2019-01-05,earnings,neutral,down,False,0.14,0.5541,earnings_release → earnings_miss → guidance_cut,True,,
CVX_2019Q1_earnings,earnings_sp500_2016_2025,CVX,2019-01-06,earnings,neutral,down,False,0.14,0.5541,earnings_release → earnings_miss → guidance_cut,True,,
RTX_2019Q1_earnings,earnings_sp500_2016_2025,RTX,2019-01-06,earnings,up,neutral,False,1.49,0.0749,earnings_release → earnings_beat → sector_etf_movement → institutional_rebalance,True,,
SNAP_2019Q1_earnings,earnings_sp500_2016_2025,SNAP,2019-01-06,earnings,up,neutral,False,7.45,0.0749,earnings_release → earnings_beat → sector_etf_movement → institutional_rebalance,True,,
ACN_2019Q1_earnings,earnings_sp500_2016_2025,ACN,2019-01-08,earnings,up,neutral,False,2.51,0.0749,earnings_release → earnings_beat → sector_etf_movement → institutional_rebalance,False,,
AVGO_2019Q1_earnings,earnings_sp500_2016_2025,AVGO,2019-01-08,earnings,neutral,down,False,0.18,0.5541,earnings_release → earnings_miss → guidance_cut,False,,
PANW_2019Q1_earnings,earnings_sp500_2016_2025,PANW,2019-01-08,earnings,up,neutral,False,1.63,0.0749,earnings_release → earnings_beat → sector_etf_movement → institutional_rebalance,False,,
REGN_2019Q1_earnings,earnings_sp500_2016_2025,REGN,2019-01-08,earnings,neutral,down,False,0.04,0.5541,earnings_release → earnings_miss → guidance_cut,False,,
TMO_2019Q1_earnings,earnings_sp500_2016_2025,TMO,2019-01-08,earnings,up,neutral,False,2.31,0.0749,earnings_release → earnings_beat → sector_etf_movement → institutional_rebalance,False,,
HON_2019Q1_earnings,earnings_sp500_2016_2025,HON,2019-01-09,earnings,neutral,down,False,0.11,0.5541,earnings_release → earnings_miss → guidance_cut,False,,
IBM_2019Q1_earnings,earnings_sp500_2016_2025,IBM,2019-01-09,earnings,neutral,down,False,0.17,0.5541,earnings_release → earnings_miss → guidance_cut,False,,
WMT_2019Q1_earnings,earnings_sp500_2016_2025,WMT,2019-01-09,earnings,neutral,down,False,0.08,0.5541,earnings_release → earnings_miss → guidance_cut,False,,
ADI_2019Q1_earnings,earnings_sp500_2016_2025,ADI,2019-01-10,earnings,up,neutral,False,1.37,0.0749,earnings_release → earnings_beat → sector_etf_movement → institutional_rebalance,False,,
CAT_2019Q1_earnings,earnings_sp500_2016_2025,CAT,2019-01-10,earnings,up,neutral,False,2.05,0.0749,earnings_release → earnings_beat → sector_etf_movement → institutional_rebalance,False,,
DOCU_2019Q1_earnings,earnings_sp500_2016_2025,DOCU,2019-01-10,earnings,up,neutral,False,3.17,0.0749,earnings_release → earnings_beat → sector_etf_movement → institutional_rebalance,False,,
HD_2019Q1_earnings,earnings_sp500_2016_2025,HD,2019-01-10,earnings,neutral,down,False,0.09,0.5541,earnings_release → earnings_miss → guidance_cut,False,,
MA_2019Q1_earnings,earnings_sp500_2016_2025,MA,2019-01-10,earnings,neutral,down,False,0.14,0.5541,earnings_release → earnings_miss → guidance_cut,False,,
NFLX_2019Q1_earnings,earnings_sp500_2016_2025,NFLX,2019-01-10,earnings,up,neutral,False,1.46,0.0749,earnings_release → earnings_beat → sector_etf_movement → institutional_rebalance,False,,
SHOP_2019Q1_earnings,earnings_sp500_2016_2025,SHOP,2019-01-10,earnings,neutral,down,False,0.06,0.5541,earnings_release → earnings_miss → guidance_cut,False,,
V_2019Q1_earnings,earnings_sp500_2016_2025,V,2019-01-11,earnings,neutral,down,False,0.1,0.5541,earnings_release → earnings_miss → guidance_cut,False,,
SBUX_2019Q1_earnings,earnings_sp500_2016_2025,SBUX,2019-01-12,earnings,up,neutral,False,14.4,0.0749,earnings_release → earnings_beat → sector_etf_movement → institutional_rebalance,True,,
SNPS_2019Q1_earnings,earnings_sp500_2016_2025,SNPS,2019-01-12,earnings,down,down,True,3.8,0.5541,earnings_release → earnings_miss → guidance_cut,True,,
BA_2019Q1_earnings,earnings_sp500_2016_2025,BA,2019-01-13,earnings,neutral,down,False,0.05,0.5541,earnings_release → earnings_miss → guidance_cut,True,,
COST_2019Q1_earnings,earnings_sp500_2016_2025,COST,2019-01-13,earnings,neutral,down,False,0.05,0.5541,earnings_release → earnings_miss → guidance_cut,True,,
JPM_2019Q1_earnings,earnings_sp500_2016_2025,JPM,2019-01-13,earnings,down,down,True,3.57,0.5541,earnings_release → earnings_miss → guidance_cut,True,,
NVDA_2019Q1_earnings,earnings_sp500_2016_2025,NVDA,2019-01-13,earnings,down,down,True,3.34,0.5541,earnings_release → earnings_miss → guidance_cut,True,,
PM_2019Q1_earnings,earnings_sp500_2016_2025,PM,2019-01-13,earnings,neutral,down,False,0.14,0.5541,earnings_release → earnings_miss → guidance_cut,True,,
TXN_2019Q1_earnings,earnings_sp500_2016_2025,TXN,2019-01-13,earnings,neutral,down,False,0.05,0.5541,earnings_release → earnings_miss → guidance_cut,True,,
CDNS_2019Q1_earnings,earnings_sp500_2016_2025,CDNS,2019-01-14,earnings,neutral,down,False,0.04,0.5541,earnings_release → earnings_miss → guidance_cut,False,,
JNJ_2019Q1_earnings,earnings_sp500_2016_2025,JNJ,2019-01-14,earnings,down,down,True,0.26,0.5541,earnings_release → earnings_miss → guidance_cut,False,,
ADBE_2019Q1_earnings,earnings_sp500_2016_2025,ADBE,2019-01-15,earnings,up,neutral,False,3.31,0.0749,earnings_release → earnings_beat → sector_etf_movement → institutional_rebalance,False,,
BLK_2019Q1_earnings,earnings_sp500_2016_2025,BLK,2019-01-15,earnings,up,neutral,False,1.07,0.0749,earnings_release → earnings_beat → sector_etf_movement → institutional_rebalance,False,,
BRK.B_2019Q1_earnings,earnings_sp500_2016_2025,BRK.B,2019-01-15,earnings,neutral,down,False,0.14,0.5541,earnings_release → earnings_miss → guidance_cut,False,,
LRCX_2019Q1_earnings,earnings_sp500_2016_2025,LRCX,2019-01-15,earnings,neutral,down,False,0.07,0.5541,earnings_release → earnings_miss → guidance_cut,False,,
PG_2019Q1_earnings,earnings_sp500_2016_2025,PG,2019-01-15,earnings,neutral,down,False,0.22,0.5541,earnings_release → earnings_miss → guidance_cut,False,,
PYPL_2019Q1_earnings,earnings_sp500_2016_2025,PYPL,2019-01-15,earnings,up,neutral,False,1.28,0.0749,earnings_release → earnings_beat → sector_etf_movement → institutional_rebalance,False,,
SQ_2019Q1_earnings,earnings_sp500_2016_2025,SQ,2019-01-15,earnings,up,neutral,False,1.49,0.0749,earnings_release → earnings_beat → sector_etf_movement → institutional_rebalance,True,,
UPS_2019Q1_earnings,earnings_sp500_2016_2025,UPS,2019-01-15,earnings,down,down,True,0.37,0.5541,earnings_release → earnings_miss → guidance_cut,False,,
AMD_2019Q1_earnings,earnings_sp500_2016_2025,AMD,2019-01-16,earnings,down,down,True,0.74,0.5541,earnings_release → earnings_miss → guidance_cut,False,,
CSCO_2019Q1_earnings,earnings_sp500_2016_2025,CSCO,2019-01-16,earnings,neutral,down,False,0.03,0.5541,earnings_release → earnings_miss → guidance_cut,False,,
DIS_2019Q1_earnings,earnings_sp500_2016_2025,DIS,2019-01-16,earnings,neutral,down,False,0.18,0.5541,earnings_release → earnings_miss → guidance_cut,False,,
MCD_2019Q1_earnings,earnings_sp500_2016_2025,MCD,2019-01-16,earnings,neutral,down,False,0.21,0.5541,earnings_release → earnings_miss → guidance_cut,False,,
TSLA_2019Q1_earnings,earnings_sp500_2016_2025,TSLA,2019-01-16,earnings,neutral,down,False,0.11,0.5541,earnings_release → earnings_miss → guidance_cut,False,,
UNH_2019Q1_earnings,earnings_sp500_2016_2025,UNH,2019-01-16,earnings,up,neutral,False,1.78,0.0749,earnings_release → earnings_beat → sector_etf_movement → institutional_rebalance,False,,
AAPL_2019Q1_earnings,earnings_sp500_2016_2025,AAPL,2019-01-17,earnings,neutral,down,False,0.14,0.5541,earnings_release → earnings_miss → guidance_cut,False,,
GILD_2019Q1_earnings,earnings_sp500_2016_2025,GILD,2019-01-17,earnings,up,neutral,False,1.48,0.0749,earnings_release → earnings_beat → sector_etf_movement → institutional_rebalance,False,,
INTC_2019Q1_earnings,earnings_sp500_2016_2025,INTC,2019-01-17,earnings,neutral,down,False,0.16,0.5541,earnings_release → earnings_miss → guidance_cut,False,,
CMCSA_2019Q1_earnings,earnings_sp500_2016_2025,CMCSA,2019-01-18,earnings,neutral,down,False,0.19,0.5541,earnings_release → earnings_miss → guidance_cut,False,,
UBER_2019Q1_earnings,earnings_sp500_2016_2025,UBER,2019-01-18,earnings,up,neutral,False,3.48,0.0749,earnings_release → earnings_beat → sector_etf_movement → institutional_rebalance,True,,
VZ_2019Q1_earnings,earnings_sp500_2016_2025,VZ,2019-01-18,earnings,neutral,down,False,0.11,0.5541,earnings_release → earnings_miss → guidance_cut,False,,
XOM_2019Q1_earnings,earnings_sp500_2016_2025,XOM,2019-01-18,earnings,up,neutral,False,1.18,0.0749,earnings_release → earnings_beat → sector_etf_movement → institutional_rebalance,False,,
ABT_2019Q1_earnings,earnings_sp500_2016_2025,ABT,2019-01-19,earnings,up,neutral,False,9.43,0.0749,earnings_release → earnings_beat → sector_etf_movement → institutional_rebalance,True,,
ABNB_2019Q1_earnings,earnings_sp500_2016_2025,ABNB,2019-01-20,earnings,down,down,True,1.73,0.5541,earnings_release → earnings_miss → guidance_cut,True,,
CRM_2019Q1_earnings,earnings_sp500_2016_2025,CRM,2019-01-20,earnings,neutral,down,False,0.05,0.5541,earnings_release → earnings_miss → guidance_cut,True,,
MDT_2019Q1_earnings,earnings_sp500_2016_2025,MDT,2019-01-20,earnings,neutral,down,False,0.14,0.5541,earnings_release → earnings_miss → guidance_cut,True,,
META_2019Q1_earnings,earnings_sp500_2016_2025,META,2019-01-20,earnings,up,neutral,False,12.41,0.0749,earnings_release → earnings_beat → sector_etf_movement → institutional_rebalance,True,,
NKE_2019Q1_earnings,earnings_sp500_2016_2025,NKE,2019-01-20,earnings,up,neutral,False,2.48,0.0749,earnings_release → earnings_beat → sector_etf_movement → institutional_rebalance,True,,
ROKU_2019Q1_earnings,earnings_sp500_2016_2025,ROKU,2019-01-20,earnings,down,down,True,2.88,0.5541,earnings_release → earnings_miss → guidance_cut,True,,
VRTX_2019Q1_earnings,earnings_sp500_2016_2025,VRTX,2019-01-20,earnings,down,down,True,1.73,0.5541,earnings_release → earnings_miss → guidance_cut,True,,
GE_2019Q1_earnings,earnings_sp500_2016_2025,GE,2019-01-21,earnings,down,down,True,3.11,0.5541,earnings_release → earnings_miss → guidance_cut,True,,
GS_2019Q1_earnings,earnings_sp500_2016_2025,GS,2019-01-21,earnings,up,neutral,False,11.42,0.0749,earnings_release → earnings_beat → sector_etf_movement → institutional_rebalance,True,,
PEP_2019Q1_earnings,earnings_sp500_2016_2025,PEP,2019-01-21,earnings,down,down,True,1.27,0.5541,earnings_release → earnings_miss → guidance_cut,True,,
DHR_2019Q1_earnings,earnings_sp500_2016_2025,DHR,2019-01-22,earnings,neutral,down,False,0.22,0.5541,earnings_release → earnings_miss → guidance_cut,False,,
KO_2019Q1_earnings,earnings_sp500_2016_2025,KO,2019-01-22,earnings,neutral,down,False,0.05,0.5541,earnings_release → earnings_miss → guidance_cut,False,,
LOW_2019Q1_earnings,earnings_sp500_2016_2025,LOW,2019-01-22,earnings,down,down,True,0.83,0.5541,earnings_release → earnings_miss → guidance_cut,False,,
SPGI_2019Q1_earnings,earnings_sp500_2016_2025,SPGI,2019-01-22,earnings,neutral,down,False,0.17,0.5541,earnings_release → earnings_miss → guidance_cut,False,,
AMAT_2019Q1_earnings,earnings_sp500_2016_2025,AMAT,2019-01-23,earnings,neutral,down,False,0.09,0.5541,earnings_release → earnings_miss → guidance_cut,False,,
AMZN_2019Q1_earnings,earnings_sp500_2016_2025,AMZN,2019-01-23,earnings,neutral,down,False,0.11,0.5541,earnings_release → earnings_miss → guidance_cut,False,,
AXP_2019Q1_earnings,earnings_sp500_2016_2025,AXP,2019-01-23,earnings,neutral,down,False,0.03,0.5541,earnings_release → earnings_miss → guidance_cut,False,,
BKNG_2019Q1_earnings,earnings_sp500_2016_2025,BKNG,2019-01-23,earnings,up,neutral,False,2.06,0.0749,earnings_release → earnings_beat → sector_etf_movement → institutional_rebalance,False,,
UNP_2019Q1_earnings,earnings_sp500_2016_2025,UNP,2019-01-23,earnings,neutral,down,False,0.1,0.5541,earnings_release → earnings_miss → guidance_cut,False,,
ABBV_2019Q1_earnings,earnings_sp500_2016_2025,ABBV,2019-01-24,earnings,down,down,True,0.67,0.5541,earnings_release → earnings_miss → guidance_cut,False,,
COIN_2019Q1_earnings,earnings_sp500_2016_2025,COIN,2019-01-24,earnings,down,down,True,1.5,0.5541,earnings_release → earnings_miss → guidance_cut,True,,
MRK_2019Q1_earnings,earnings_sp500_2016_2025,MRK,2019-01-24,earnings,down,down,True,0.69,0.5541,earnings_release → earnings_miss → guidance_cut,False,,
MSFT_2019Q1_earnings,earnings_sp500_2016_2025,MSFT,2019-01-24,earnings,neutral,down,False,0.11,0.5541,earnings_release → earnings_miss → guidance_cut,False,,
QCOM_2019Q1_earnings,earnings_sp500_2016_2025,QCOM,2019-01-24,earnings,down,down,True,0.43,0.5541,earnings_release → earnings_miss → guidance_cut,False,,
WFC_2019Q1_earnings,earnings_sp500_2016_2025,WFC,2019-01-24,earnings,neutral,down,False,0.06,0.5541,earnings_release → earnings_miss → guidance_cut,False,,
ADI_2019Q2_earnings,earnings_sp500_2016_2025,ADI,2019-04-05,earnings,neutral,down,False,0.19,0.5541,earnings_release → earnings_miss → guidance_cut,False,,
COST_2019Q2_earnings,earnings_sp500_2016_2025,COST,2019-04-05,earnings,neutral,down,False,0.14,0.5541,earnings_release → earnings_miss → guidance_cut,False,,
HD_2019Q2_earnings,earnings_sp500_2016_2025,HD,2019-04-05,earnings,neutral,down,False,0.18,0.5541,earnings_release → earnings_miss → guidance_cut,False,,
PM_2019Q2_earnings,earnings_sp500_2016_2025,PM,2019-04-05,earnings,neutral,down,False,0.17,0.5541,earnings_release → earnings_miss → guidance_cut,False,,
RTX_2019Q2_earnings,earnings_sp500_2016_2025,RTX,2019-04-05,earnings,neutral,down,False,0.18,0.5541,earnings_release → earnings_miss → guidance_cut,False,,
WMT_2019Q2_earnings,earnings_sp500_2016_2025,WMT,2019-04-05,earnings,neutral,down,False,0.17,0.5541,earnings_release → earnings_miss → guidance_cut,False,,
ACN_2019Q2_earnings,earnings_sp500_2016_2025,ACN,2019-04-06,earnings,up,neutral,False,2.48,0.0749,earnings_release → earnings_beat → sector_etf_movement → institutional_rebalance,True,,
CAT_2019Q2_earnings,earnings_sp500_2016_2025,CAT,2019-04-06,earnings,neutral,down,False,0.14,0.5541,earnings_release → earnings_miss → guidance_cut,True,,
CMCSA_2019Q2_earnings,earnings_sp500_2016_2025,CMCSA,2019-04-06,earnings,down,down,True,2.65,0.5541,earnings_release → earnings_miss → guidance_cut,True,,
GE_2019Q2_earnings,earnings_sp500_2016_2025,GE,2019-04-06,earnings,down,down,True,1.73,0.5541,earnings_release → earnings_miss → guidance_cut,True,,
KO_2019Q2_earnings,earnings_sp500_2016_2025,KO,2019-04-06,earnings,up,neutral,False,5.46,0.0749,earnings_release → earnings_beat → sector_etf_movement → institutional_rebalance,True,,
ABBV_2019Q2_earnings,earnings_sp500_2016_2025,ABBV,2019-04-07,earnings,neutral,down,False,0.14,0.5541,earnings_release → earnings_miss → guidance_cut,True,,
GOOGL_2019Q2_earnings,earnings_sp500_2016_2025,GOOGL,2019-04-07,earnings,neutral,down,False,0.14,0.5541,earnings_release → earnings_miss → guidance_cut,True,,
SPGI_2019Q2_earnings,earnings_sp500_2016_2025,SPGI,2019-04-07,earnings,neutral,down,False,0.23,0.5541,earnings_release → earnings_miss → guidance_cut,True,,
AXP_2019Q2_earnings,earnings_sp500_2016_2025,AXP,2019-04-08,earnings,neutral,down,False,0.05,0.5541,earnings_release → earnings_miss → guidance_cut,False,,
BLK_2019Q2_earnings,earnings_sp500_2016_2025,BLK,2019-04-08,earnings,neutral,down,False,0.05,0.5541,earnings_release → earnings_miss → guidance_cut,False,,
CSCO_2019Q2_earnings,earnings_sp500_2016_2025,CSCO,2019-04-08,earnings,neutral,down,False,0.12,0.5541,earnings_release → earnings_miss → guidance_cut,False,,
NKE_2019Q2_earnings,earnings_sp500_2016_2025,NKE,2019-04-08,earnings,neutral,down,False,0.18,0.5541,earnings_release → earnings_miss → guidance_cut,False,,
SNAP_2019Q2_earnings,earnings_sp500_2016_2025,SNAP,2019-04-08,earnings,up,neutral,False,3.6,0.0749,earnings_release → earnings_beat → sector_etf_movement → institutional_rebalance,False,,
TSLA_2019Q2_earnings,earnings_sp500_2016_2025,TSLA,2019-04-08,earnings,neutral,down,False,0.15,0.5541,earnings_release → earnings_miss → guidance_cut,False,,
CDNS_2019Q2_earnings,earnings_sp500_2016_2025,CDNS,2019-04-09,earnings,neutral,down,False,0.12,0.5541,earnings_release → earnings_miss → guidance_cut,False,,
UPS_2019Q2_earnings,earnings_sp500_2016_2025,UPS,2019-04-09,earnings,neutral,down,False,0.21,0.5541,earnings_release → earnings_miss → guidance_cut,False,,
AMAT_2019Q2_earnings,earnings_sp500_2016_2025,AMAT,2019-04-10,earnings,neutral,down,False,0.09,0.5541,earnings_release → earnings_miss → guidance_cut,False,,
CRM_2019Q2_earnings,earnings_sp500_2016_2025,CRM,2019-04-10,earnings,up,neutral,False,2.07,0.0749,earnings_release → earnings_beat → sector_etf_movement → institutional_rebalance,False,,
DHR_2019Q2_earnings,earnings_sp500_2016_2025,DHR,2019-04-10,earnings,neutral,down,False,0.06,0.5541,earnings_release → earnings_miss → guidance_cut,False,,
MDT_2019Q2_earnings,earnings_sp500_2016_2025,MDT,2019-04-10,earnings,neutral,down,False,0.02,0.5541,earnings_release → earnings_miss → guidance_cut,False,,
SNPS_2019Q2_earnings,earnings_sp500_2016_2025,SNPS,2019-04-10,earnings,neutral,down,False,0.12,0.5541,earnings_release → earnings_miss → guidance_cut,False,,
UNP_2019Q2_earnings,earnings_sp500_2016_2025,UNP,2019-04-10,earnings,neutral,down,False,0.04,0.5541,earnings_release → earnings_miss → guidance_cut,False,,
AMZN_2019Q2_earnings,earnings_sp500_2016_2025,AMZN,2019-04-11,earnings,neutral,down,False,0.04,0.5541,earnings_release → earnings_miss → guidance_cut,False,,
BRK.B_2019Q2_earnings,earnings_sp500_2016_2025,BRK.B,2019-04-11,earnings,up,neutral,False,1.04,0.0749,earnings_release → earnings_beat → sector_etf_movement → institutional_rebalance,False,,
REGN_2019Q2_earnings,earnings_sp500_2016_2025,REGN,2019-04-11,earnings,down,down,True,0.83,0.5541,earnings_release → earnings_miss → guidance_cut,False,,
ABT_2019Q2_earnings,earnings_sp500_2016_2025,ABT,2019-04-12,earnings,neutral,down,False,0.15,0.5541,earnings_release → earnings_miss → guidance_cut,False,,
GILD_2019Q2_earnings,earnings_sp500_2016_2025,GILD,2019-04-12,earnings,down,down,True,0.36,0.5541,earnings_release → earnings_miss → guidance_cut,False,,
LOW_2019Q2_earnings,earnings_sp500_2016_2025,LOW,2019-04-12,earnings,neutral,down,False,0.23,0.5541,earnings_release → earnings_miss → guidance_cut,False,,
BA_2019Q2_earnings,earnings_sp500_2016_2025,BA,2019-04-13,earnings,up,neutral,False,11.42,0.0749,earnings_release → earnings_beat → sector_etf_movement → institutional_rebalance,True,,
JPM_2019Q2_earnings,earnings_sp500_2016_2025,JPM,2019-04-13,earnings,down,down,True,2.19,0.5541,earnings_release → earnings_miss → guidance_cut,True,,
PYPL_2019Q2_earnings,earnings_sp500_2016_2025,PYPL,2019-04-13,earnings,up,neutral,False,14.4,0.0749,earnings_release → earnings_beat → sector_etf_movement → institutional_rebalance,True,,
V_2019Q2_earnings,earnings_sp500_2016_2025,V,2019-04-13,earnings,up,neutral,False,10.43,0.0749,earnings_release → earnings_beat → sector_etf_movement → institutional_rebalance,True,,
AVGO_2019Q2_earnings,earnings_sp500_2016_2025,AVGO,2019-04-14,earnings,neutral,down,False,0.05,0.5541,earnings_release → earnings_miss → guidance_cut,True,,
DOCU_2019Q2_earnings,earnings_sp500_2016_2025,DOCU,2019-04-14,earnings,neutral,down,False,0.05,0.5541,earnings_release → earnings_miss → guidance_cut,True,,
HON_2019Q2_earnings,earnings_sp500_2016_2025,HON,2019-04-14,earnings,neutral,down,False,0.05,0.5541,earnings_release → earnings_miss → guidance_cut,True,,
JNJ_2019Q2_earnings,earnings_sp500_2016_2025,JNJ,2019-04-14,earnings,down,down,True,2.19,0.5541,earnings_release → earnings_miss → guidance_cut,True,,
MSFT_2019Q2_earnings,earnings_sp500_2016_2025,MSFT,2019-04-14,earnings,neutral,down,False,0.14,0.5541,earnings_release → earnings_miss → guidance_cut,True,,
UNH_2019Q2_earnings,earnings_sp500_2016_2025,UNH,2019-04-14,earnings,down,down,True,3.57,0.5541,earnings_release → earnings_miss → guidance_cut,True,,
ZM_2019Q2_earnings,earnings_sp500_2016_2025,ZM,2019-04-14,earnings,down,down,True,1.73,0.5541,earnings_release → earnings_miss → guidance_cut,True,,
QCOM_2019Q2_earnings,earnings_sp500_2016_2025,QCOM,2019-04-15,earnings,neutral,down,False,0.09,0.5541,earnings_release → earnings_miss → guidance_cut,False,,
DIS_2019Q2_earnings,earnings_sp500_2016_2025,DIS,2019-04-16,earnings,down,down,True,0.37,0.5541,earnings_release → earnings_miss → guidance_cut,False,,
MS_2019Q2_earnings,earnings_sp500_2016_2025,MS,2019-04-16,earnings,up,neutral,False,2.03,0.0749,earnings_release → earnings_beat → sector_etf_movement → institutional_rebalance,False,,
NVDA_2019Q2_earnings,earnings_sp500_2016_2025,NVDA,2019-04-16,earnings,up,neutral,False,1.89,0.0749,earnings_release → earnings_beat → sector_etf_movement → institutional_rebalance,False,,
TMO_2019Q2_earnings,earnings_sp500_2016_2025,TMO,2019-04-16,earnings,down,down,True,0.89,0.5541,earnings_release → earnings_miss → guidance_cut,False,,
TXN_2019Q2_earnings,earnings_sp500_2016_2025,TXN,2019-04-16,earnings,up,neutral,False,1.1,0.0749,earnings_release → earnings_beat → sector_etf_movement → institutional_rebalance,False,,
ADBE_2019Q2_earnings,earnings_sp500_2016_2025,ADBE,2019-04-17,earnings,neutral,down,False,0.17,0.5541,earnings_release → earnings_miss → guidance_cut,False,,
CVX_2019Q2_earnings,earnings_sp500_2016_2025,CVX,2019-04-17,earnings,neutral,down,False,0.17,0.5541,earnings_release → earnings_miss → guidance_cut,False,,
MRK_2019Q2_earnings,earnings_sp500_2016_2025,MRK,2019-04-17,earnings,down,down,True,1.08,0.5541,earnings_release → earnings_miss → guidance_cut,False,,
UBER_2019Q2_earnings,earnings_sp500_2016_2025,UBER,2019-04-17,earnings,down,down,True,3.11,0.5541,earnings_release → earnings_miss → guidance_cut,True,,
VZ_2019Q2_earnings,earnings_sp500_2016_2025,VZ,2019-04-17,earnings,down,down,True,0.4,0.5541,earnings_release → earnings_miss → guidance_cut,False,,
IBM_2019Q2_earnings,earnings_sp500_2016_2025,IBM,2019-04-18,earnings,neutral,down,False,0.2,0.5541,earnings_release → earnings_miss → guidance_cut,False,,
PANW_2019Q2_earnings,earnings_sp500_2016_2025,PANW,2019-04-18,earnings,down,down,True,0.38,0.5541,earnings_release → earnings_miss → guidance_cut,False,,
AMD_2019Q2_earnings,earnings_sp500_2016_2025,AMD,2019-04-19,earnings,neutral,down,False,0.23,0.5541,earnings_release → earnings_miss → guidance_cut,True,,
COIN_2019Q2_earnings,earnings_sp500_2016_2025,COIN,2019-04-19,earnings,neutral,down,False,0.14,0.5541,earnings_release → earnings_miss → guidance_cut,True,,
GS_2019Q2_earnings,earnings_sp500_2016_2025,GS,2019-04-19,earnings,down,down,True,0.58,0.5541,earnings_release → earnings_miss → guidance_cut,True,,
LRCX_2019Q2_earnings,earnings_sp500_2016_2025,LRCX,2019-04-19,earnings,neutral,down,False,0.23,0.5541,earnings_release → earnings_miss → guidance_cut,True,,
ABNB_2019Q2_earnings,earnings_sp500_2016_2025,ABNB,2019-04-20,earnings,down,down,True,1.04,0.5541,earnings_release → earnings_miss → guidance_cut,True,,
ROKU_2019Q2_earnings,earnings_sp500_2016_2025,ROKU,2019-04-20,earnings,down,down,True,2.88,0.5541,earnings_release → earnings_miss → guidance_cut,True,,
SQ_2019Q2_earnings,earnings_sp500_2016_2025,SQ,2019-04-20,earnings,neutral,down,False,0.23,0.5541,earnings_release → earnings_miss → guidance_cut,True,,
BKNG_2019Q2_earnings,earnings_sp500_2016_2025,BKNG,2019-04-21,earnings,up,neutral,False,9.43,0.0749,earnings_release → earnings_beat → sector_etf_movement → institutional_rebalance,True,,
ISRG_2019Q2_earnings,earnings_sp500_2016_2025,ISRG,2019-04-21,earnings,up,neutral,False,10.43,0.0749,earnings_release → earnings_beat → sector_etf_movement → institutional_rebalance,True,,
SBUX_2019Q2_earnings,earnings_sp500_2016_2025,SBUX,2019-04-21,earnings,down,down,True,0.81,0.5541,earnings_release → earnings_miss → guidance_cut,True,,
VRTX_2019Q2_earnings,earnings_sp500_2016_2025,VRTX,2019-04-21,earnings,up,neutral,False,3.48,0.0749,earnings_release → earnings_beat → sector_etf_movement → institutional_rebalance,True,,
INTC_2019Q2_earnings,earnings_sp500_2016_2025,INTC,2019-04-22,earnings,neutral,down,False,0.13,0.5541,earnings_release → earnings_miss → guidance_cut,False,,
META_2019Q2_earnings,earnings_sp500_2016_2025,META,2019-04-22,earnings,up,neutral,False,1.76,0.0749,earnings_release → earnings_beat → sector_etf_movement → institutional_rebalance,False,,
PG_2019Q2_earnings,earnings_sp500_2016_2025,PG,2019-04-22,earnings,neutral,down,False,0.01,0.5541,earnings_release → earnings_miss → guidance_cut,False,,
SHOP_2019Q2_earnings,earnings_sp500_2016_2025,SHOP,2019-04-22,earnings,up,neutral,False,1.61,0.0749,earnings_release → earnings_beat → sector_etf_movement → institutional_rebalance,False,,
AAPL_2019Q2_earnings,earnings_sp500_2016_2025,AAPL,2019-04-23,earnings,up,neutral,False,1.43,0.0749,earnings_release → earnings_beat → sector_etf_movement → institutional_rebalance,False,,
MA_2019Q2_earnings,earnings_sp500_2016_2025,MA,2019-04-23,earnings,neutral,down,False,0.04,0.5541,earnings_release → earnings_miss → guidance_cut,False,,
MCD_2019Q2_earnings,earnings_sp500_2016_2025,MCD,2019-04-23,earnings,neutral,down,False,0.16,0.5541,earnings_release → earnings_miss → guidance_cut,False,,
NFLX_2019Q2_earnings,earnings_sp500_2016_2025,NFLX,2019-04-23,earnings,up,neutral,False,1.2,0.0749,earnings_release → earnings_beat → sector_etf_movement → institutional_rebalance,False,,
XOM_2019Q2_earnings,earnings_sp500_2016_2025,XOM,2019-04-23,earnings,neutral,down,False,0.13,0.5541,earnings_release → earnings_miss → guidance_cut,False,,
PEP_2019Q2_earnings,earnings_sp500_2016_2025,PEP,2019-04-24,earnings,neutral,down,False,0.03,0.5541,earnings_release → earnings_miss → guidance_cut,False,,
WFC_2019Q2_earnings,earnings_sp500_2016_2025,WFC,2019-04-24,earnings,neutral,down,False,0.06,0.5541,earnings_release → earnings_miss → guidance_cut,False,,
ACN_2019Q3_earnings,earnings_sp500_2016_2025,ACN,2019-07-05,earnings,neutral,down,False,0.05,0.5541,earnings_release → earnings_miss → guidance_cut,False,,
CVX_2019Q3_earnings,earnings_sp500_2016_2025,CVX,2019-07-05,earnings,neutral,down,False,0.03,0.5541,earnings_release → earnings_miss → guidance_cut,False,,
GS_2019Q3_earnings,earnings_sp500_2016_2025,GS,2019-07-05,earnings,neutral,down,False,0.21,0.5541,earnings_release → earnings_miss → guidance_cut,False,,
HON_2019Q3_earnings,earnings_sp500_2016_2025,HON,2019-07-05,earnings,down,down,True,0.23,0.5541,earnings_release → earnings_miss → guidance_cut,False,,
NFLX_2019Q3_earnings,earnings_sp500_2016_2025,NFLX,2019-07-05,earnings,neutral,down,False,0.07,0.5541,earnings_release → earnings_miss → guidance_cut,False,,
UNH_2019Q3_earnings,earnings_sp500_2016_2025,UNH,2019-07-05,earnings,neutral,down,False,0.17,0.5541,earnings_release → earnings_miss → guidance_cut,False,,
WFC_2019Q3_earnings,earnings_sp500_2016_2025,WFC,2019-07-05,earnings,neutral,down,False,0.05,0.5541,earnings_release → earnings_miss → guidance_cut,False,,
ABT_2019Q3_earnings,earnings_sp500_2016_2025,ABT,2019-07-06,earnings,up,neutral,False,7.45,0.0749,earnings_release → earnings_beat → sector_etf_movement → institutional_rebalance,True,,
AMD_2019Q3_earnings,earnings_sp500_2016_2025,AMD,2019-07-06,earnings,neutral,down,False,0.05,0.5541,earnings_release → earnings_miss → guidance_cut,True,,
COST_2019Q3_earnings,earnings_sp500_2016_2025,COST,2019-07-06,earnings,down,down,True,1.5,0.5541,earnings_release → earnings_miss → guidance_cut,True,,
JNJ_2019Q3_earnings,earnings_sp500_2016_2025,JNJ,2019-07-06,earnings,down,down,True,0.81,0.5541,earnings_release → earnings_miss → guidance_cut,True,,
PANW_2019Q3_earnings,earnings_sp500_2016_2025,PANW,2019-07-06,earnings,neutral,down,False,0.14,0.5541,earnings_release → earnings_miss → guidance_cut,True,,
PYPL_2019Q3_earnings,earnings_sp500_2016_2025,PYPL,2019-07-06,earnings,down,down,True,0.58,0.5541,earnings_release → earnings_miss → guidance_cut,True,,
SHOP_2019Q3_earnings,earnings_sp500_2016_2025,SHOP,2019-07-06,earnings,up,neutral,False,7.45,0.0749,earnings_release → earnings_beat → sector_etf_movement → institutional_rebalance,True,,
BLK_2019Q3_earnings,earnings_sp500_2016_2025,BLK,2019-07-07,earnings,down,down,True,1.04,0.5541,earnings_release → earnings_miss → guidance_cut,True,,
CAT_2019Q3_earnings,earnings_sp500_2016_2025,CAT,2019-07-07,earnings,up,neutral,False,1.49,0.0749,earnings_release → earnings_beat → sector_etf_movement → institutional_rebalance,True,,
DHR_2019Q3_earnings,earnings_sp500_2016_2025,DHR,2019-07-07,earnings,down,down,True,0.81,0.5541,earnings_release → earnings_miss → guidance_cut,True,,
PG_2019Q3_earnings,earnings_sp500_2016_2025,PG,2019-07-07,earnings,down,down,True,2.88,0.5541,earnings_release → earnings_miss → guidance_cut,True,,
PM_2019Q3_earnings,earnings_sp500_2016_2025,PM,2019-07-07,earnings,neutral,down,False,0.14,0.5541,earnings_release → earnings_miss → guidance_cut,True,,
TXN_2019Q3_earnings,earnings_sp500_2016_2025,TXN,2019-07-07,earnings,up,neutral,False,4.47,0.0749,earnings_release → earnings_beat → sector_etf_movement → institutional_rebalance,True,,
XOM_2019Q3_earnings,earnings_sp500_2016_2025,XOM,2019-07-07,earnings,up,neutral,False,12.41,0.0749,earnings_release → earnings_beat → sector_etf_movement → institutional_rebalance,True,,
AMAT_2019Q3_earnings,earnings_sp500_2016_2025,AMAT,2019-07-08,earnings,down,down,True,0.28,0.5541,earnings_release → earnings_miss → guidance_cut,False,,
MS_2019Q3_earnings,earnings_sp500_2016_2025,MS,2019-07-08,earnings,down,down,True,0.38,0.5541,earnings_release → earnings_miss → guidance_cut,False,,
TSLA_2019Q3_earnings,earnings_sp500_2016_2025,TSLA,2019-07-08,earnings,down,down,True,0.27,0.5541,earnings_release → earnings_miss → guidance_cut,False,,
IBM_2019Q3_earnings,earnings_sp500_2016_2025,IBM,2019-07-09,earnings,neutral,down,False,0.2,0.5541,earnings_release → earnings_miss → guidance_cut,False,,
KO_2019Q3_earnings,earnings_sp500_2016_2025,KO,2019-07-09,earnings,neutral,down,False,0.18,0.5541,earnings_release → earnings_miss → guidance_cut,False,,
UPS_2019Q3_earnings,earnings_sp500_2016_2025,UPS,2019-07-09,earnings,neutral,down,False,0.04,0.5541,earnings_release → earnings_miss → guidance_cut,False,,
VZ_2019Q3_earnings,earnings_sp500_2016_2025,VZ,2019-07-09,earnings,down,down,True,0.59,0.5541,earnings_release → earnings_miss → guidance_cut,False,,
AVGO_2019Q3_earnings,earnings_sp500_2016_2025,AVGO,2019-07-10,earnings,neutral,down,False,0.09,0.5541,earnings_release → earnings_miss → guidance_cut,False,,
INTC_2019Q3_earnings,earnings_sp500_2016_2025,INTC,2019-07-10,earnings,neutral,down,False,0.22,0.5541,earnings_release → earnings_miss → guidance_cut,False,,
MCD_2019Q3_earnings,earnings_sp500_2016_2025,MCD,2019-07-10,earnings,neutral,down,False,0.1,0.5541,earnings_release → earnings_miss → guidance_cut,False,,
UBER_2019Q3_earnings,earnings_sp500_2016_2025,UBER,2019-07-10,earnings,down,down,True,0.26,0.5541,earnings_release → earnings_miss → guidance_cut,False,,
AAPL_2019Q3_earnings,earnings_sp500_2016_2025,AAPL,2019-07-11,earnings,neutral,down,False,0.17,0.5541,earnings_release → earnings_miss → guidance_cut,False,,
GILD_2019Q3_earnings,earnings_sp500_2016_2025,GILD,2019-07-11,earnings,down,down,True,0.43,0.5541,earnings_release → earnings_miss → guidance_cut,False,,
UNP_2019Q3_earnings,earnings_sp500_2016_2025,UNP,2019-07-11,earnings,up,neutral,False,1.28,0.0749,earnings_release → earnings_beat → sector_etf_movement → institutional_rebalance,False,,
WMT_2019Q3_earnings,earnings_sp500_2016_2025,WMT,2019-07-11,earnings,neutral,down,False,0.19,0.5541,earnings_release → earnings_miss → guidance_cut,False,,
BRK.B_2019Q3_earnings,earnings_sp500_2016_2025,BRK.B,2019-07-12,earnings,neutral,down,False,0.1,0.5541,earnings_release → earnings_miss → guidance_cut,False,,
META_2019Q3_earnings,earnings_sp500_2016_2025,META,2019-07-12,earnings,up,neutral,False,1.8,0.0749,earnings_release → earnings_beat → sector_etf_movement → institutional_rebalance,False,,
QCOM_2019Q3_earnings,earnings_sp500_2016_2025,QCOM,2019-07-12,earnings,up,neutral,False,1.6,0.0749,earnings_release → earnings_beat → sector_etf_movement → institutional_rebalance,False,,
ABNB_2019Q3_earnings,earnings_sp500_2016_2025,ABNB,2019-07-13,earnings,neutral,down,False,0.14,0.5541,earnings_release → earnings_miss → guidance_cut,True,,
MRK_2019Q3_earnings,earnings_sp500_2016_2025,MRK,2019-07-13,earnings,down,down,True,2.42,0.5541,earnings_release → earnings_miss → guidance_cut,True,,
SNAP_2019Q3_earnings,earnings_sp500_2016_2025,SNAP,2019-07-13,earnings,down,down,True,0.81,0.5541,earnings_release → earnings_miss → guidance_cut,True,,
CMCSA_2019Q3_earnings,earnings_sp500_2016_2025,CMCSA,2019-07-14,earnings,down,down,True,3.11,0.5541,earnings_release → earnings_miss → guidance_cut,True,,
CDNS_2019Q3_earnings,earnings_sp500_2016_2025,CDNS,2019-07-15,earnings,neutral,down,False,0.06,0.5541,earnings_release → earnings_miss → guidance_cut,False,,
SNPS_2019Q3_earnings,earnings_sp500_2016_2025,SNPS,2019-07-15,earnings,neutral,down,False,0.01,0.5541,earnings_release → earnings_miss → guidance_cut,False,,
SPGI_2019Q3_earnings,earnings_sp500_2016_2025,SPGI,2019-07-15,earnings,neutral,down,False,0.03,0.5541,earnings_release → earnings_miss → guidance_cut,False,,
NKE_2019Q3_earnings,earnings_sp500_2016_2025,NKE,2019-07-16,earnings,neutral,down,False,0.23,0.5541,earnings_release → earnings_miss → guidance_cut,False,,
PEP_2019Q3_earnings,earnings_sp500_2016_2025,PEP,2019-07-16,earnings,neutral,down,False,0.06,0.5541,earnings_release → earnings_miss → guidance_cut,False,,
SQ_2019Q3_earnings,earnings_sp500_2016_2025,SQ,2019-07-16,earnings,neutral,down,False,0.14,0.5541,earnings_release → earnings_miss → guidance_cut,True,,
DIS_2019Q3_earnings,earnings_sp500_2016_2025,DIS,2019-07-17,earnings,down,down,True,0.28,0.5541,earnings_release → earnings_miss → guidance_cut,False,,
ROKU_2019Q3_earnings,earnings_sp500_2016_2025,ROKU,2019-07-17,earnings,down,down,True,0.53,0.5541,earnings_release → earnings_miss → guidance_cut,False,,
LRCX_2019Q3_earnings,earnings_sp500_2016_2025,LRCX,2019-07-18,earnings,up,neutral,False,3.38,0.0749,earnings_release → earnings_beat → sector_etf_movement → institutional_rebalance,False,,
MA_2019Q3_earnings,earnings_sp500_2016_2025,MA,2019-07-18,earnings,neutral,down,False,0.12,0.5541,earnings_release → earnings_miss → guidance_cut,False,,
NVDA_2019Q3_earnings,earnings_sp500_2016_2025,NVDA,2019-07-18,earnings,neutral,down,False,0.06,0.5541,earnings_release → earnings_miss → guidance_cut,False,,
RTX_2019Q3_earnings,earnings_sp500_2016_2025,RTX,2019-07-18,earnings,neutral,down,False,0.21,0.5541,earnings_release → earnings_miss → guidance_cut,False,,
VRTX_2019Q3_earnings,earnings_sp500_2016_2025,VRTX,2019-07-18,earnings,neutral,down,False,0.12,0.5541,earnings_release → earnings_miss → guidance_cut,False,,
BKNG_2019Q3_earnings,earnings_sp500_2016_2025,BKNG,2019-07-19,earnings,neutral,down,False,0.05,0.5541,earnings_release → earnings_miss → guidance_cut,False,,
DOCU_2019Q3_earnings,earnings_sp500_2016_2025,DOCU,2019-07-19,earnings,down,down,True,0.27,0.5541,earnings_release → earnings_miss → guidance_cut,False,,
GOOGL_2019Q3_earnings,earnings_sp500_2016_2025,GOOGL,2019-07-19,earnings,down,down,True,0.32,0.5541,earnings_release → earnings_miss → guidance_cut,False,,
MSFT_2019Q3_earnings,earnings_sp500_2016_2025,MSFT,2019-07-19,earnings,neutral,down,False,0.03,0.5541,earnings_release → earnings_miss → guidance_cut,False,,
ADI_2019Q3_earnings,earnings_sp500_2016_2025,ADI,2019-07-20,earnings,down,down,True,2.88,0.5541,earnings_release → earnings_miss → guidance_cut,True,,
AXP_2019Q3_earnings,earnings_sp500_2016_2025,AXP,2019-07-20,earnings,down,down,True,1.27,0.5541,earnings_release → earnings_miss → guidance_cut,True,,
GE_2019Q3_earnings,earnings_sp500_2016_2025,GE,2019-07-20,earnings,down,down,True,1.27,0.5541,earnings_release → earnings_miss → guidance_cut,True,,
SBUX_2019Q3_earnings,earnings_sp500_2016_2025,SBUX,2019-07-20,earnings,up,neutral,False,11.42,0.0749,earnings_release → earnings_beat → sector_etf_movement → institutional_rebalance,True,,
V_2019Q3_earnings,earnings_sp500_2016_2025,V,2019-07-20,earnings,neutral,down,False,0.05,0.5541,earnings_release → earnings_miss → guidance_cut,True,,
AMZN_2019Q3_earnings,earnings_sp500_2016_2025,AMZN,2019-07-21,earnings,up,neutral,False,1.49,0.0749,earnings_release → earnings_beat → sector_etf_movement → institutional_rebalance,True,,
JPM_2019Q3_earnings,earnings_sp500_2016_2025,JPM,2019-07-21,earnings,neutral,down,False,0.14,0.5541,earnings_release → earnings_miss → guidance_cut,True,,
LOW_2019Q3_earnings,earnings_sp500_2016_2025,LOW,2019-07-21,earnings,down,down,True,0.81,0.5541,earnings_release → earnings_miss → guidance_cut,True,,
TMO_2019Q3_earnings,earnings_sp500_2016_2025,TMO,2019-07-21,earnings,up,neutral,False,10.43,0.0749,earnings_release → earnings_beat → sector_etf_movement → institutional_rebalance,True,,
ZM_2019Q3_earnings,earnings_sp500_2016_2025,ZM,2019-07-21,earnings,neutral,down,False,0.23,0.5541,earnings_release → earnings_miss → guidance_cut,True,,
ABBV_2019Q3_earnings,earnings_sp500_2016_2025,ABBV,2019-07-22,earnings,neutral,down,False,0.18,0.5541,earnings_release → earnings_miss → guidance_cut,False,,
BA_2019Q3_earnings,earnings_sp500_2016_2025,BA,2019-07-22,earnings,down,down,True,0.24,0.5541,earnings_release → earnings_miss → guidance_cut,False,,
COIN_2019Q3_earnings,earnings_sp500_2016_2025,COIN,2019-07-22,earnings,down,down,True,3.8,0.5541,earnings_release → earnings_miss → guidance_cut,True,,
CRM_2019Q3_earnings,earnings_sp500_2016_2025,CRM,2019-07-23,earnings,neutral,down,False,0.21,0.5541,earnings_release → earnings_miss → guidance_cut,False,,
ISRG_2019Q3_earnings,earnings_sp500_2016_2025,ISRG,2019-07-23,earnings,neutral,down,False,0.1,0.5541,earnings_release → earnings_miss → guidance_cut,False,,
REGN_2019Q3_earnings,earnings_sp500_2016_2025,REGN,2019-07-23,earnings,up,neutral,False,4.27,0.0749,earnings_release → earnings_beat → sector_etf_movement → institutional_rebalance,False,,
ADBE_2019Q3_earnings,earnings_sp500_2016_2025,ADBE,2019-07-24,earnings,neutral,down,False,0.18,0.5541,earnings_release → earnings_miss → guidance_cut,False,,
CSCO_2019Q3_earnings,earnings_sp500_2016_2025,CSCO,2019-07-24,earnings,neutral,down,False,0.19,0.5541,earnings_release → earnings_miss → guidance_cut,False,,
HD_2019Q3_earnings,earnings_sp500_2016_2025,HD,2019-07-24,earnings,neutral,down,False,0.18,0.5541,earnings_release → earnings_miss → guidance_cut,False,,
MDT_2019Q3_earnings,earnings_sp500_2016_2025,MDT,2019-07-24,earnings,neutral,down,False,0.16,0.5541,earnings_release → earnings_miss → guidance_cut,False,,
GILD_2019Q4_earnings,earnings_sp500_2016_2025,GILD,2019-10-05,earnings,neutral,down,False,0.23,0.5541,earnings_release → earnings_miss → guidance_cut,True,,
MDT_2019Q4_earnings,earnings_sp500_2016_2025,MDT,2019-10-06,earnings,down,down,True,1.04,0.5541,earnings_release → earnings_miss → guidance_cut,True,,
MRK_2019Q4_earnings,earnings_sp500_2016_2025,MRK,2019-10-06,earnings,down,down,True,1.27,0.5541,earnings_release → earnings_miss → guidance_cut,True,,
ROKU_2019Q4_earnings,earnings_sp500_2016_2025,ROKU,2019-10-06,earnings,up,neutral,False,4.47,0.0749,earnings_release → earnings_beat → sector_etf_movement → institutional_rebalance,True,,
TMO_2019Q4_earnings,earnings_sp500_2016_2025,TMO,2019-10-06,earnings,up,neutral,False,11.42,0.0749,earnings_release → earnings_beat → sector_etf_movement → institutional_rebalance,True,,
ACN_2019Q4_earnings,earnings_sp500_2016_2025,ACN,2019-10-07,earnings,down,down,True,0.34,0.5541,earnings_release → earnings_miss → guidance_cut,False,,
CRM_2019Q4_earnings,earnings_sp500_2016_2025,CRM,2019-10-07,earnings,neutral,down,False,0.12,0.5541,earnings_release → earnings_miss → guidance_cut,False,,
GE_2019Q4_earnings,earnings_sp500_2016_2025,GE,2019-10-07,earnings,neutral,down,False,0.03,0.5541,earnings_release → earnings_miss → guidance_cut,False,,
LOW_2019Q4_earnings,earnings_sp500_2016_2025,LOW,2019-10-07,earnings,neutral,down,False,0.17,0.5541,earnings_release → earnings_miss → guidance_cut,False,,
LRCX_2019Q4_earnings,earnings_sp500_2016_2025,LRCX,2019-10-07,earnings,neutral,down,False,0.11,0.5541,earnings_release → earnings_miss → guidance_cut,False,,
PEP_2019Q4_earnings,earnings_sp500_2016_2025,PEP,2019-10-07,earnings,down,down,True,0.32,0.5541,earnings_release → earnings_miss → guidance_cut,False,,
HD_2019Q4_earnings,earnings_sp500_2016_2025,HD,2019-10-08,earnings,neutral,down,False,0.01,0.5541,earnings_release → earnings_miss → guidance_cut,False,,
MA_2019Q4_earnings,earnings_sp500_2016_2025,MA,2019-10-08,earnings,down,down,True,0.43,0.5541,earnings_release → earnings_miss → guidance_cut,False,,
ABBV_2019Q4_earnings,earnings_sp500_2016_2025,ABBV,2019-10-09,earnings,neutral,down,False,0.07,0.5541,earnings_release → earnings_miss → guidance_cut,False,,
COST_2019Q4_earnings,earnings_sp500_2016_2025,COST,2019-10-09,earnings,up,neutral,False,1.71,0.0749,earnings_release → earnings_beat → sector_etf_movement → institutional_rebalance,False,,
JNJ_2019Q4_earnings,earnings_sp500_2016_2025,JNJ,2019-10-09,earnings,down,down,True,0.46,0.5541,earnings_release → earnings_miss → guidance_cut,False,,
V_2019Q4_earnings,earnings_sp500_2016_2025,V,2019-10-09,earnings,up,neutral,False,1.42,0.0749,earnings_release → earnings_beat → sector_etf_movement → institutional_rebalance,False,,
DHR_2019Q4_earnings,earnings_sp500_2016_2025,DHR,2019-10-10,earnings,up,neutral,False,1.13,0.0749,earnings_release → earnings_beat → sector_etf_movement → institutional_rebalance,False,,
KO_2019Q4_earnings,earnings_sp500_2016_2025,KO,2019-10-10,earnings,neutral,down,False,0.07,0.5541,earnings_release → earnings_miss → guidance_cut,False,,
SNPS_2019Q4_earnings,earnings_sp500_2016_2025,SNPS,2019-10-10,earnings,up,neutral,False,1.78,0.0749,earnings_release → earnings_beat → sector_etf_movement → institutional_rebalance,False,,
ABNB_2019Q4_earnings,earnings_sp500_2016_2025,ABNB,2019-10-11,earnings,neutral,down,False,0.14,0.5541,earnings_release → earnings_miss → guidance_cut,True,,
AXP_2019Q4_earnings,earnings_sp500_2016_2025,AXP,2019-10-11,earnings,up,neutral,False,1.19,0.0749,earnings_release → earnings_beat → sector_etf_movement → institutional_rebalance,False,,
SPGI_2019Q4_earnings,earnings_sp500_2016_2025,SPGI,2019-10-11,earnings,neutral,down,False,0.18,0.5541,earnings_release → earnings_miss → guidance_cut,False,,
SQ_2019Q4_earnings,earnings_sp500_2016_2025,SQ,2019-10-11,earnings,neutral,down,False,0.05,0.5541,earnings_release → earnings_miss → guidance_cut,True,,
IBM_2019Q4_earnings,earnings_sp500_2016_2025,IBM,2019-10-12,earnings,down,down,True,4.26,0.5541,earnings_release → earnings_miss → guidance_cut,True,,
PG_2019Q4_earnings,earnings_sp500_2016_2025,PG,2019-10-12,earnings,up,neutral,False,7.45,0.0749,earnings_release → earnings_beat → sector_etf_movement → institutional_rebalance,True,,
PM_2019Q4_earnings,earnings_sp500_2016_2025,PM,2019-10-12,earnings,down,down,True,1.27,0.5541,earnings_release → earnings_miss → guidance_cut,True,,
INTC_2019Q4_earnings,earnings_sp500_2016_2025,INTC,2019-10-13,earnings,down,down,True,3.34,0.5541,earnings_release → earnings_miss → guidance_cut,True,,
MS_2019Q4_earnings,earnings_sp500_2016_2025,MS,2019-10-13,earnings,up,neutral,False,7.45,0.0749,earnings_release → earnings_beat → sector_etf_movement → institutional_rebalance,True,,
WFC_2019Q4_earnings,earnings_sp500_2016_2025,WFC,2019-10-13,earnings,down,down,True,1.04,0.5541,earnings_release → earnings_miss → guidance_cut,True,,
XOM_2019Q4_earnings,earnings_sp500_2016_2025,XOM,2019-10-13,earnings,up,neutral,False,7.45,0.0749,earnings_release → earnings_beat → sector_etf_movement → institutional_rebalance,True,,
AMD_2019Q4_earnings,earnings_sp500_2016_2025,AMD,2019-10-14,earnings,up,neutral,False,2.6,0.0749,earnings_release → earnings_beat → sector_etf_movement → institutional_rebalance,False,,
BKNG_2019Q4_earnings,earnings_sp500_2016_2025,BKNG,2019-10-14,earnings,neutral,down,False,0.14,0.5541,earnings_release → earnings_miss → guidance_cut,False,,
BRK.B_2019Q4_earnings,earnings_sp500_2016_2025,BRK.B,2019-10-14,earnings,neutral,down,False,0.02,0.5541,earnings_release → earnings_miss → guidance_cut,False,,
VRTX_2019Q4_earnings,earnings_sp500_2016_2025,VRTX,2019-10-14,earnings,neutral,down,False,0.16,0.5541,earnings_release → earnings_miss → guidance_cut,False,,
BLK_2019Q4_earnings,earnings_sp500_2016_2025,BLK,2019-10-15,earnings,up,neutral,False,2.34,0.0749,earnings_release → earnings_beat → sector_etf_movement → institutional_rebalance,False,,
RTX_2019Q4_earnings,earnings_sp500_2016_2025,RTX,2019-10-15,earnings,neutral,down,False,0.04,0.5541,earnings_release → earnings_miss → guidance_cut,False,,
HON_2019Q4_earnings,earnings_sp500_2016_2025,HON,2019-10-16,earnings,neutral,down,False,0.0,0.5541,earnings_release → earnings_miss → guidance_cut,False,,
JPM_2019Q4_earnings,earnings_sp500_2016_2025,JPM,2019-10-16,earnings,neutral,down,False,0.05,0.5541,earnings_release → earnings_miss → guidance_cut,False,,
MSFT_2019Q4_earnings,earnings_sp500_2016_2025,MSFT,2019-10-16,earnings,neutral,down,False,0.19,0.5541,earnings_release → earnings_miss → guidance_cut,False,,
SNAP_2019Q4_earnings,earnings_sp500_2016_2025,SNAP,2019-10-16,earnings,down,down,True,0.69,0.5541,earnings_release → earnings_miss → guidance_cut,False,,
VZ_2019Q4_earnings,earnings_sp500_2016_2025,VZ,2019-10-16,earnings,neutral,down,False,0.1,0.5541,earnings_release → earnings_miss → guidance_cut,False,,
ADBE_2019Q4_earnings,earnings_sp500_2016_2025,ADBE,2019-10-17,earnings,down,down,True,0.29,0.5541,earnings_release → earnings_miss → guidance_cut,False,,
AMAT_2019Q4_earnings,earnings_sp500_2016_2025,AMAT,2019-10-17,earnings,up,neutral,False,1.11,0.0749,earnings_release → earnings_beat → sector_etf_movement → institutional_rebalance,False,,
CVX_2019Q4_earnings,earnings_sp500_2016_2025,CVX,2019-10-17,earnings,neutral,down,False,0.05,0.5541,earnings_release → earnings_miss → guidance_cut,False,,
NFLX_2019Q4_earnings,earnings_sp500_2016_2025,NFLX,2019-10-17,earnings,up,neutral,False,2.45,0.0749,earnings_release → earnings_beat → sector_etf_movement → institutional_rebalance,False,,
PANW_2019Q4_earnings,earnings_sp500_2016_2025,PANW,2019-10-17,earnings,neutral,down,False,0.14,0.5541,earnings_release → earnings_miss → guidance_cut,False,,
TSLA_2019Q4_earnings,earnings_sp500_2016_2025,TSLA,2019-10-17,earnings,neutral,down,False,0.2,0.5541,earnings_release → earnings_miss → guidance_cut,False,,
NVDA_2019Q4_earnings,earnings_sp500_2016_2025,NVDA,2019-10-18,earnings,down,down,True,0.45,0.5541,earnings_release → earnings_miss → guidance_cut,False,,
TXN_2019Q4_earnings,earnings_sp500_2016_2025,TXN,2019-10-18,earnings,neutral,down,False,0.12,0.5541,earnings_release → earnings_miss → guidance_cut,False,,
UNH_2019Q4_earnings,earnings_sp500_2016_2025,UNH,2019-10-18,earnings,neutral,down,False,0.16,0.5541,earnings_release → earnings_miss → guidance_cut,False,,
AAPL_2019Q4_earnings,earnings_sp500_2016_2025,AAPL,2019-10-19,earnings,down,down,True,0.81,0.5541,earnings_release → earnings_miss → guidance_cut,True,,
ABT_2019Q4_earnings,earnings_sp500_2016_2025,ABT,2019-10-19,earnings,down,down,True,1.27,0.5541,earnings_release → earnings_miss → guidance_cut,True,,
DOCU_2019Q4_earnings,earnings_sp500_2016_2025,DOCU,2019-10-19,earnings,neutral,down,False,0.05,0.5541,earnings_release → earnings_miss → guidance_cut,True,,
UPS_2019Q4_earnings,earnings_sp500_2016_2025,UPS,2019-10-19,earnings,down,down,True,3.11,0.5541,earnings_release → earnings_miss → guidance_cut,True,,
AVGO_2019Q4_earnings,earnings_sp500_2016_2025,AVGO,2019-10-20,earnings,up,neutral,False,1.49,0.0749,earnings_release → earnings_beat → sector_etf_movement → institutional_rebalance,True,,
META_2019Q4_earnings,earnings_sp500_2016_2025,META,2019-10-20,earnings,up,neutral,False,2.48,0.0749,earnings_release → earnings_beat → sector_etf_movement → institutional_rebalance,True,,
SBUX_2019Q4_earnings,earnings_sp500_2016_2025,SBUX,2019-10-20,earnings,down,down,True,3.8,0.5541,earnings_release → earnings_miss → guidance_cut,True,,
ADI_2019Q4_earnings,earnings_sp500_2016_2025,ADI,2019-10-21,earnings,up,neutral,False,1.48,0.0749,earnings_release → earnings_beat → sector_etf_movement → institutional_rebalance,False,,
BA_2019Q4_earnings,earnings_sp500_2016_2025,BA,2019-10-21,earnings,down,down,True,0.87,0.5541,earnings_release → earnings_miss → guidance_cut,False,,
CDNS_2019Q4_earnings,earnings_sp500_2016_2025,CDNS,2019-10-21,earnings,up,neutral,False,1.74,0.0749,earnings_release → earnings_beat → sector_etf_movement → institutional_rebalance,False,,
COIN_2019Q4_earnings,earnings_sp500_2016_2025,COIN,2019-10-21,earnings,down,down,True,4.49,0.5541,earnings_release → earnings_miss → guidance_cut,True,,
UNP_2019Q4_earnings,earnings_sp500_2016_2025,UNP,2019-10-21,earnings,up,neutral,False,3.43,0.0749,earnings_release → earnings_beat → sector_etf_movement → institutional_rebalance,False,,
ZM_2019Q4_earnings,earnings_sp500_2016_2025,ZM,2019-10-21,earnings,neutral,down,False,0.11,0.5541,earnings_release → earnings_miss → guidance_cut,False,,
AMZN_2019Q4_earnings,earnings_sp500_2016_2025,AMZN,2019-10-22,earnings,down,down,True,0.26,0.5541,earnings_release → earnings_miss → guidance_cut,False,,
CSCO_2019Q4_earnings,earnings_sp500_2016_2025,CSCO,2019-10-22,earnings,neutral,down,False,0.08,0.5541,earnings_release → earnings_miss → guidance_cut,False,,
DIS_2019Q4_earnings,earnings_sp500_2016_2025,DIS,2019-10-22,earnings,up,neutral,False,1.63,0.0749,earnings_release → earnings_beat → sector_etf_movement → institutional_rebalance,False,,
GS_2019Q4_earnings,earnings_sp500_2016_2025,GS,2019-10-22,earnings,neutral,down,False,0.04,0.5541,earnings_release → earnings_miss → guidance_cut,False,,
ISRG_2019Q4_earnings,earnings_sp500_2016_2025,ISRG,2019-10-22,earnings,down,down,True,1.1,0.5541,earnings_release → earnings_miss → guidance_cut,False,,
MCD_2019Q4_earnings,earnings_sp500_2016_2025,MCD,2019-10-22,earnings,down,down,True,1.16,0.5541,earnings_release → earnings_miss → guidance_cut,False,,
PYPL_2019Q4_earnings,earnings_sp500_2016_2025,PYPL,2019-10-22,earnings,down,down,True,0.93,0.5541,earnings_release → earnings_miss → guidance_cut,False,,
SHOP_2019Q4_earnings,earnings_sp500_2016_2025,SHOP,2019-10-22,earnings,down,down,True,1.44,0.5541,earnings_release → earnings_miss → guidance_cut,False,,
WMT_2019Q4_earnings,earnings_sp500_2016_2025,WMT,2019-10-22,earnings,neutral,down,False,0.03,0.5541,earnings_release → earnings_miss → guidance_cut,False,,
GOOGL_2019Q4_earnings,earnings_sp500_2016_2025,GOOGL,2019-10-23,earnings,up,neutral,False,1.31,0.0749,earnings_release → earnings_beat → sector_etf_movement → institutional_rebalance,False,,
NKE_2019Q4_earnings,earnings_sp500_2016_2025,NKE,2019-10-23,earnings,down,down,True,0.79,0.5541,earnings_release → earnings_miss → guidance_cut,False,,
UBER_2019Q4_earnings,earnings_sp500_2016_2025,UBER,2019-10-23,earnings,up,neutral,False,1.59,0.0749,earnings_release → earnings_beat → sector_etf_movement → institutional_rebalance,False,,
CAT_2019Q4_earnings,earnings_sp500_2016_2025,CAT,2019-10-24,earnings,down,down,True,0.25,0.5541,earnings_release → earnings_miss → guidance_cut,False,,
CMCSA_2019Q4_earnings,earnings_sp500_2016_2025,CMCSA,2019-10-24,earnings,down,down,True,0.44,0.5541,earnings_release → earnings_miss → guidance_cut,False,,
QCOM_2019Q4_earnings,earnings_sp500_2016_2025,QCOM,2019-10-24,earnings,up,neutral,False,2.25,0.0749,earnings_release → earnings_beat → sector_etf_movement → institutional_rebalance,False,,
REGN_2019Q4_earnings,earnings_sp500_2016_2025,REGN,2019-10-24,earnings,neutral,down,False,0.06,0.5541,earnings_release → earnings_miss → guidance_cut,False,,
DOCU_2020Q1_earnings,earnings_sp500_2016_2025,DOCU,2020-01-05,earnings,neutral,down,False,0.23,0.5541,earnings_release → earnings_miss → guidance_cut,True,,
GS_2020Q1_earnings,earnings_sp500_2016_2025,GS,2020-01-05,earnings,down,down,True,2.42,0.5541,earnings_release → earnings_miss → guidance_cut,True,,
JPM_2020Q1_earnings,earnings_sp500_2016_2025,JPM,2020-01-05,earnings,neutral,down,False,0.23,0.5541,earnings_release → earnings_miss → guidance_cut,True,,
NFLX_2020Q1_earnings,earnings_sp500_2016_2025,NFLX,2020-01-05,earnings,down,down,True,1.96,0.5541,earnings_release → earnings_miss → guidance_cut,True,,
UBER_2020Q1_earnings,earnings_sp500_2016_2025,UBER,2020-01-05,earnings,neutral,down,False,0.05,0.5541,earnings_release → earnings_miss → guidance_cut,True,,
WFC_2020Q1_earnings,earnings_sp500_2016_2025,WFC,2020-01-05,earnings,down,down,True,0.58,0.5541,earnings_release → earnings_miss → guidance_cut,True,,
ABT_2020Q1_earnings,earnings_sp500_2016_2025,ABT,2020-01-06,earnings,neutral,down,False,0.12,0.5541,earnings_release → earnings_miss → guidance_cut,False,,
BLK_2020Q1_earnings,earnings_sp500_2016_2025,BLK,2020-01-06,earnings,neutral,down,False,0.02,0.5541,earnings_release → earnings_miss → guidance_cut,False,,
MS_2020Q1_earnings,earnings_sp500_2016_2025,MS,2020-01-06,earnings,neutral,down,False,0.08,0.5541,earnings_release → earnings_miss → guidance_cut,False,,
BRK.B_2020Q1_earnings,earnings_sp500_2016_2025,BRK.B,2020-01-07,earnings,neutral,down,False,0.11,0.5541,earnings_release → earnings_miss → guidance_cut,False,,
PM_2020Q1_earnings,earnings_sp500_2016_2025,PM,2020-01-07,earnings,neutral,down,False,0.1,0.5541,earnings_release → earnings_miss → guidance_cut,False,,
ROKU_2020Q1_earnings,earnings_sp500_2016_2025,ROKU,2020-01-07,earnings,down,down,True,0.83,0.5541,earnings_release → earnings_miss → guidance_cut,False,,
ABNB_2020Q1_earnings,earnings_sp500_2016_2025,ABNB,2020-01-08,earnings,up,neutral,False,12.41,0.0749,earnings_release → earnings_beat → sector_etf_movement → institutional_rebalance,True,,
COIN_2020Q1_earnings,earnings_sp500_2016_2025,COIN,2020-01-08,earnings,down,down,True,1.96,0.5541,earnings_release → earnings_miss → guidance_cut,True,,
HD_2020Q1_earnings,earnings_sp500_2016_2025,HD,2020-01-08,earnings,up,neutral,False,1.49,0.0749,earnings_release → earnings_beat → sector_etf_movement → institutional_rebalance,False,,
PEP_2020Q1_earnings,earnings_sp500_2016_2025,PEP,2020-01-08,earnings,neutral,down,False,0.12,0.5541,earnings_release → earnings_miss → guidance_cut,False,,
CDNS_2020Q1_earnings,earnings_sp500_2016_2025,CDNS,2020-01-09,earnings,up,neutral,False,1.48,0.0749,earnings_release → earnings_beat → sector_etf_movement → institutional_rebalance,False,,
JNJ_2020Q1_earnings,earnings_sp500_2016_2025,JNJ,2020-01-09,earnings,neutral,down,False,0.07,0.5541,earnings_release → earnings_miss → guidance_cut,False,,
MDT_2020Q1_earnings,earnings_sp500_2016_2025,MDT,2020-01-09,earnings,up,neutral,False,1.61,0.0749,earnings_release → earnings_beat → sector_etf_movement → institutional_rebalance,False,,
RTX_2020Q1_earnings,earnings_sp500_2016_2025,RTX,2020-01-09,earnings,neutral,down,False,0.03,0.5541,earnings_release → earnings_miss → guidance_cut,False,,
AMD_2020Q1_earnings,earnings_sp500_2016_2025,AMD,2020-01-11,earnings,neutral,down,False,0.05,0.5541,earnings_release → earnings_miss → guidance_cut,True,,
AVGO_2020Q1_earnings,earnings_sp500_2016_2025,AVGO,2020-01-11,earnings,up,neutral,False,8.44,0.0749,earnings_release → earnings_beat → sector_etf_movement → institutional_rebalance,True,,
AXP_2020Q1_earnings,earnings_sp500_2016_2025,AXP,2020-01-11,earnings,down,down,True,3.34,0.5541,earnings_release → earnings_miss → guidance_cut,True,,
META_2020Q1_earnings,earnings_sp500_2016_2025,META,2020-01-11,earnings,neutral,down,False,0.14,0.5541,earnings_release → earnings_miss → guidance_cut,True,,
SHOP_2020Q1_earnings,earnings_sp500_2016_2025,SHOP,2020-01-11,earnings,down,down,True,1.73,0.5541,earnings_release → earnings_miss → guidance_cut,True,,
SNAP_2020Q1_earnings,earnings_sp500_2016_2025,SNAP,2020-01-11,earnings,down,down,True,2.65,0.5541,earnings_release → earnings_miss → guidance_cut,True,,
DHR_2020Q1_earnings,earnings_sp500_2016_2025,DHR,2020-01-12,earnings,up,neutral,False,5.46,0.0749,earnings_release → earnings_beat → sector_etf_movement → institutional_rebalance,True,,
GILD_2020Q1_earnings,earnings_sp500_2016_2025,GILD,2020-01-12,earnings,down,down,True,3.11,0.5541,earnings_release → earnings_miss → guidance_cut,True,,
NVDA_2020Q1_earnings,earnings_sp500_2016_2025,NVDA,2020-01-12,earnings,down,down,True,2.88,0.5541,earnings_release → earnings_miss → guidance_cut,True,,
SQ_2020Q1_earnings,earnings_sp500_2016_2025,SQ,2020-01-12,earnings,up,neutral,False,5.46,0.0749,earnings_release → earnings_beat → sector_etf_movement → institutional_rebalance,True,,
TMO_2020Q1_earnings,earnings_sp500_2016_2025,TMO,2020-01-12,earnings,neutral,down,False,0.05,0.5541,earnings_release → earnings_miss → guidance_cut,True,,
UNP_2020Q1_earnings,earnings_sp500_2016_2025,UNP,2020-01-12,earnings,down,down,True,1.5,0.5541,earnings_release → earnings_miss → guidance_cut,True,,
UPS_2020Q1_earnings,earnings_sp500_2016_2025,UPS,2020-01-12,earnings,up,neutral,False,12.41,0.0749,earnings_release → earnings_beat → sector_etf_movement → institutional_rebalance,True,,
V_2020Q1_earnings,earnings_sp500_2016_2025,V,2020-01-12,earnings,neutral,down,False,0.14,0.5541,earnings_release → earnings_miss → guidance_cut,True,,
IBM_2020Q1_earnings,earnings_sp500_2016_2025,IBM,2020-01-13,earnings,neutral,down,False,0.02,0.5541,earnings_release → earnings_miss → guidance_cut,False,,
INTC_2020Q1_earnings,earnings_sp500_2016_2025,INTC,2020-01-13,earnings,up,neutral,False,1.09,0.0749,earnings_release → earnings_beat → sector_etf_movement → institutional_rebalance,False,,
XOM_2020Q1_earnings,earnings_sp500_2016_2025,XOM,2020-01-13,earnings,neutral,down,False,0.22,0.5541,earnings_release → earnings_miss → guidance_cut,False,,
GE_2020Q1_earnings,earnings_sp500_2016_2025,GE,2020-01-15,earnings,down,down,True,0.31,0.5541,earnings_release → earnings_miss → guidance_cut,False,,
GOOGL_2020Q1_earnings,earnings_sp500_2016_2025,GOOGL,2020-01-15,earnings,neutral,down,False,0.14,0.5541,earnings_release → earnings_miss → guidance_cut,False,,
PANW_2020Q1_earnings,earnings_sp500_2016_2025,PANW,2020-01-15,earnings,neutral,down,False,0.07,0.5541,earnings_release → earnings_miss → guidance_cut,False,,
SPGI_2020Q1_earnings,earnings_sp500_2016_2025,SPGI,2020-01-15,earnings,up,neutral,False,1.44,0.0749,earnings_release → earnings_beat → sector_etf_movement → institutional_rebalance,False,,
ADI_2020Q1_earnings,earnings_sp500_2016_2025,ADI,2020-01-16,earnings,up,neutral,False,1.37,0.0749,earnings_release → earnings_beat → sector_etf_movement → institutional_rebalance,False,,
MCD_2020Q1_earnings,earnings_sp500_2016_2025,MCD,2020-01-16,earnings,neutral,down,False,0.12,0.5541,earnings_release → earnings_miss → guidance_cut,False,,
VZ_2020Q1_earnings,earnings_sp500_2016_2025,VZ,2020-01-16,earnings,neutral,down,False,0.22,0.5541,earnings_release → earnings_miss → guidance_cut,False,,
BA_2020Q1_earnings,earnings_sp500_2016_2025,BA,2020-01-18,earnings,up,neutral,False,10.43,0.0749,earnings_release → earnings_beat → sector_etf_movement → institutional_rebalance,True,,
COST_2020Q1_earnings,earnings_sp500_2016_2025,COST,2020-01-18,earnings,up,neutral,False,11.42,0.0749,earnings_release → earnings_beat → sector_etf_movement → institutional_rebalance,True,,
DIS_2020Q1_earnings,earnings_sp500_2016_2025,DIS,2020-01-18,earnings,neutral,down,False,0.14,0.5541,earnings_release → earnings_miss → guidance_cut,True,,
MRK_2020Q1_earnings,earnings_sp500_2016_2025,MRK,2020-01-18,earnings,neutral,down,False,0.05,0.5541,earnings_release → earnings_miss → guidance_cut,True,,
PG_2020Q1_earnings,earnings_sp500_2016_2025,PG,2020-01-18,earnings,down,down,True,1.96,0.5541,earnings_release → earnings_miss → guidance_cut,True,,
PYPL_2020Q1_earnings,earnings_sp500_2016_2025,PYPL,2020-01-18,earnings,down,down,True,0.81,0.5541,earnings_release → earnings_miss → guidance_cut,True,,
VRTX_2020Q1_earnings,earnings_sp500_2016_2025,VRTX,2020-01-18,earnings,down,down,True,2.42,0.5541,earnings_release → earnings_miss → guidance_cut,True,,
BKNG_2020Q1_earnings,earnings_sp500_2016_2025,BKNG,2020-01-19,earnings,down,down,True,4.49,0.5541,earnings_release → earnings_miss → guidance_cut,True,,
LRCX_2020Q1_earnings,earnings_sp500_2016_2025,LRCX,2020-01-19,earnings,up,neutral,False,11.42,0.0749,earnings_release → earnings_beat → sector_etf_movement → institutional_rebalance,True,,
SNPS_2020Q1_earnings,earnings_sp500_2016_2025,SNPS,2020-01-19,earnings,up,neutral,False,8.44,0.0749,earnings_release → earnings_beat → sector_etf_movement → institutional_rebalance,True,,
TSLA_2020Q1_earnings,earnings_sp500_2016_2025,TSLA,2020-01-19,earnings,neutral,down,False,0.05,0.5541,earnings_release → earnings_miss → guidance_cut,True,,
TXN_2020Q1_earnings,earnings_sp500_2016_2025,TXN,2020-01-19,earnings,neutral,down,False,0.14,0.5541,earnings_release → earnings_miss → guidance_cut,True,,
AMAT_2020Q1_earnings,earnings_sp500_2016_2025,AMAT,2020-01-20,earnings,down,down,True,1.73,0.5541,earnings_release → earnings_miss → guidance_cut,True,,
CRM_2020Q1_earnings,earnings_sp500_2016_2025,CRM,2020-01-20,earnings,down,down,True,3.11,0.5541,earnings_release → earnings_miss → guidance_cut,True,,
CSCO_2020Q1_earnings,earnings_sp500_2016_2025,CSCO,2020-01-20,earnings,up,neutral,False,12.41,0.0749,earnings_release → earnings_beat → sector_etf_movement → institutional_rebalance,True,,
ZM_2020Q1_earnings,earnings_sp500_2016_2025,ZM,2020-01-20,earnings,neutral,down,False,0.14,0.5541,earnings_release → earnings_miss → guidance_cut,True,,
AAPL_2020Q1_earnings,earnings_sp500_2016_2025,AAPL,2020-01-21,earnings,neutral,down,False,0.16,0.5541,earnings_release → earnings_miss → guidance_cut,False,,
ADBE_2020Q1_earnings,earnings_sp500_2016_2025,ADBE,2020-01-21,earnings,neutral,down,False,0.02,0.5541,earnings_release → earnings_miss → guidance_cut,False,,
HON_2020Q1_earnings,earnings_sp500_2016_2025,HON,2020-01-21,earnings,down,down,True,0.29,0.5541,earnings_release → earnings_miss → guidance_cut,False,,
LOW_2020Q1_earnings,earnings_sp500_2016_2025,LOW,2020-01-21,earnings,down,down,True,0.27,0.5541,earnings_release → earnings_miss → guidance_cut,False,,
MA_2020Q1_earnings,earnings_sp500_2016_2025,MA,2020-01-21,earnings,neutral,down,False,0.12,0.5541,earnings_release → earnings_miss → guidance_cut,False,,
UNH_2020Q1_earnings,earnings_sp500_2016_2025,UNH,2020-01-21,earnings,neutral,down,False,0.16,0.5541,earnings_release → earnings_miss → guidance_cut,False,,
WMT_2020Q1_earnings,earnings_sp500_2016_2025,WMT,2020-01-21,earnings,neutral,down,False,0.13,0.5541,earnings_release → earnings_miss → guidance_cut,False,,
AMZN_2020Q1_earnings,earnings_sp500_2016_2025,AMZN,2020-01-22,earnings,neutral,down,False,0.06,0.5541,earnings_release → earnings_miss → guidance_cut,False,,
CMCSA_2020Q1_earnings,earnings_sp500_2016_2025,CMCSA,2020-01-22,earnings,neutral,down,False,0.07,0.5541,earnings_release → earnings_miss → guidance_cut,False,,
SBUX_2020Q1_earnings,earnings_sp500_2016_2025,SBUX,2020-01-22,earnings,neutral,down,False,0.0,0.5541,earnings_release → earnings_miss → guidance_cut,False,,
ACN_2020Q1_earnings,earnings_sp500_2016_2025,ACN,2020-01-23,earnings,neutral,down,False,0.14,0.5541,earnings_release → earnings_miss → guidance_cut,False,,
CVX_2020Q1_earnings,earnings_sp500_2016_2025,CVX,2020-01-23,earnings,neutral,down,False,0.04,0.5541,earnings_release → earnings_miss → guidance_cut,False,,
KO_2020Q1_earnings,earnings_sp500_2016_2025,KO,2020-01-23,earnings,neutral,down,False,0.09,0.5541,earnings_release → earnings_miss → guidance_cut,False,,
MSFT_2020Q1_earnings,earnings_sp500_2016_2025,MSFT,2020-01-23,earnings,neutral,down,False,0.14,0.5541,earnings_release → earnings_miss → guidance_cut,False,,
REGN_2020Q1_earnings,earnings_sp500_2016_2025,REGN,2020-01-23,earnings,neutral,down,False,0.16,0.5541,earnings_release → earnings_miss → guidance_cut,False,,
ABBV_2020Q1_earnings,earnings_sp500_2016_2025,ABBV,2020-01-24,earnings,down,down,True,0.47,0.5541,earnings_release → earnings_miss → guidance_cut,False,,
CAT_2020Q1_earnings,earnings_sp500_2016_2025,CAT,2020-01-24,earnings,down,down,True,0.38,0.5541,earnings_release → earnings_miss → guidance_cut,False,,
ISRG_2020Q1_earnings,earnings_sp500_2016_2025,ISRG,2020-01-24,earnings,down,down,True,0.97,0.5541,earnings_release → earnings_miss → guidance_cut,False,,
NKE_2020Q1_earnings,earnings_sp500_2016_2025,NKE,2020-01-24,earnings,neutral,down,False,0.22,0.5541,earnings_release → earnings_miss → guidance_cut,False,,
QCOM_2020Q1_earnings,earnings_sp500_2016_2025,QCOM,2020-01-24,earnings,down,down,True,0.59,0.5541,earnings_release → earnings_miss → guidance_cut,False,,
AAPL_2020Q2_earnings,earnings_sp500_2016_2025,AAPL,2020-04-05,earnings,up,neutral,False,6.45,0.0749,earnings_release → earnings_beat → sector_etf_movement → institutional_rebalance,True,,
AVGO_2020Q2_earnings,earnings_sp500_2016_2025,AVGO,2020-04-05,earnings,down,down,True,4.26,0.5541,earnings_release → earnings_miss → guidance_cut,True,,
BLK_2020Q2_earnings,earnings_sp500_2016_2025,BLK,2020-04-05,earnings,neutral,down,False,0.05,0.5541,earnings_release → earnings_miss → guidance_cut,True,,
KO_2020Q2_earnings,earnings_sp500_2016_2025,KO,2020-04-05,earnings,up,neutral,False,13.4,0.0749,earnings_release → earnings_beat → sector_etf_movement → institutional_rebalance,True,,
WFC_2020Q2_earnings,earnings_sp500_2016_2025,WFC,2020-04-05,earnings,neutral,down,False,0.14,0.5541,earnings_release → earnings_miss → guidance_cut,True,,
AXP_2020Q2_earnings,earnings_sp500_2016_2025,AXP,2020-04-06,earnings,up,neutral,False,13.85,0.0749,earnings_release → earnings_beat → sector_etf_movement → institutional_rebalance,False,,
INTC_2020Q2_earnings,earnings_sp500_2016_2025,INTC,2020-04-06,earnings,up,neutral,False,7.88,0.0749,earnings_release → earnings_beat → sector_etf_movement → institutional_rebalance,False,,
ABBV_2020Q2_earnings,earnings_sp500_2016_2025,ABBV,2020-04-07,earnings,neutral,down,False,0.1,0.5541,earnings_release → earnings_miss → guidance_cut,False,,
GOOGL_2020Q2_earnings,earnings_sp500_2016_2025,GOOGL,2020-04-07,earnings,neutral,down,False,0.01,0.5541,earnings_release → earnings_miss → guidance_cut,False,,
IBM_2020Q2_earnings,earnings_sp500_2016_2025,IBM,2020-04-07,earnings,neutral,down,False,0.02,0.5541,earnings_release → earnings_miss → guidance_cut,False,,
META_2020Q2_earnings,earnings_sp500_2016_2025,META,2020-04-07,earnings,up,neutral,False,1.97,0.0749,earnings_release → earnings_beat → sector_etf_movement → institutional_rebalance,False,,
VZ_2020Q2_earnings,earnings_sp500_2016_2025,VZ,2020-04-07,earnings,neutral,down,False,0.11,0.5541,earnings_release → earnings_miss → guidance_cut,False,,
ACN_2020Q2_earnings,earnings_sp500_2016_2025,ACN,2020-04-08,earnings,up,neutral,False,4.61,0.0749,earnings_release → earnings_beat → sector_etf_movement → institutional_rebalance,False,,
COIN_2020Q2_earnings,earnings_sp500_2016_2025,COIN,2020-04-08,earnings,up,neutral,False,6.45,0.0749,earnings_release → earnings_beat → sector_etf_movement → institutional_rebalance,True,,
UNP_2020Q2_earnings,earnings_sp500_2016_2025,UNP,2020-04-09,earnings,neutral,down,False,0.14,0.5541,earnings_release → earnings_miss → guidance_cut,False,,
UPS_2020Q2_earnings,earnings_sp500_2016_2025,UPS,2020-04-09,earnings,neutral,down,False,0.02,0.5541,earnings_release → earnings_miss → guidance_cut,False,,
AMD_2020Q2_earnings,earnings_sp500_2016_2025,AMD,2020-04-10,earnings,up,neutral,False,13.4,0.0749,earnings_release → earnings_beat → sector_etf_movement → institutional_rebalance,True,,
BKNG_2020Q2_earnings,earnings_sp500_2016_2025,BKNG,2020-04-10,earnings,down,down,True,2.42,0.5541,earnings_release → earnings_miss → guidance_cut,True,,
MRK_2020Q2_earnings,earnings_sp500_2016_2025,MRK,2020-04-10,earnings,up,neutral,False,8.44,0.0749,earnings_release → earnings_beat → sector_etf_movement → institutional_rebalance,True,,
NKE_2020Q2_earnings,earnings_sp500_2016_2025,NKE,2020-04-10,earnings,neutral,down,False,0.14,0.5541,earnings_release → earnings_miss → guidance_cut,True,,
PG_2020Q2_earnings,earnings_sp500_2016_2025,PG,2020-04-10,earnings,up,neutral,False,7.45,0.0749,earnings_release → earnings_beat → sector_etf_movement → institutional_rebalance,True,,
TMO_2020Q2_earnings,earnings_sp500_2016_2025,TMO,2020-04-10,earnings,neutral,down,False,0.05,0.5541,earnings_release → earnings_miss → guidance_cut,True,,
V_2020Q2_earnings,earnings_sp500_2016_2025,V,2020-04-10,earnings,neutral,down,False,0.23,0.5541,earnings_release → earnings_miss → guidance_cut,True,,
PEP_2020Q2_earnings,earnings_sp500_2016_2025,PEP,2020-04-11,earnings,neutral,down,False,0.23,0.5541,earnings_release → earnings_miss → guidance_cut,True,,
PM_2020Q2_earnings,earnings_sp500_2016_2025,PM,2020-04-11,earnings,down,down,True,2.42,0.5541,earnings_release → earnings_miss → guidance_cut,True,,
REGN_2020Q2_earnings,earnings_sp500_2016_2025,REGN,2020-04-11,earnings,down,down,True,1.27,0.5541,earnings_release → earnings_miss → guidance_cut,True,,
AMAT_2020Q2_earnings,earnings_sp500_2016_2025,AMAT,2020-04-12,earnings,down,down,True,1.04,0.5541,earnings_release → earnings_miss → guidance_cut,True,,
COST_2020Q2_earnings,earnings_sp500_2016_2025,COST,2020-04-12,earnings,up,neutral,False,4.47,0.0749,earnings_release → earnings_beat → sector_etf_movement → institutional_rebalance,True,,
GS_2020Q2_earnings,earnings_sp500_2016_2025,GS,2020-04-12,earnings,down,down,True,1.73,0.5541,earnings_release → earnings_miss → guidance_cut,True,,
MSFT_2020Q2_earnings,earnings_sp500_2016_2025,MSFT,2020-04-12,earnings,down,down,True,2.88,0.5541,earnings_release → earnings_miss → guidance_cut,True,,
TXN_2020Q2_earnings,earnings_sp500_2016_2025,TXN,2020-04-12,earnings,up,neutral,False,12.41,0.0749,earnings_release → earnings_beat → sector_etf_movement → institutional_rebalance,True,,
LOW_2020Q2_earnings,earnings_sp500_2016_2025,LOW,2020-04-13,earnings,neutral,down,False,0.03,0.5541,earnings_release → earnings_miss → guidance_cut,False,,
MS_2020Q2_earnings,earnings_sp500_2016_2025,MS,2020-04-13,earnings,down,down,True,0.84,0.5541,earnings_release → earnings_miss → guidance_cut,False,,
QCOM_2020Q2_earnings,earnings_sp500_2016_2025,QCOM,2020-04-13,earnings,up,neutral,False,2.38,0.0749,earnings_release → earnings_beat → sector_etf_movement → institutional_rebalance,False,,
DIS_2020Q2_earnings,earnings_sp500_2016_2025,DIS,2020-04-14,earnings,up,neutral,False,2.42,0.0749,earnings_release → earnings_beat → sector_etf_movement → institutional_rebalance,False,,
MCD_2020Q2_earnings,earnings_sp500_2016_2025,MCD,2020-04-14,earnings,up,neutral,False,2.13,0.0749,earnings_release → earnings_beat → sector_etf_movement → institutional_rebalance,False,,
BRK.B_2020Q2_earnings,earnings_sp500_2016_2025,BRK.B,2020-04-15,earnings,down,down,True,0.52,0.5541,earnings_release → earnings_miss → guidance_cut,False,,
GE_2020Q2_earnings,earnings_sp500_2016_2025,GE,2020-04-15,earnings,down,down,True,1.43,0.5541,earnings_release → earnings_miss → guidance_cut,False,,
SQ_2020Q2_earnings,earnings_sp500_2016_2025,SQ,2020-04-15,earnings,neutral,down,False,0.14,0.5541,earnings_release → earnings_miss → guidance_cut,True,,
LRCX_2020Q2_earnings,earnings_sp500_2016_2025,LRCX,2020-04-16,earnings,up,neutral,False,2.99,0.0749,earnings_release → earnings_beat → sector_etf_movement → institutional_rebalance,False,,
NFLX_2020Q2_earnings,earnings_sp500_2016_2025,NFLX,2020-04-16,earnings,up,neutral,False,2.89,0.0749,earnings_release → earnings_beat → sector_etf_movement → institutional_rebalance,False,,
TSLA_2020Q2_earnings,earnings_sp500_2016_2025,TSLA,2020-04-16,earnings,up,neutral,False,2.1,0.0749,earnings_release → earnings_beat → sector_etf_movement → institutional_rebalance,False,,
ADBE_2020Q2_earnings,earnings_sp500_2016_2025,ADBE,2020-04-17,earnings,neutral,down,False,0.09,0.5541,earnings_release → earnings_miss → guidance_cut,False,,
BA_2020Q2_earnings,earnings_sp500_2016_2025,BA,2020-04-17,earnings,up,neutral,False,14.62,0.0749,earnings_release → earnings_beat → sector_etf_movement → institutional_rebalance,False,,
CAT_2020Q2_earnings,earnings_sp500_2016_2025,CAT,2020-04-17,earnings,up,neutral,False,2.7,0.0749,earnings_release → earnings_beat → sector_etf_movement → institutional_rebalance,False,,
CSCO_2020Q2_earnings,earnings_sp500_2016_2025,CSCO,2020-04-17,earnings,up,neutral,False,2.34,0.0749,earnings_release → earnings_beat → sector_etf_movement → institutional_rebalance,False,,
HD_2020Q2_earnings,earnings_sp500_2016_2025,HD,2020-04-17,earnings,up,neutral,False,4.76,0.0749,earnings_release → earnings_beat → sector_etf_movement → institutional_rebalance,False,,
ISRG_2020Q2_earnings,earnings_sp500_2016_2025,ISRG,2020-04-17,earnings,up,neutral,False,3.09,0.0749,earnings_release → earnings_beat → sector_etf_movement → institutional_rebalance,False,,
PANW_2020Q2_earnings,earnings_sp500_2016_2025,PANW,2020-04-17,earnings,up,neutral,False,1.64,0.0749,earnings_release → earnings_beat → sector_etf_movement → institutional_rebalance,False,,
SNAP_2020Q2_earnings,earnings_sp500_2016_2025,SNAP,2020-04-17,earnings,neutral,down,False,0.07,0.5541,earnings_release → earnings_miss → guidance_cut,False,,
SNPS_2020Q2_earnings,earnings_sp500_2016_2025,SNPS,2020-04-17,earnings,up,neutral,False,2.06,0.0749,earnings_release → earnings_beat → sector_etf_movement → institutional_rebalance,False,,
CDNS_2020Q2_earnings,earnings_sp500_2016_2025,CDNS,2020-04-18,earnings,up,neutral,False,8.44,0.0749,earnings_release → earnings_beat → sector_etf_movement → institutional_rebalance,True,,
PYPL_2020Q2_earnings,earnings_sp500_2016_2025,PYPL,2020-04-18,earnings,up,neutral,False,12.41,0.0749,earnings_release → earnings_beat → sector_etf_movement → institutional_rebalance,True,,
RTX_2020Q2_earnings,earnings_sp500_2016_2025,RTX,2020-04-18,earnings,neutral,down,False,0.05,0.5541,earnings_release → earnings_miss → guidance_cut,True,,
SBUX_2020Q2_earnings,earnings_sp500_2016_2025,SBUX,2020-04-18,earnings,down,down,True,2.42,0.5541,earnings_release → earnings_miss → guidance_cut,True,,
DHR_2020Q2_earnings,earnings_sp500_2016_2025,DHR,2020-04-19,earnings,neutral,down,False,0.14,0.5541,earnings_release → earnings_miss → guidance_cut,True,,
DOCU_2020Q2_earnings,earnings_sp500_2016_2025,DOCU,2020-04-19,earnings,neutral,down,False,0.14,0.5541,earnings_release → earnings_miss → guidance_cut,True,,
SHOP_2020Q2_earnings,earnings_sp500_2016_2025,SHOP,2020-04-19,earnings,up,neutral,False,14.4,0.0749,earnings_release → earnings_beat → sector_etf_movement → institutional_rebalance,True,,
VRTX_2020Q2_earnings,earnings_sp500_2016_2025,VRTX,2020-04-19,earnings,up,neutral,False,5.46,0.0749,earnings_release → earnings_beat → sector_etf_movement → institutional_rebalance,True,,
AMZN_2020Q2_earnings,earnings_sp500_2016_2025,AMZN,2020-04-21,earnings,down,down,True,0.63,0.5541,earnings_release → earnings_miss → guidance_cut,False,,
CVX_2020Q2_earnings,earnings_sp500_2016_2025,CVX,2020-04-21,earnings,down,down,True,0.53,0.5541,earnings_release → earnings_miss → guidance_cut,False,,
HON_2020Q2_earnings,earnings_sp500_2016_2025,HON,2020-04-21,earnings,down,down,True,0.63,0.5541,earnings_release → earnings_miss → guidance_cut,False,,
GILD_2020Q2_earnings,earnings_sp500_2016_2025,GILD,2020-04-22,earnings,up,neutral,False,3.51,0.0749,earnings_release → earnings_beat → sector_etf_movement → institutional_rebalance,False,,
MDT_2020Q2_earnings,earnings_sp500_2016_2025,MDT,2020-04-22,earnings,down,down,True,0.36,0.5541,earnings_release → earnings_miss → guidance_cut,False,,
NVDA_2020Q2_earnings,earnings_sp500_2016_2025,NVDA,2020-04-22,earnings,up,neutral,False,6.13,0.0749,earnings_release → earnings_beat → sector_etf_movement → institutional_rebalance,False,,
UNH_2020Q2_earnings,earnings_sp500_2016_2025,UNH,2020-04-22,earnings,up,neutral,False,1.02,0.0749,earnings_release → earnings_beat → sector_etf_movement → institutional_rebalance,False,,
XOM_2020Q2_earnings,earnings_sp500_2016_2025,XOM,2020-04-22,earnings,up,neutral,False,2.84,0.0749,earnings_release → earnings_beat → sector_etf_movement → institutional_rebalance,False,,
ABNB_2020Q2_earnings,earnings_sp500_2016_2025,ABNB,2020-04-23,earnings,neutral,down,False,0.23,0.5541,earnings_release → earnings_miss → guidance_cut,True,,
CMCSA_2020Q2_earnings,earnings_sp500_2016_2025,CMCSA,2020-04-23,earnings,up,neutral,False,1.0,0.0749,earnings_release → earnings_beat → sector_etf_movement → institutional_rebalance,False,,
CRM_2020Q2_earnings,earnings_sp500_2016_2025,CRM,2020-04-23,earnings,down,down,True,0.36,0.5541,earnings_release → earnings_miss → guidance_cut,False,,
JPM_2020Q2_earnings,earnings_sp500_2016_2025,JPM,2020-04-23,earnings,neutral,down,False,0.01,0.5541,earnings_release → earnings_miss → guidance_cut,False,,
SPGI_2020Q2_earnings,earnings_sp500_2016_2025,SPGI,2020-04-23,earnings,up,neutral,False,1.28,0.0749,earnings_release → earnings_beat → sector_etf_movement → institutional_rebalance,False,,
UBER_2020Q2_earnings,earnings_sp500_2016_2025,UBER,2020-04-23,earnings,neutral,down,False,0.07,0.5541,earnings_release → earnings_miss → guidance_cut,False,,
ABT_2020Q2_earnings,earnings_sp500_2016_2025,ABT,2020-04-24,earnings,neutral,down,False,0.03,0.5541,earnings_release → earnings_miss → guidance_cut,False,,
ADI_2020Q2_earnings,earnings_sp500_2016_2025,ADI,2020-04-24,earnings,up,neutral,False,4.01,0.0749,earnings_release → earnings_beat → sector_etf_movement → institutional_rebalance,False,,
JNJ_2020Q2_earnings,earnings_sp500_2016_2025,JNJ,2020-04-24,earnings,neutral,down,False,0.1,0.5541,earnings_release → earnings_miss → guidance_cut,False,,
MA_2020Q2_earnings,earnings_sp500_2016_2025,MA,2020-04-24,earnings,up,neutral,False,1.12,0.0749,earnings_release → earnings_beat → sector_etf_movement → institutional_rebalance,False,,
ROKU_2020Q2_earnings,earnings_sp500_2016_2025,ROKU,2020-04-24,earnings,up,neutral,False,1.43,0.0749,earnings_release → earnings_beat → sector_etf_movement → institutional_rebalance,False,,
WMT_2020Q2_earnings,earnings_sp500_2016_2025,WMT,2020-04-24,earnings,neutral,down,False,0.16,0.5541,earnings_release → earnings_miss → guidance_cut,False,,
ZM_2020Q2_earnings,earnings_sp500_2016_2025,ZM,2020-04-24,earnings,down,down,True,1.4,0.5541,earnings_release → earnings_miss → guidance_cut,False,,
AMAT_2020Q3_earnings,earnings_sp500_2016_2025,AMAT,2020-07-05,earnings,down,down,True,1.04,0.5541,earnings_release → earnings_miss → guidance_cut,True,,
HON_2020Q3_earnings,earnings_sp500_2016_2025,HON,2020-07-05,earnings,neutral,down,False,0.05,0.5541,earnings_release → earnings_miss → guidance_cut,True,,
PANW_2020Q3_earnings,earnings_sp500_2016_2025,PANW,2020-07-05,earnings,up,neutral,False,9.43,0.0749,earnings_release → earnings_beat → sector_etf_movement → institutional_rebalance,True,,
UBER_2020Q3_earnings,earnings_sp500_2016_2025,UBER,2020-07-05,earnings,down,down,True,3.11,0.5541,earnings_release → earnings_miss → guidance_cut,True,,
UNP_2020Q3_earnings,earnings_sp500_2016_2025,UNP,2020-07-06,earnings,up,neutral,False,1.81,0.0749,earnings_release → earnings_beat → sector_etf_movement → institutional_rebalance,False,,
ADBE_2020Q3_earnings,earnings_sp500_2016_2025,ADBE,2020-07-07,earnings,neutral,down,False,0.16,0.5541,earnings_release → earnings_miss → guidance_cut,False,,
ISRG_2020Q3_earnings,earnings_sp500_2016_2025,ISRG,2020-07-07,earnings,down,down,True,0.37,0.5541,earnings_release → earnings_miss → guidance_cut,False,,
VRTX_2020Q3_earnings,earnings_sp500_2016_2025,VRTX,2020-07-07,earnings,up,neutral,False,2.64,0.0749,earnings_release → earnings_beat → sector_etf_movement → institutional_rebalance,False,,
LOW_2020Q3_earnings,earnings_sp500_2016_2025,LOW,2020-07-08,earnings,neutral,down,False,0.12,0.5541,earnings_release → earnings_miss → guidance_cut,False,,
LRCX_2020Q3_earnings,earnings_sp500_2016_2025,LRCX,2020-07-08,earnings,up,neutral,False,1.79,0.0749,earnings_release → earnings_beat → sector_etf_movement → institutional_rebalance,False,,
MSFT_2020Q3_earnings,earnings_sp500_2016_2025,MSFT,2020-07-08,earnings,up,neutral,False,2.18,0.0749,earnings_release → earnings_beat → sector_etf_movement → institutional_rebalance,False,,
COIN_2020Q3_earnings,earnings_sp500_2016_2025,COIN,2020-07-09,earnings,up,neutral,False,10.43,0.0749,earnings_release → earnings_beat → sector_etf_movement → institutional_rebalance,True,,
HD_2020Q3_earnings,earnings_sp500_2016_2025,HD,2020-07-09,earnings,neutral,down,False,0.11,0.5541,earnings_release → earnings_miss → guidance_cut,False,,
TXN_2020Q3_earnings,earnings_sp500_2016_2025,TXN,2020-07-09,earnings,neutral,down,False,0.21,0.5541,earnings_release → earnings_miss → guidance_cut,False,,
AAPL_2020Q3_earnings,earnings_sp500_2016_2025,AAPL,2020-07-10,earnings,neutral,down,False,0.04,0.5541,earnings_release → earnings_miss → guidance_cut,False,,
ACN_2020Q3_earnings,earnings_sp500_2016_2025,ACN,2020-07-10,earnings,neutral,down,False,0.1,0.5541,earnings_release → earnings_miss → guidance_cut,False,,
GILD_2020Q3_earnings,earnings_sp500_2016_2025,GILD,2020-07-10,earnings,up,neutral,False,2.14,0.0749,earnings_release → earnings_beat → sector_etf_movement → institutional_rebalance,False,,
GS_2020Q3_earnings,earnings_sp500_2016_2025,GS,2020-07-10,earnings,up,neutral,False,4.41,0.0749,earnings_release → earnings_beat → sector_etf_movement → institutional_rebalance,False,,
INTC_2020Q3_earnings,earnings_sp500_2016_2025,INTC,2020-07-10,earnings,up,neutral,False,1.89,0.0749,earnings_release → earnings_beat → sector_etf_movement → institutional_rebalance,False,,
META_2020Q3_earnings,earnings_sp500_2016_2025,META,2020-07-10,earnings,neutral,down,False,0.05,0.5541,earnings_release → earnings_miss → guidance_cut,False,,
SHOP_2020Q3_earnings,earnings_sp500_2016_2025,SHOP,2020-07-10,earnings,neutral,down,False,0.18,0.5541,earnings_release → earnings_miss → guidance_cut,False,,
DHR_2020Q3_earnings,earnings_sp500_2016_2025,DHR,2020-07-11,earnings,neutral,down,False,0.14,0.5541,earnings_release → earnings_miss → guidance_cut,True,,
MRK_2020Q3_earnings,earnings_sp500_2016_2025,MRK,2020-07-11,earnings,up,neutral,False,6.45,0.0749,earnings_release → earnings_beat → sector_etf_movement → institutional_rebalance,True,,
PYPL_2020Q3_earnings,earnings_sp500_2016_2025,PYPL,2020-07-11,earnings,neutral,down,False,0.14,0.5541,earnings_release → earnings_miss → guidance_cut,True,,
SQ_2020Q3_earnings,earnings_sp500_2016_2025,SQ,2020-07-11,earnings,down,down,True,1.5,0.5541,earnings_release → earnings_miss → guidance_cut,True,,
WFC_2020Q3_earnings,earnings_sp500_2016_2025,WFC,2020-07-11,earnings,up,neutral,False,4.47,0.0749,earnings_release → earnings_beat → sector_etf_movement → institutional_rebalance,True,,
ZM_2020Q3_earnings,earnings_sp500_2016_2025,ZM,2020-07-11,earnings,down,down,True,3.34,0.5541,earnings_release → earnings_miss → guidance_cut,True,,
AMZN_2020Q3_earnings,earnings_sp500_2016_2025,AMZN,2020-07-12,earnings,up,neutral,False,1.49,0.0749,earnings_release → earnings_beat → sector_etf_movement → institutional_rebalance,True,,
CDNS_2020Q3_earnings,earnings_sp500_2016_2025,CDNS,2020-07-12,earnings,down,down,True,1.5,0.5541,earnings_release → earnings_miss → guidance_cut,True,,
DOCU_2020Q3_earnings,earnings_sp500_2016_2025,DOCU,2020-07-12,earnings,up,neutral,False,1.49,0.0749,earnings_release → earnings_beat → sector_etf_movement → institutional_rebalance,True,,
GOOGL_2020Q3_earnings,earnings_sp500_2016_2025,GOOGL,2020-07-12,earnings,up,neutral,False,3.48,0.0749,earnings_release → earnings_beat → sector_etf_movement → institutional_rebalance,True,,
ROKU_2020Q3_earnings,earnings_sp500_2016_2025,ROKU,2020-07-12,earnings,up,neutral,False,2.48,0.0749,earnings_release → earnings_beat → sector_etf_movement → institutional_rebalance,True,,
SPGI_2020Q3_earnings,earnings_sp500_2016_2025,SPGI,2020-07-12,earnings,down,down,True,2.65,0.5541,earnings_release → earnings_miss → guidance_cut,True,,
ABBV_2020Q3_earnings,earnings_sp500_2016_2025,ABBV,2020-07-13,earnings,up,neutral,False,1.05,0.0749,earnings_release → earnings_beat → sector_etf_movement → institutional_rebalance,False,,
NVDA_2020Q3_earnings,earnings_sp500_2016_2025,NVDA,2020-07-13,earnings,down,down,True,0.94,0.5541,earnings_release → earnings_miss → guidance_cut,False,,
SBUX_2020Q3_earnings,earnings_sp500_2016_2025,SBUX,2020-07-13,earnings,down,down,True,0.51,0.5541,earnings_release → earnings_miss → guidance_cut,False,,
XOM_2020Q3_earnings,earnings_sp500_2016_2025,XOM,2020-07-13,earnings,neutral,down,False,0.0,0.5541,earnings_release → earnings_miss → guidance_cut,False,,
RTX_2020Q3_earnings,earnings_sp500_2016_2025,RTX,2020-07-14,earnings,up,neutral,False,1.88,0.0749,earnings_release → earnings_beat → sector_etf_movement → institutional_rebalance,False,,
ABT_2020Q3_earnings,earnings_sp500_2016_2025,ABT,2020-07-15,earnings,up,neutral,False,2.0,0.0749,earnings_release → earnings_beat → sector_etf_movement → institutional_rebalance,False,,
AXP_2020Q3_earnings,earnings_sp500_2016_2025,AXP,2020-07-15,earnings,up,neutral,False,2.64,0.0749,earnings_release → earnings_beat → sector_etf_movement → institutional_rebalance,False,,
GE_2020Q3_earnings,earnings_sp500_2016_2025,GE,2020-07-16,earnings,down,down,True,0.29,0.5541,earnings_release → earnings_miss → guidance_cut,False,,
PEP_2020Q3_earnings,earnings_sp500_2016_2025,PEP,2020-07-16,earnings,neutral,down,False,0.03,0.5541,earnings_release → earnings_miss → guidance_cut,False,,
TSLA_2020Q3_earnings,earnings_sp500_2016_2025,TSLA,2020-07-16,earnings,down,down,True,0.68,0.5541,earnings_release → earnings_miss → guidance_cut,False,,
ADI_2020Q3_earnings,earnings_sp500_2016_2025,ADI,2020-07-17,earnings,neutral,down,False,0.15,0.5541,earnings_release → earnings_miss → guidance_cut,False,,
COST_2020Q3_earnings,earnings_sp500_2016_2025,COST,2020-07-17,earnings,neutral,down,False,0.1,0.5541,earnings_release → earnings_miss → guidance_cut,False,,
NFLX_2020Q3_earnings,earnings_sp500_2016_2025,NFLX,2020-07-17,earnings,down,down,True,1.5,0.5541,earnings_release → earnings_miss → guidance_cut,False,,
PM_2020Q3_earnings,earnings_sp500_2016_2025,PM,2020-07-17,earnings,neutral,down,False,0.1,0.5541,earnings_release → earnings_miss → guidance_cut,False,,
REGN_2020Q3_earnings,earnings_sp500_2016_2025,REGN,2020-07-17,earnings,up,neutral,False,1.86,0.0749,earnings_release → earnings_beat → sector_etf_movement → institutional_rebalance,False,,
SNAP_2020Q3_earnings,earnings_sp500_2016_2025,SNAP,2020-07-17,earnings,up,neutral,False,2.66,0.0749,earnings_release → earnings_beat → sector_etf_movement → institutional_rebalance,False,,
SNPS_2020Q3_earnings,earnings_sp500_2016_2025,SNPS,2020-07-17,earnings,up,neutral,False,1.57,0.0749,earnings_release → earnings_beat → sector_etf_movement → institutional_rebalance,False,,
TMO_2020Q3_earnings,earnings_sp500_2016_2025,TMO,2020-07-17,earnings,neutral,down,False,0.18,0.5541,earnings_release → earnings_miss → guidance_cut,False,,
BA_2020Q3_earnings,earnings_sp500_2016_2025,BA,2020-07-18,earnings,down,down,True,3.8,0.5541,earnings_release → earnings_miss → guidance_cut,True,,
KO_2020Q3_earnings,earnings_sp500_2016_2025,KO,2020-07-18,earnings,up,neutral,False,9.43,0.0749,earnings_release → earnings_beat → sector_etf_movement → institutional_rebalance,True,,
NKE_2020Q3_earnings,earnings_sp500_2016_2025,NKE,2020-07-18,earnings,up,neutral,False,6.45,0.0749,earnings_release → earnings_beat → sector_etf_movement → institutional_rebalance,True,,
BKNG_2020Q3_earnings,earnings_sp500_2016_2025,BKNG,2020-07-19,earnings,up,neutral,False,5.46,0.0749,earnings_release → earnings_beat → sector_etf_movement → institutional_rebalance,True,,
BRK.B_2020Q3_earnings,earnings_sp500_2016_2025,BRK.B,2020-07-19,earnings,neutral,down,False,0.14,0.5541,earnings_release → earnings_miss → guidance_cut,True,,
IBM_2020Q3_earnings,earnings_sp500_2016_2025,IBM,2020-07-19,earnings,up,neutral,False,6.45,0.0749,earnings_release → earnings_beat → sector_etf_movement → institutional_rebalance,True,,
JPM_2020Q3_earnings,earnings_sp500_2016_2025,JPM,2020-07-19,earnings,neutral,down,False,0.23,0.5541,earnings_release → earnings_miss → guidance_cut,True,,
DIS_2020Q3_earnings,earnings_sp500_2016_2025,DIS,2020-07-20,earnings,neutral,down,False,0.17,0.5541,earnings_release → earnings_miss → guidance_cut,False,,
MA_2020Q3_earnings,earnings_sp500_2016_2025,MA,2020-07-20,earnings,up,neutral,False,2.58,0.0749,earnings_release → earnings_beat → sector_etf_movement → institutional_rebalance,False,,
MDT_2020Q3_earnings,earnings_sp500_2016_2025,MDT,2020-07-20,earnings,down,down,True,0.67,0.5541,earnings_release → earnings_miss → guidance_cut,False,,
V_2020Q3_earnings,earnings_sp500_2016_2025,V,2020-07-20,earnings,up,neutral,False,1.72,0.0749,earnings_release → earnings_beat → sector_etf_movement → institutional_rebalance,False,,
AVGO_2020Q3_earnings,earnings_sp500_2016_2025,AVGO,2020-07-21,earnings,neutral,down,False,0.2,0.5541,earnings_release → earnings_miss → guidance_cut,False,,
CAT_2020Q3_earnings,earnings_sp500_2016_2025,CAT,2020-07-21,earnings,neutral,down,False,0.21,0.5541,earnings_release → earnings_miss → guidance_cut,False,,
CMCSA_2020Q3_earnings,earnings_sp500_2016_2025,CMCSA,2020-07-21,earnings,up,neutral,False,1.47,0.0749,earnings_release → earnings_beat → sector_etf_movement → institutional_rebalance,False,,
CSCO_2020Q3_earnings,earnings_sp500_2016_2025,CSCO,2020-07-21,earnings,neutral,down,False,0.03,0.5541,earnings_release → earnings_miss → guidance_cut,False,,
CVX_2020Q3_earnings,earnings_sp500_2016_2025,CVX,2020-07-21,earnings,up,neutral,False,7.13,0.0749,earnings_release → earnings_beat → sector_etf_movement → institutional_rebalance,False,,
JNJ_2020Q3_earnings,earnings_sp500_2016_2025,JNJ,2020-07-21,earnings,neutral,down,False,0.02,0.5541,earnings_release → earnings_miss → guidance_cut,False,,
MCD_2020Q3_earnings,earnings_sp500_2016_2025,MCD,2020-07-21,earnings,neutral,down,False,0.16,0.5541,earnings_release → earnings_miss → guidance_cut,False,,
VZ_2020Q3_earnings,earnings_sp500_2016_2025,VZ,2020-07-21,earnings,neutral,down,False,0.01,0.5541,earnings_release → earnings_miss → guidance_cut,False,,
BLK_2020Q3_earnings,earnings_sp500_2016_2025,BLK,2020-07-22,earnings,neutral,down,False,0.1,0.5541,earnings_release → earnings_miss → guidance_cut,False,,
CRM_2020Q3_earnings,earnings_sp500_2016_2025,CRM,2020-07-22,earnings,neutral,down,False,0.06,0.5541,earnings_release → earnings_miss → guidance_cut,False,,
QCOM_2020Q3_earnings,earnings_sp500_2016_2025,QCOM,2020-07-22,earnings,neutral,down,False,0.07,0.5541,earnings_release → earnings_miss → guidance_cut,False,,
ABNB_2020Q3_earnings,earnings_sp500_2016_2025,ABNB,2020-07-23,earnings,neutral,down,False,0.14,0.5541,earnings_release → earnings_miss → guidance_cut,True,,
AMD_2020Q3_earnings,earnings_sp500_2016_2025,AMD,2020-07-23,earnings,down,down,True,0.83,0.5541,earnings_release → earnings_miss → guidance_cut,False,,
UNH_2020Q3_earnings,earnings_sp500_2016_2025,UNH,2020-07-23,earnings,down,down,True,0.28,0.5541,earnings_release → earnings_miss → guidance_cut,False,,
WMT_2020Q3_earnings,earnings_sp500_2016_2025,WMT,2020-07-23,earnings,neutral,down,False,0.18,0.5541,earnings_release → earnings_miss → guidance_cut,False,,
MS_2020Q3_earnings,earnings_sp500_2016_2025,MS,2020-07-24,earnings,neutral,down,False,0.17,0.5541,earnings_release → earnings_miss → guidance_cut,False,,
PG_2020Q3_earnings,earnings_sp500_2016_2025,PG,2020-07-24,earnings,neutral,down,False,0.04,0.5541,earnings_release → earnings_miss → guidance_cut,False,,
UPS_2020Q3_earnings,earnings_sp500_2016_2025,UPS,2020-07-24,earnings,neutral,down,False,0.04,0.5541,earnings_release → earnings_miss → guidance_cut,False,,
AMAT_2020Q4_earnings,earnings_sp500_2016_2025,AMAT,2020-10-05,earnings,up,neutral,False,4.08,0.0749,earnings_release → earnings_beat → sector_etf_movement → institutional_rebalance,False,,
AVGO_2020Q4_earnings,earnings_sp500_2016_2025,AVGO,2020-10-05,earnings,up,neutral,False,2.58,0.0749,earnings_release → earnings_beat → sector_etf_movement → institutional_rebalance,False,,
GS_2020Q4_earnings,earnings_sp500_2016_2025,GS,2020-10-05,earnings,neutral,down,False,0.22,0.5541,earnings_release → earnings_miss → guidance_cut,False,,
META_2020Q4_earnings,earnings_sp500_2016_2025,META,2020-10-05,earnings,up,neutral,False,1.8,0.0749,earnings_release → earnings_beat → sector_etf_movement → institutional_rebalance,False,,
NKE_2020Q4_earnings,earnings_sp500_2016_2025,NKE,2020-10-05,earnings,neutral,down,False,0.23,0.5541,earnings_release → earnings_miss → guidance_cut,False,,
ABBV_2020Q4_earnings,earnings_sp500_2016_2025,ABBV,2020-10-06,earnings,down,down,True,0.53,0.5541,earnings_release → earnings_miss → guidance_cut,False,,
ABT_2020Q4_earnings,earnings_sp500_2016_2025,ABT,2020-10-06,earnings,down,down,True,0.49,0.5541,earnings_release → earnings_miss → guidance_cut,False,,
ADI_2020Q4_earnings,earnings_sp500_2016_2025,ADI,2020-10-06,earnings,neutral,down,False,0.21,0.5541,earnings_release → earnings_miss → guidance_cut,False,,
IBM_2020Q4_earnings,earnings_sp500_2016_2025,IBM,2020-10-06,earnings,neutral,down,False,0.01,0.5541,earnings_release → earnings_miss → guidance_cut,False,,
MCD_2020Q4_earnings,earnings_sp500_2016_2025,MCD,2020-10-06,earnings,neutral,down,False,0.2,0.5541,earnings_release → earnings_miss → guidance_cut,False,,
SQ_2020Q4_earnings,earnings_sp500_2016_2025,SQ,2020-10-06,earnings,neutral,down,False,0.05,0.5541,earnings_release → earnings_miss → guidance_cut,True,,
TMO_2020Q4_earnings,earnings_sp500_2016_2025,TMO,2020-10-06,earnings,down,down,True,0.24,0.5541,earnings_release → earnings_miss → guidance_cut,False,,
TXN_2020Q4_earnings,earnings_sp500_2016_2025,TXN,2020-10-06,earnings,neutral,down,False,0.04,0.5541,earnings_release → earnings_miss → guidance_cut,False,,
VZ_2020Q4_earnings,earnings_sp500_2016_2025,VZ,2020-10-06,earnings,neutral,down,False,0.08,0.5541,earnings_release → earnings_miss → guidance_cut,False,,
CDNS_2020Q4_earnings,earnings_sp500_2016_2025,CDNS,2020-10-07,earnings,up,neutral,False,2.75,0.0749,earnings_release → earnings_beat → sector_etf_movement → institutional_rebalance,False,,
ISRG_2020Q4_earnings,earnings_sp500_2016_2025,ISRG,2020-10-07,earnings,up,neutral,False,3.02,0.0749,earnings_release → earnings_beat → sector_etf_movement → institutional_rebalance,False,,
NVDA_2020Q4_earnings,earnings_sp500_2016_2025,NVDA,2020-10-07,earnings,up,neutral,False,1.65,0.0749,earnings_release → earnings_beat → sector_etf_movement → institutional_rebalance,False,,
SNAP_2020Q4_earnings,earnings_sp500_2016_2025,SNAP,2020-10-07,earnings,neutral,down,False,0.05,0.5541,earnings_release → earnings_miss → guidance_cut,False,,
CRM_2020Q4_earnings,earnings_sp500_2016_2025,CRM,2020-10-08,earnings,neutral,down,False,0.02,0.5541,earnings_release → earnings_miss → guidance_cut,False,,
SPGI_2020Q4_earnings,earnings_sp500_2016_2025,SPGI,2020-10-08,earnings,neutral,down,False,0.15,0.5541,earnings_release → earnings_miss → guidance_cut,False,,
AMD_2020Q4_earnings,earnings_sp500_2016_2025,AMD,2020-10-09,earnings,down,down,True,0.91,0.5541,earnings_release → earnings_miss → guidance_cut,False,,
BA_2020Q4_earnings,earnings_sp500_2016_2025,BA,2020-10-09,earnings,neutral,down,False,0.09,0.5541,earnings_release → earnings_miss → guidance_cut,False,,
MSFT_2020Q4_earnings,earnings_sp500_2016_2025,MSFT,2020-10-09,earnings,up,neutral,False,2.46,0.0749,earnings_release → earnings_beat → sector_etf_movement → institutional_rebalance,False,,
VRTX_2020Q4_earnings,earnings_sp500_2016_2025,VRTX,2020-10-09,earnings,neutral,down,False,0.12,0.5541,earnings_release → earnings_miss → guidance_cut,False,,
CAT_2020Q4_earnings,earnings_sp500_2016_2025,CAT,2020-10-10,earnings,up,neutral,False,2.48,0.0749,earnings_release → earnings_beat → sector_etf_movement → institutional_rebalance,True,,
COST_2020Q4_earnings,earnings_sp500_2016_2025,COST,2020-10-10,earnings,down,down,True,0.58,0.5541,earnings_release → earnings_miss → guidance_cut,True,,
ROKU_2020Q4_earnings,earnings_sp500_2016_2025,ROKU,2020-10-10,earnings,neutral,down,False,0.23,0.5541,earnings_release → earnings_miss → guidance_cut,True,,
BRK.B_2020Q4_earnings,earnings_sp500_2016_2025,BRK.B,2020-10-11,earnings,neutral,down,False,0.14,0.5541,earnings_release → earnings_miss → guidance_cut,True,,
HON_2020Q4_earnings,earnings_sp500_2016_2025,HON,2020-10-12,earnings,neutral,down,False,0.13,0.5541,earnings_release → earnings_miss → guidance_cut,False,,
JPM_2020Q4_earnings,earnings_sp500_2016_2025,JPM,2020-10-12,earnings,up,neutral,False,1.22,0.0749,earnings_release → earnings_beat → sector_etf_movement → institutional_rebalance,False,,
KO_2020Q4_earnings,earnings_sp500_2016_2025,KO,2020-10-12,earnings,neutral,down,False,0.13,0.5541,earnings_release → earnings_miss → guidance_cut,False,,
MA_2020Q4_earnings,earnings_sp500_2016_2025,MA,2020-10-12,earnings,neutral,down,False,0.02,0.5541,earnings_release → earnings_miss → guidance_cut,False,,
LOW_2020Q4_earnings,earnings_sp500_2016_2025,LOW,2020-10-13,earnings,up,neutral,False,1.5,0.0749,earnings_release → earnings_beat → sector_etf_movement → institutional_rebalance,False,,
MRK_2020Q4_earnings,earnings_sp500_2016_2025,MRK,2020-10-13,earnings,neutral,down,False,0.1,0.5541,earnings_release → earnings_miss → guidance_cut,False,,
SHOP_2020Q4_earnings,earnings_sp500_2016_2025,SHOP,2020-10-13,earnings,up,neutral,False,1.51,0.0749,earnings_release → earnings_beat → sector_etf_movement → institutional_rebalance,False,,
UNP_2020Q4_earnings,earnings_sp500_2016_2025,UNP,2020-10-13,earnings,down,down,True,0.37,0.5541,earnings_release → earnings_miss → guidance_cut,False,,
JNJ_2020Q4_earnings,earnings_sp500_2016_2025,JNJ,2020-10-14,earnings,neutral,down,False,0.04,0.5541,earnings_release → earnings_miss → guidance_cut,False,,
LRCX_2020Q4_earnings,earnings_sp500_2016_2025,LRCX,2020-10-14,earnings,neutral,down,False,0.0,0.5541,earnings_release → earnings_miss → guidance_cut,False,,
MS_2020Q4_earnings,earnings_sp500_2016_2025,MS,2020-10-14,earnings,neutral,down,False,0.1,0.5541,earnings_release → earnings_miss → guidance_cut,False,,
QCOM_2020Q4_earnings,earnings_sp500_2016_2025,QCOM,2020-10-14,earnings,up,neutral,False,1.89,0.0749,earnings_release → earnings_beat → sector_etf_movement → institutional_rebalance,False,,
SBUX_2020Q4_earnings,earnings_sp500_2016_2025,SBUX,2020-10-14,earnings,neutral,down,False,0.22,0.5541,earnings_release → earnings_miss → guidance_cut,False,,
V_2020Q4_earnings,earnings_sp500_2016_2025,V,2020-10-14,earnings,down,down,True,0.24,0.5541,earnings_release → earnings_miss → guidance_cut,False,,
CMCSA_2020Q4_earnings,earnings_sp500_2016_2025,CMCSA,2020-10-15,earnings,neutral,down,False,0.09,0.5541,earnings_release → earnings_miss → guidance_cut,False,,
DHR_2020Q4_earnings,earnings_sp500_2016_2025,DHR,2020-10-15,earnings,neutral,down,False,0.12,0.5541,earnings_release → earnings_miss → guidance_cut,False,,
INTC_2020Q4_earnings,earnings_sp500_2016_2025,INTC,2020-10-15,earnings,neutral,down,False,0.13,0.5541,earnings_release → earnings_miss → guidance_cut,False,,
AMZN_2020Q4_earnings,earnings_sp500_2016_2025,AMZN,2020-10-16,earnings,down,down,True,0.46,0.5541,earnings_release → earnings_miss → guidance_cut,False,,
CSCO_2020Q4_earnings,earnings_sp500_2016_2025,CSCO,2020-10-16,earnings,neutral,down,False,0.11,0.5541,earnings_release → earnings_miss → guidance_cut,False,,
UPS_2020Q4_earnings,earnings_sp500_2016_2025,UPS,2020-10-16,earnings,neutral,down,False,0.05,0.5541,earnings_release → earnings_miss → guidance_cut,False,,
ABNB_2020Q4_earnings,earnings_sp500_2016_2025,ABNB,2020-10-18,earnings,down,down,True,0.58,0.5541,earnings_release → earnings_miss → guidance_cut,True,,
BKNG_2020Q4_earnings,earnings_sp500_2016_2025,BKNG,2020-10-18,earnings,down,down,True,2.65,0.5541,earnings_release → earnings_miss → guidance_cut,True,,
MDT_2020Q4_earnings,earnings_sp500_2016_2025,MDT,2020-10-18,earnings,up,neutral,False,11.42,0.0749,earnings_release → earnings_beat → sector_etf_movement → institutional_rebalance,True,,
TSLA_2020Q4_earnings,earnings_sp500_2016_2025,TSLA,2020-10-18,earnings,up,neutral,False,11.42,0.0749,earnings_release → earnings_beat → sector_etf_movement → institutional_rebalance,True,,
SNPS_2020Q4_earnings,earnings_sp500_2016_2025,SNPS,2020-10-19,earnings,neutral,down,False,0.21,0.5541,earnings_release → earnings_miss → guidance_cut,False,,
UNH_2020Q4_earnings,earnings_sp500_2016_2025,UNH,2020-10-19,earnings,down,down,True,0.4,0.5541,earnings_release → earnings_miss → guidance_cut,False,,
AAPL_2020Q4_earnings,earnings_sp500_2016_2025,AAPL,2020-10-20,earnings,up,neutral,False,1.31,0.0749,earnings_release → earnings_beat → sector_etf_movement → institutional_rebalance,False,,
AXP_2020Q4_earnings,earnings_sp500_2016_2025,AXP,2020-10-20,earnings,neutral,down,False,0.15,0.5541,earnings_release → earnings_miss → guidance_cut,False,,
BLK_2020Q4_earnings,earnings_sp500_2016_2025,BLK,2020-10-20,earnings,up,neutral,False,1.59,0.0749,earnings_release → earnings_beat → sector_etf_movement → institutional_rebalance,False,,
COIN_2020Q4_earnings,earnings_sp500_2016_2025,COIN,2020-10-20,earnings,up,neutral,False,11.42,0.0749,earnings_release → earnings_beat → sector_etf_movement → institutional_rebalance,True,,
GILD_2020Q4_earnings,earnings_sp500_2016_2025,GILD,2020-10-20,earnings,neutral,down,False,0.01,0.5541,earnings_release → earnings_miss → guidance_cut,False,,
PEP_2020Q4_earnings,earnings_sp500_2016_2025,PEP,2020-10-20,earnings,neutral,down,False,0.0,0.5541,earnings_release → earnings_miss → guidance_cut,False,,
PG_2020Q4_earnings,earnings_sp500_2016_2025,PG,2020-10-20,earnings,neutral,down,False,0.09,0.5541,earnings_release → earnings_miss → guidance_cut,False,,
ADBE_2020Q4_earnings,earnings_sp500_2016_2025,ADBE,2020-10-21,earnings,neutral,down,False,0.06,0.5541,earnings_release → earnings_miss → guidance_cut,False,,
NFLX_2020Q4_earnings,earnings_sp500_2016_2025,NFLX,2020-10-21,earnings,down,down,True,1.59,0.5541,earnings_release → earnings_miss → guidance_cut,False,,
PM_2020Q4_earnings,earnings_sp500_2016_2025,PM,2020-10-21,earnings,neutral,down,False,0.15,0.5541,earnings_release → earnings_miss → guidance_cut,False,,
REGN_2020Q4_earnings,earnings_sp500_2016_2025,REGN,2020-10-21,earnings,neutral,down,False,0.17,0.5541,earnings_release → earnings_miss → guidance_cut,False,,
WFC_2020Q4_earnings,earnings_sp500_2016_2025,WFC,2020-10-21,earnings,neutral,down,False,0.11,0.5541,earnings_release → earnings_miss → guidance_cut,False,,
CVX_2020Q4_earnings,earnings_sp500_2016_2025,CVX,2020-10-22,earnings,up,neutral,False,3.54,0.0749,earnings_release → earnings_beat → sector_etf_movement → institutional_rebalance,False,,
UBER_2020Q4_earnings,earnings_sp500_2016_2025,UBER,2020-10-22,earnings,up,neutral,False,4.23,0.0749,earnings_release → earnings_beat → sector_etf_movement → institutional_rebalance,False,,
XOM_2020Q4_earnings,earnings_sp500_2016_2025,XOM,2020-10-22,earnings,up,neutral,False,5.09,0.0749,earnings_release → earnings_beat → sector_etf_movement → institutional_rebalance,False,,
DIS_2020Q4_earnings,earnings_sp500_2016_2025,DIS,2020-10-23,earnings,neutral,down,False,0.14,0.5541,earnings_release → earnings_miss → guidance_cut,False,,
GE_2020Q4_earnings,earnings_sp500_2016_2025,GE,2020-10-23,earnings,down,down,True,0.27,0.5541,earnings_release → earnings_miss → guidance_cut,False,,
GOOGL_2020Q4_earnings,earnings_sp500_2016_2025,GOOGL,2020-10-23,earnings,up,neutral,False,1.63,0.0749,earnings_release → earnings_beat → sector_etf_movement → institutional_rebalance,False,,
PANW_2020Q4_earnings,earnings_sp500_2016_2025,PANW,2020-10-23,earnings,neutral,down,False,0.1,0.5541,earnings_release → earnings_miss → guidance_cut,False,,
WMT_2020Q4_earnings,earnings_sp500_2016_2025,WMT,2020-10-23,earnings,neutral,down,False,0.05,0.5541,earnings_release → earnings_miss → guidance_cut,False,,
ZM_2020Q4_earnings,earnings_sp500_2016_2025,ZM,2020-10-23,earnings,down,down,True,0.4,0.5541,earnings_release → earnings_miss → guidance_cut,False,,
ACN_2020Q4_earnings,earnings_sp500_2016_2025,ACN,2020-10-24,earnings,neutral,down,False,0.05,0.5541,earnings_release → earnings_miss → guidance_cut,True,,
DOCU_2020Q4_earnings,earnings_sp500_2016_2025,DOCU,2020-10-24,earnings,down,down,True,3.57,0.5541,earnings_release → earnings_miss → guidance_cut,True,,
HD_2020Q4_earnings,earnings_sp500_2016_2025,HD,2020-10-24,earnings,down,down,True,2.19,0.5541,earnings_release → earnings_miss → guidance_cut,True,,
PYPL_2020Q4_earnings,earnings_sp500_2016_2025,PYPL,2020-10-24,earnings,up,neutral,False,7.45,0.0749,earnings_release → earnings_beat → sector_etf_movement → institutional_rebalance,True,,
RTX_2020Q4_earnings,earnings_sp500_2016_2025,RTX,2020-10-24,earnings,up,neutral,False,8.44,0.0749,earnings_release → earnings_beat → sector_etf_movement → institutional_rebalance,True,,
BKNG_2021Q1_earnings,earnings_sp500_2016_2025,BKNG,2021-01-05,earnings,up,neutral,False,1.1,0.0749,earnings_release → earnings_beat → sector_etf_movement → institutional_rebalance,False,,
CSCO_2021Q1_earnings,earnings_sp500_2016_2025,CSCO,2021-01-05,earnings,neutral,down,False,0.01,0.5541,earnings_release → earnings_miss → guidance_cut,False,,
PYPL_2021Q1_earnings,earnings_sp500_2016_2025,PYPL,2021-01-05,earnings,up,neutral,False,1.28,0.0749,earnings_release → earnings_beat → sector_etf_movement → institutional_rebalance,False,,
QCOM_2021Q1_earnings,earnings_sp500_2016_2025,QCOM,2021-01-05,earnings,up,neutral,False,2.63,0.0749,earnings_release → earnings_beat → sector_etf_movement → institutional_rebalance,False,,
RTX_2021Q1_earnings,earnings_sp500_2016_2025,RTX,2021-01-05,earnings,up,neutral,False,1.44,0.0749,earnings_release → earnings_beat → sector_etf_movement → institutional_rebalance,False,,
TMO_2021Q1_earnings,earnings_sp500_2016_2025,TMO,2021-01-05,earnings,up,neutral,False,1.24,0.0749,earnings_release → earnings_beat → sector_etf_movement → institutional_rebalance,False,,
WFC_2021Q1_earnings,earnings_sp500_2016_2025,WFC,2021-01-05,earnings,up,neutral,False,2.77,0.0749,earnings_release → earnings_beat → sector_etf_movement → institutional_rebalance,False,,
IBM_2021Q1_earnings,earnings_sp500_2016_2025,IBM,2021-01-06,earnings,up,neutral,False,2.48,0.0749,earnings_release → earnings_beat → sector_etf_movement → institutional_rebalance,False,,
AVGO_2021Q1_earnings,earnings_sp500_2016_2025,AVGO,2021-01-07,earnings,up,neutral,False,4.18,0.0749,earnings_release → earnings_beat → sector_etf_movement → institutional_rebalance,False,,
DHR_2021Q1_earnings,earnings_sp500_2016_2025,DHR,2021-01-07,earnings,up,neutral,False,1.41,0.0749,earnings_release → earnings_beat → sector_etf_movement → institutional_rebalance,False,,
HON_2021Q1_earnings,earnings_sp500_2016_2025,HON,2021-01-07,earnings,neutral,down,False,0.04,0.5541,earnings_release → earnings_miss → guidance_cut,False,,
TSLA_2021Q1_earnings,earnings_sp500_2016_2025,TSLA,2021-01-07,earnings,up,neutral,False,7.88,0.0749,earnings_release → earnings_beat → sector_etf_movement → institutional_rebalance,False,,
UBER_2021Q1_earnings,earnings_sp500_2016_2025,UBER,2021-01-07,earnings,up,neutral,False,6.91,0.0749,earnings_release → earnings_beat → sector_etf_movement → institutional_rebalance,False,,
UNP_2021Q1_earnings,earnings_sp500_2016_2025,UNP,2021-01-07,earnings,up,neutral,False,1.38,0.0749,earnings_release → earnings_beat → sector_etf_movement → institutional_rebalance,False,,
VRTX_2021Q1_earnings,earnings_sp500_2016_2025,VRTX,2021-01-07,earnings,up,neutral,False,2.74,0.0749,earnings_release → earnings_beat → sector_etf_movement → institutional_rebalance,False,,
COIN_2021Q1_earnings,earnings_sp500_2016_2025,COIN,2021-01-08,earnings,neutral,down,False,0.05,0.5541,earnings_release → earnings_miss → guidance_cut,True,,
GILD_2021Q1_earnings,earnings_sp500_2016_2025,GILD,2021-01-08,earnings,neutral,down,False,0.19,0.5541,earnings_release → earnings_miss → guidance_cut,False,,
REGN_2021Q1_earnings,earnings_sp500_2016_2025,REGN,2021-01-08,earnings,up,neutral,False,3.61,0.0749,earnings_release → earnings_beat → sector_etf_movement → institutional_rebalance,False,,
SNAP_2021Q1_earnings,earnings_sp500_2016_2025,SNAP,2021-01-08,earnings,neutral,down,False,0.13,0.5541,earnings_release → earnings_miss → guidance_cut,False,,
AAPL_2021Q1_earnings,earnings_sp500_2016_2025,AAPL,2021-01-09,earnings,neutral,down,False,0.14,0.5541,earnings_release → earnings_miss → guidance_cut,True,,
INTC_2021Q1_earnings,earnings_sp500_2016_2025,INTC,2021-01-09,earnings,down,down,True,1.73,0.5541,earnings_release → earnings_miss → guidance_cut,True,,
MCD_2021Q1_earnings,earnings_sp500_2016_2025,MCD,2021-01-09,earnings,up,neutral,False,7.45,0.0749,earnings_release → earnings_beat → sector_etf_movement → institutional_rebalance,True,,
UNH_2021Q1_earnings,earnings_sp500_2016_2025,UNH,2021-01-09,earnings,up,neutral,False,2.48,0.0749,earnings_release → earnings_beat → sector_etf_movement → institutional_rebalance,True,,
ABBV_2021Q1_earnings,earnings_sp500_2016_2025,ABBV,2021-01-10,earnings,neutral,down,False,0.05,0.5541,earnings_release → earnings_miss → guidance_cut,True,,
AMD_2021Q1_earnings,earnings_sp500_2016_2025,AMD,2021-01-10,earnings,neutral,down,False,0.23,0.5541,earnings_release → earnings_miss → guidance_cut,True,,
JPM_2021Q1_earnings,earnings_sp500_2016_2025,JPM,2021-01-10,earnings,down,down,True,4.49,0.5541,earnings_release → earnings_miss → guidance_cut,True,,
LOW_2021Q1_earnings,earnings_sp500_2016_2025,LOW,2021-01-10,earnings,neutral,down,False,0.14,0.5541,earnings_release → earnings_miss → guidance_cut,True,,
NFLX_2021Q1_earnings,earnings_sp500_2016_2025,NFLX,2021-01-10,earnings,down,down,True,1.73,0.5541,earnings_release → earnings_miss → guidance_cut,True,,
SNPS_2021Q1_earnings,earnings_sp500_2016_2025,SNPS,2021-01-10,earnings,down,down,True,2.19,0.5541,earnings_release → earnings_miss → guidance_cut,True,,
TXN_2021Q1_earnings,earnings_sp500_2016_2025,TXN,2021-01-10,earnings,down,down,True,2.88,0.5541,earnings_release → earnings_miss → guidance_cut,True,,
BRK.B_2021Q1_earnings,earnings_sp500_2016_2025,BRK.B,2021-01-11,earnings,neutral,down,False,0.06,0.5541,earnings_release → earnings_miss → guidance_cut,False,,
COST_2021Q1_earnings,earnings_sp500_2016_2025,COST,2021-01-11,earnings,down,down,True,0.37,0.5541,earnings_release → earnings_miss → guidance_cut,False,,
JNJ_2021Q1_earnings,earnings_sp500_2016_2025,JNJ,2021-01-11,earnings,neutral,down,False,0.1,0.5541,earnings_release → earnings_miss → guidance_cut,False,,
LRCX_2021Q1_earnings,earnings_sp500_2016_2025,LRCX,2021-01-11,earnings,up,neutral,False,2.94,0.0749,earnings_release → earnings_beat → sector_etf_movement → institutional_rebalance,False,,
NKE_2021Q1_earnings,earnings_sp500_2016_2025,NKE,2021-01-11,earnings,neutral,down,False,0.11,0.5541,earnings_release → earnings_miss → guidance_cut,False,,
V_2021Q1_earnings,earnings_sp500_2016_2025,V,2021-01-11,earnings,down,down,True,0.27,0.5541,earnings_release → earnings_miss → guidance_cut,False,,
ADI_2021Q1_earnings,earnings_sp500_2016_2025,ADI,2021-01-12,earnings,neutral,down,False,0.12,0.5541,earnings_release → earnings_miss → guidance_cut,False,,
GS_2021Q1_earnings,earnings_sp500_2016_2025,GS,2021-01-12,earnings,up,neutral,False,2.83,0.0749,earnings_release → earnings_beat → sector_etf_movement → institutional_rebalance,False,,
MA_2021Q1_earnings,earnings_sp500_2016_2025,MA,2021-01-12,earnings,down,down,True,0.35,0.5541,earnings_release → earnings_miss → guidance_cut,False,,
AMAT_2021Q1_earnings,earnings_sp500_2016_2025,AMAT,2021-01-13,earnings,down,down,True,0.45,0.5541,earnings_release → earnings_miss → guidance_cut,False,,
AXP_2021Q1_earnings,earnings_sp500_2016_2025,AXP,2021-01-13,earnings,neutral,down,False,0.15,0.5541,earnings_release → earnings_miss → guidance_cut,False,,
KO_2021Q1_earnings,earnings_sp500_2016_2025,KO,2021-01-13,earnings,neutral,down,False,0.02,0.5541,earnings_release → earnings_miss → guidance_cut,False,,
GOOGL_2021Q1_earnings,earnings_sp500_2016_2025,GOOGL,2021-01-14,earnings,neutral,down,False,0.21,0.5541,earnings_release → earnings_miss → guidance_cut,False,,
ABNB_2021Q1_earnings,earnings_sp500_2016_2025,ABNB,2021-01-15,earnings,down,down,True,1.43,0.5541,earnings_release → earnings_miss → guidance_cut,False,,
BA_2021Q1_earnings,earnings_sp500_2016_2025,BA,2021-01-15,earnings,down,down,True,0.61,0.5541,earnings_release → earnings_miss → guidance_cut,False,,
CMCSA_2021Q1_earnings,earnings_sp500_2016_2025,CMCSA,2021-01-15,earnings,down,down,True,0.41,0.5541,earnings_release → earnings_miss → guidance_cut,False,,
MSFT_2021Q1_earnings,earnings_sp500_2016_2025,MSFT,2021-01-15,earnings,neutral,down,False,0.04,0.5541,earnings_release → earnings_miss → guidance_cut,False,,
PANW_2021Q1_earnings,earnings_sp500_2016_2025,PANW,2021-01-15,earnings,neutral,down,False,0.11,0.5541,earnings_release → earnings_miss → guidance_cut,False,,
ADBE_2021Q1_earnings,earnings_sp500_2016_2025,ADBE,2021-01-16,earnings,down,down,True,2.88,0.5541,earnings_release → earnings_miss → guidance_cut,True,,
DIS_2021Q1_earnings,earnings_sp500_2016_2025,DIS,2021-01-16,earnings,neutral,down,False,0.14,0.5541,earnings_release → earnings_miss → guidance_cut,True,,
PG_2021Q1_earnings,earnings_sp500_2016_2025,PG,2021-01-16,earnings,up,neutral,False,10.43,0.0749,earnings_release → earnings_beat → sector_etf_movement → institutional_rebalance,True,,
VZ_2021Q1_earnings,earnings_sp500_2016_2025,VZ,2021-01-16,earnings,up,neutral,False,11.42,0.0749,earnings_release → earnings_beat → sector_etf_movement → institutional_rebalance,True,,
ISRG_2021Q1_earnings,earnings_sp500_2016_2025,ISRG,2021-01-17,earnings,down,down,True,1.96,0.5541,earnings_release → earnings_miss → guidance_cut,True,,
PEP_2021Q1_earnings,earnings_sp500_2016_2025,PEP,2021-01-17,earnings,up,neutral,False,3.48,0.0749,earnings_release → earnings_beat → sector_etf_movement → institutional_rebalance,True,,
CVX_2021Q1_earnings,earnings_sp500_2016_2025,CVX,2021-01-18,earnings,neutral,down,False,0.14,0.5541,earnings_release → earnings_miss → guidance_cut,True,,
ROKU_2021Q1_earnings,earnings_sp500_2016_2025,ROKU,2021-01-19,earnings,up,neutral,False,6.29,0.0749,earnings_release → earnings_beat → sector_etf_movement → institutional_rebalance,False,,
SBUX_2021Q1_earnings,earnings_sp500_2016_2025,SBUX,2021-01-19,earnings,neutral,down,False,0.05,0.5541,earnings_release → earnings_miss → guidance_cut,False,,
WMT_2021Q1_earnings,earnings_sp500_2016_2025,WMT,2021-01-19,earnings,neutral,down,False,0.2,0.5541,earnings_release → earnings_miss → guidance_cut,False,,
ZM_2021Q1_earnings,earnings_sp500_2016_2025,ZM,2021-01-19,earnings,up,neutral,False,2.41,0.0749,earnings_release → earnings_beat → sector_etf_movement → institutional_rebalance,False,,
GE_2021Q1_earnings,earnings_sp500_2016_2025,GE,2021-01-20,earnings,neutral,down,False,0.08,0.5541,earnings_release → earnings_miss → guidance_cut,False,,
PM_2021Q1_earnings,earnings_sp500_2016_2025,PM,2021-01-20,earnings,neutral,down,False,0.06,0.5541,earnings_release → earnings_miss → guidance_cut,False,,
ABT_2021Q1_earnings,earnings_sp500_2016_2025,ABT,2021-01-21,earnings,neutral,down,False,0.01,0.5541,earnings_release → earnings_miss → guidance_cut,False,,
CAT_2021Q1_earnings,earnings_sp500_2016_2025,CAT,2021-01-21,earnings,neutral,down,False,0.02,0.5541,earnings_release → earnings_miss → guidance_cut,False,,
CDNS_2021Q1_earnings,earnings_sp500_2016_2025,CDNS,2021-01-21,earnings,down,down,True,0.24,0.5541,earnings_release → earnings_miss → guidance_cut,False,,
DOCU_2021Q1_earnings,earnings_sp500_2016_2025,DOCU,2021-01-21,earnings,neutral,down,False,0.12,0.5541,earnings_release → earnings_miss → guidance_cut,False,,
HD_2021Q1_earnings,earnings_sp500_2016_2025,HD,2021-01-21,earnings,up,neutral,False,1.72,0.0749,earnings_release → earnings_beat → sector_etf_movement → institutional_rebalance,False,,
MDT_2021Q1_earnings,earnings_sp500_2016_2025,MDT,2021-01-21,earnings,down,down,True,0.27,0.5541,earnings_release → earnings_miss → guidance_cut,False,,
MRK_2021Q1_earnings,earnings_sp500_2016_2025,MRK,2021-01-21,earnings,down,down,True,0.36,0.5541,earnings_release → earnings_miss → guidance_cut,False,,
MS_2021Q1_earnings,earnings_sp500_2016_2025,MS,2021-01-21,earnings,neutral,down,False,0.04,0.5541,earnings_release → earnings_miss → guidance_cut,False,,
SQ_2021Q1_earnings,earnings_sp500_2016_2025,SQ,2021-01-21,earnings,up,neutral,False,6.45,0.0749,earnings_release → earnings_beat → sector_etf_movement → institutional_rebalance,True,,
UPS_2021Q1_earnings,earnings_sp500_2016_2025,UPS,2021-01-21,earnings,neutral,down,False,0.04,0.5541,earnings_release → earnings_miss → guidance_cut,False,,
XOM_2021Q1_earnings,earnings_sp500_2016_2025,XOM,2021-01-21,earnings,down,down,True,0.66,0.5541,earnings_release → earnings_miss → guidance_cut,False,,
BLK_2021Q1_earnings,earnings_sp500_2016_2025,BLK,2021-01-22,earnings,neutral,down,False,0.22,0.5541,earnings_release → earnings_miss → guidance_cut,False,,
CRM_2021Q1_earnings,earnings_sp500_2016_2025,CRM,2021-01-22,earnings,up,neutral,False,1.61,0.0749,earnings_release → earnings_beat → sector_etf_movement → institutional_rebalance,False,,
META_2021Q1_earnings,earnings_sp500_2016_2025,META,2021-01-22,earnings,neutral,down,False,0.14,0.5541,earnings_release → earnings_miss → guidance_cut,False,,
ACN_2021Q1_earnings,earnings_sp500_2016_2025,ACN,2021-01-23,earnings,down,down,True,4.03,0.5541,earnings_release → earnings_miss → guidance_cut,True,,
SHOP_2021Q1_earnings,earnings_sp500_2016_2025,SHOP,2021-01-23,earnings,down,down,True,3.8,0.5541,earnings_release → earnings_miss → guidance_cut,True,,
SPGI_2021Q1_earnings,earnings_sp500_2016_2025,SPGI,2021-01-23,earnings,down,down,True,2.19,0.5541,earnings_release → earnings_miss → guidance_cut,True,,
AMZN_2021Q1_earnings,earnings_sp500_2016_2025,AMZN,2021-01-24,earnings,down,down,True,0.58,0.5541,earnings_release → earnings_miss → guidance_cut,True,,
NVDA_2021Q1_earnings,earnings_sp500_2016_2025,NVDA,2021-01-24,earnings,up,neutral,False,3.48,0.0749,earnings_release → earnings_beat → sector_etf_movement → institutional_rebalance,True,,
CMCSA_2021Q2_earnings,earnings_sp500_2016_2025,CMCSA,2021-04-05,earnings,neutral,down,False,0.02,0.5541,earnings_release → earnings_miss → guidance_cut,False,,
COST_2021Q2_earnings,earnings_sp500_2016_2025,COST,2021-04-05,earnings,up,neutral,False,1.65,0.0749,earnings_release → earnings_beat → sector_etf_movement → institutional_rebalance,False,,
KO_2021Q2_earnings,earnings_sp500_2016_2025,KO,2021-04-05,earnings,neutral,down,False,0.13,0.5541,earnings_release → earnings_miss → guidance_cut,False,,
SNAP_2021Q2_earnings,earnings_sp500_2016_2025,SNAP,2021-04-05,earnings,neutral,down,False,0.16,0.5541,earnings_release → earnings_miss → guidance_cut,False,,
AVGO_2021Q2_earnings,earnings_sp500_2016_2025,AVGO,2021-04-06,earnings,neutral,down,False,0.22,0.5541,earnings_release → earnings_miss → guidance_cut,False,,
GE_2021Q2_earnings,earnings_sp500_2016_2025,GE,2021-04-06,earnings,neutral,down,False,0.1,0.5541,earnings_release → earnings_miss → guidance_cut,False,,
GOOGL_2021Q2_earnings,earnings_sp500_2016_2025,GOOGL,2021-04-06,earnings,neutral,down,False,0.1,0.5541,earnings_release → earnings_miss → guidance_cut,False,,
JNJ_2021Q2_earnings,earnings_sp500_2016_2025,JNJ,2021-04-07,earnings,neutral,down,False,0.03,0.5541,earnings_release → earnings_miss → guidance_cut,False,,
JPM_2021Q2_earnings,earnings_sp500_2016_2025,JPM,2021-04-07,earnings,up,neutral,False,1.56,0.0749,earnings_release → earnings_beat → sector_etf_movement → institutional_rebalance,False,,
MS_2021Q2_earnings,earnings_sp500_2016_2025,MS,2021-04-07,earnings,neutral,down,False,0.01,0.5541,earnings_release → earnings_miss → guidance_cut,False,,
MSFT_2021Q2_earnings,earnings_sp500_2016_2025,MSFT,2021-04-07,earnings,neutral,down,False,0.19,0.5541,earnings_release → earnings_miss → guidance_cut,False,,
TSLA_2021Q2_earnings,earnings_sp500_2016_2025,TSLA,2021-04-07,earnings,down,down,True,0.69,0.5541,earnings_release → earnings_miss → guidance_cut,False,,
BLK_2021Q2_earnings,earnings_sp500_2016_2025,BLK,2021-04-08,earnings,up,neutral,False,1.59,0.0749,earnings_release → earnings_beat → sector_etf_movement → institutional_rebalance,False,,
INTC_2021Q2_earnings,earnings_sp500_2016_2025,INTC,2021-04-08,earnings,up,neutral,False,1.2,0.0749,earnings_release → earnings_beat → sector_etf_movement → institutional_rebalance,False,,
ISRG_2021Q2_earnings,earnings_sp500_2016_2025,ISRG,2021-04-08,earnings,up,neutral,False,1.22,0.0749,earnings_release → earnings_beat → sector_etf_movement → institutional_rebalance,False,,
META_2021Q2_earnings,earnings_sp500_2016_2025,META,2021-04-08,earnings,neutral,down,False,0.0,0.5541,earnings_release → earnings_miss → guidance_cut,False,,
SBUX_2021Q2_earnings,earnings_sp500_2016_2025,SBUX,2021-04-08,earnings,neutral,down,False,0.03,0.5541,earnings_release → earnings_miss → guidance_cut,False,,
NKE_2021Q2_earnings,earnings_sp500_2016_2025,NKE,2021-04-09,earnings,up,neutral,False,1.31,0.0749,earnings_release → earnings_beat → sector_etf_movement → institutional_rebalance,False,,
AAPL_2021Q2_earnings,earnings_sp500_2016_2025,AAPL,2021-04-11,earnings,up,neutral,False,6.45,0.0749,earnings_release → earnings_beat → sector_etf_movement → institutional_rebalance,True,,
GS_2021Q2_earnings,earnings_sp500_2016_2025,GS,2021-04-11,earnings,neutral,down,False,0.23,0.5541,earnings_release → earnings_miss → guidance_cut,True,,
LOW_2021Q2_earnings,earnings_sp500_2016_2025,LOW,2021-04-11,earnings,up,neutral,False,4.47,0.0749,earnings_release → earnings_beat → sector_etf_movement → institutional_rebalance,True,,
MDT_2021Q2_earnings,earnings_sp500_2016_2025,MDT,2021-04-11,earnings,up,neutral,False,10.43,0.0749,earnings_release → earnings_beat → sector_etf_movement → institutional_rebalance,True,,
UBER_2021Q2_earnings,earnings_sp500_2016_2025,UBER,2021-04-11,earnings,up,neutral,False,14.4,0.0749,earnings_release → earnings_beat → sector_etf_movement → institutional_rebalance,True,,
DOCU_2021Q2_earnings,earnings_sp500_2016_2025,DOCU,2021-04-12,earnings,neutral,down,False,0.06,0.5541,earnings_release → earnings_miss → guidance_cut,False,,
HD_2021Q2_earnings,earnings_sp500_2016_2025,HD,2021-04-12,earnings,neutral,down,False,0.11,0.5541,earnings_release → earnings_miss → guidance_cut,False,,
LRCX_2021Q2_earnings,earnings_sp500_2016_2025,LRCX,2021-04-12,earnings,down,down,True,0.41,0.5541,earnings_release → earnings_miss → guidance_cut,False,,
WMT_2021Q2_earnings,earnings_sp500_2016_2025,WMT,2021-04-12,earnings,neutral,down,False,0.0,0.5541,earnings_release → earnings_miss → guidance_cut,False,,
ABNB_2021Q2_earnings,earnings_sp500_2016_2025,ABNB,2021-04-13,earnings,neutral,down,False,0.19,0.5541,earnings_release → earnings_miss → guidance_cut,False,,
ADI_2021Q2_earnings,earnings_sp500_2016_2025,ADI,2021-04-13,earnings,neutral,down,False,0.08,0.5541,earnings_release → earnings_miss → guidance_cut,False,,
HON_2021Q2_earnings,earnings_sp500_2016_2025,HON,2021-04-13,earnings,neutral,down,False,0.04,0.5541,earnings_release → earnings_miss → guidance_cut,False,,
NFLX_2021Q2_earnings,earnings_sp500_2016_2025,NFLX,2021-04-13,earnings,neutral,down,False,0.04,0.5541,earnings_release → earnings_miss → guidance_cut,False,,
SPGI_2021Q2_earnings,earnings_sp500_2016_2025,SPGI,2021-04-13,earnings,neutral,down,False,0.12,0.5541,earnings_release → earnings_miss → guidance_cut,False,,
PEP_2021Q2_earnings,earnings_sp500_2016_2025,PEP,2021-04-14,earnings,neutral,down,False,0.15,0.5541,earnings_release → earnings_miss → guidance_cut,False,,
RTX_2021Q2_earnings,earnings_sp500_2016_2025,RTX,2021-04-14,earnings,neutral,down,False,0.08,0.5541,earnings_release → earnings_miss → guidance_cut,False,,
TMO_2021Q2_earnings,earnings_sp500_2016_2025,TMO,2021-04-14,earnings,down,down,True,0.32,0.5541,earnings_release → earnings_miss → guidance_cut,False,,
COIN_2021Q2_earnings,earnings_sp500_2016_2025,COIN,2021-04-15,earnings,down,down,True,0.39,0.5541,earnings_release → earnings_miss → guidance_cut,False,,
CRM_2021Q2_earnings,earnings_sp500_2016_2025,CRM,2021-04-15,earnings,up,neutral,False,2.16,0.0749,earnings_release → earnings_beat → sector_etf_movement → institutional_rebalance,False,,
DHR_2021Q2_earnings,earnings_sp500_2016_2025,DHR,2021-04-16,earnings,neutral,down,False,0.04,0.5541,earnings_release → earnings_miss → guidance_cut,False,,
IBM_2021Q2_earnings,earnings_sp500_2016_2025,IBM,2021-04-16,earnings,neutral,down,False,0.18,0.5541,earnings_release → earnings_miss → guidance_cut,False,,
PANW_2021Q2_earnings,earnings_sp500_2016_2025,PANW,2021-04-16,earnings,down,down,True,0.23,0.5541,earnings_release → earnings_miss → guidance_cut,False,,
SQ_2021Q2_earnings,earnings_sp500_2016_2025,SQ,2021-04-16,earnings,up,neutral,False,6.45,0.0749,earnings_release → earnings_beat → sector_etf_movement → institutional_rebalance,True,,
XOM_2021Q2_earnings,earnings_sp500_2016_2025,XOM,2021-04-16,earnings,neutral,down,False,0.13,0.5541,earnings_release → earnings_miss → guidance_cut,False,,
BRK.B_2021Q2_earnings,earnings_sp500_2016_2025,BRK.B,2021-04-17,earnings,down,down,True,3.8,0.5541,earnings_release → earnings_miss → guidance_cut,True,,
CDNS_2021Q2_earnings,earnings_sp500_2016_2025,CDNS,2021-04-17,earnings,up,neutral,False,14.4,0.0749,earnings_release → earnings_beat → sector_etf_movement → institutional_rebalance,True,,
CSCO_2021Q2_earnings,earnings_sp500_2016_2025,CSCO,2021-04-17,earnings,down,down,True,2.65,0.5541,earnings_release → earnings_miss → guidance_cut,True,,
CVX_2021Q2_earnings,earnings_sp500_2016_2025,CVX,2021-04-17,earnings,down,down,True,1.27,0.5541,earnings_release → earnings_miss → guidance_cut,True,,
PYPL_2021Q2_earnings,earnings_sp500_2016_2025,PYPL,2021-04-17,earnings,down,down,True,1.27,0.5541,earnings_release → earnings_miss → guidance_cut,True,,
REGN_2021Q2_earnings,earnings_sp500_2016_2025,REGN,2021-04-17,earnings,down,down,True,1.04,0.5541,earnings_release → earnings_miss → guidance_cut,True,,
ROKU_2021Q2_earnings,earnings_sp500_2016_2025,ROKU,2021-04-17,earnings,up,neutral,False,3.48,0.0749,earnings_release → earnings_beat → sector_etf_movement → institutional_rebalance,True,,
SHOP_2021Q2_earnings,earnings_sp500_2016_2025,SHOP,2021-04-17,earnings,neutral,down,False,0.14,0.5541,earnings_release → earnings_miss → guidance_cut,True,,
VZ_2021Q2_earnings,earnings_sp500_2016_2025,VZ,2021-04-17,earnings,down,down,True,3.57,0.5541,earnings_release → earnings_miss → guidance_cut,True,,
AMD_2021Q2_earnings,earnings_sp500_2016_2025,AMD,2021-04-18,earnings,up,neutral,False,2.48,0.0749,earnings_release → earnings_beat → sector_etf_movement → institutional_rebalance,True,,
AXP_2021Q2_earnings,earnings_sp500_2016_2025,AXP,2021-04-18,earnings,down,down,True,2.88,0.5541,earnings_release → earnings_miss → guidance_cut,True,,
BA_2021Q2_earnings,earnings_sp500_2016_2025,BA,2021-04-18,earnings,up,neutral,False,12.41,0.0749,earnings_release → earnings_beat → sector_etf_movement → institutional_rebalance,True,,
GILD_2021Q2_earnings,earnings_sp500_2016_2025,GILD,2021-04-18,earnings,up,neutral,False,12.41,0.0749,earnings_release → earnings_beat → sector_etf_movement → institutional_rebalance,True,,
PM_2021Q2_earnings,earnings_sp500_2016_2025,PM,2021-04-18,earnings,neutral,down,False,0.05,0.5541,earnings_release → earnings_miss → guidance_cut,True,,
VRTX_2021Q2_earnings,earnings_sp500_2016_2025,VRTX,2021-04-18,earnings,neutral,down,False,0.05,0.5541,earnings_release → earnings_miss → guidance_cut,True,,
ABBV_2021Q2_earnings,earnings_sp500_2016_2025,ABBV,2021-04-19,earnings,neutral,down,False,0.15,0.5541,earnings_release → earnings_miss → guidance_cut,False,,
QCOM_2021Q2_earnings,earnings_sp500_2016_2025,QCOM,2021-04-19,earnings,down,down,True,0.49,0.5541,earnings_release → earnings_miss → guidance_cut,False,,
TXN_2021Q2_earnings,earnings_sp500_2016_2025,TXN,2021-04-19,earnings,down,down,True,0.59,0.5541,earnings_release → earnings_miss → guidance_cut,False,,
UNP_2021Q2_earnings,earnings_sp500_2016_2025,UNP,2021-04-19,earnings,neutral,down,False,0.08,0.5541,earnings_release → earnings_miss → guidance_cut,False,,
WFC_2021Q2_earnings,earnings_sp500_2016_2025,WFC,2021-04-19,earnings,neutral,down,False,0.02,0.5541,earnings_release → earnings_miss → guidance_cut,False,,
ADBE_2021Q2_earnings,earnings_sp500_2016_2025,ADBE,2021-04-20,earnings,neutral,down,False,0.09,0.5541,earnings_release → earnings_miss → guidance_cut,False,,
AMZN_2021Q2_earnings,earnings_sp500_2016_2025,AMZN,2021-04-20,earnings,down,down,True,0.26,0.5541,earnings_release → earnings_miss → guidance_cut,False,,
CAT_2021Q2_earnings,earnings_sp500_2016_2025,CAT,2021-04-20,earnings,down,down,True,0.47,0.5541,earnings_release → earnings_miss → guidance_cut,False,,
MCD_2021Q2_earnings,earnings_sp500_2016_2025,MCD,2021-04-20,earnings,neutral,down,False,0.12,0.5541,earnings_release → earnings_miss → guidance_cut,False,,
NVDA_2021Q2_earnings,earnings_sp500_2016_2025,NVDA,2021-04-20,earnings,down,down,True,0.29,0.5541,earnings_release → earnings_miss → guidance_cut,False,,
SNPS_2021Q2_earnings,earnings_sp500_2016_2025,SNPS,2021-04-20,earnings,neutral,down,False,0.04,0.5541,earnings_release → earnings_miss → guidance_cut,False,,
ABT_2021Q2_earnings,earnings_sp500_2016_2025,ABT,2021-04-21,earnings,up,neutral,False,2.15,0.0749,earnings_release → earnings_beat → sector_etf_movement → institutional_rebalance,False,,
ACN_2021Q2_earnings,earnings_sp500_2016_2025,ACN,2021-04-21,earnings,neutral,down,False,0.17,0.5541,earnings_release → earnings_miss → guidance_cut,False,,
MRK_2021Q2_earnings,earnings_sp500_2016_2025,MRK,2021-04-21,earnings,neutral,down,False,0.19,0.5541,earnings_release → earnings_miss → guidance_cut,False,,
BKNG_2021Q2_earnings,earnings_sp500_2016_2025,BKNG,2021-04-22,earnings,neutral,down,False,0.1,0.5541,earnings_release → earnings_miss → guidance_cut,False,,
UNH_2021Q2_earnings,earnings_sp500_2016_2025,UNH,2021-04-22,earnings,neutral,down,False,0.13,0.5541,earnings_release → earnings_miss → guidance_cut,False,,
DIS_2021Q2_earnings,earnings_sp500_2016_2025,DIS,2021-04-23,earnings,neutral,down,False,0.03,0.5541,earnings_release → earnings_miss → guidance_cut,False,,
AMAT_2021Q2_earnings,earnings_sp500_2016_2025,AMAT,2021-04-24,earnings,neutral,down,False,0.14,0.5541,earnings_release → earnings_miss → guidance_cut,True,,
MA_2021Q2_earnings,earnings_sp500_2016_2025,MA,2021-04-24,earnings,up,neutral,False,6.45,0.0749,earnings_release → earnings_beat → sector_etf_movement → institutional_rebalance,True,,
PG_2021Q2_earnings,earnings_sp500_2016_2025,PG,2021-04-24,earnings,neutral,down,False,0.14,0.5541,earnings_release → earnings_miss → guidance_cut,True,,
UPS_2021Q2_earnings,earnings_sp500_2016_2025,UPS,2021-04-24,earnings,neutral,down,False,0.05,0.5541,earnings_release → earnings_miss → guidance_cut,True,,
V_2021Q2_earnings,earnings_sp500_2016_2025,V,2021-04-24,earnings,neutral,down,False,0.05,0.5541,earnings_release → earnings_miss → guidance_cut,True,,
ZM_2021Q2_earnings,earnings_sp500_2016_2025,ZM,2021-04-24,earnings,down,down,True,2.88,0.5541,earnings_release → earnings_miss → guidance_cut,True,,
CAT_2021Q3_earnings,earnings_sp500_2016_2025,CAT,2021-07-05,earnings,neutral,down,False,0.05,0.5541,earnings_release → earnings_miss → guidance_cut,True,,
TXN_2021Q3_earnings,earnings_sp500_2016_2025,TXN,2021-07-05,earnings,down,down,True,3.34,0.5541,earnings_release → earnings_miss → guidance_cut,True,,
BKNG_2021Q3_earnings,earnings_sp500_2016_2025,BKNG,2021-07-06,earnings,neutral,down,False,0.17,0.5541,earnings_release → earnings_miss → guidance_cut,False,,
BLK_2021Q3_earnings,earnings_sp500_2016_2025,BLK,2021-07-06,earnings,neutral,down,False,0.03,0.5541,earnings_release → earnings_miss → guidance_cut,False,,
CVX_2021Q3_earnings,earnings_sp500_2016_2025,CVX,2021-07-06,earnings,down,down,True,0.45,0.5541,earnings_release → earnings_miss → guidance_cut,False,,
DOCU_2021Q3_earnings,earnings_sp500_2016_2025,DOCU,2021-07-06,earnings,up,neutral,False,3.34,0.0749,earnings_release → earnings_beat → sector_etf_movement → institutional_rebalance,False,,
MCD_2021Q3_earnings,earnings_sp500_2016_2025,MCD,2021-07-06,earnings,neutral,down,False,0.09,0.5541,earnings_release → earnings_miss → guidance_cut,False,,
MSFT_2021Q3_earnings,earnings_sp500_2016_2025,MSFT,2021-07-06,earnings,neutral,down,False,0.0,0.5541,earnings_release → earnings_miss → guidance_cut,False,,
UBER_2021Q3_earnings,earnings_sp500_2016_2025,UBER,2021-07-06,earnings,down,down,True,0.41,0.5541,earnings_release → earnings_miss → guidance_cut,False,,
AMZN_2021Q3_earnings,earnings_sp500_2016_2025,AMZN,2021-07-07,earnings,neutral,down,False,0.13,0.5541,earnings_release → earnings_miss → guidance_cut,False,,
IBM_2021Q3_earnings,earnings_sp500_2016_2025,IBM,2021-07-07,earnings,neutral,down,False,0.17,0.5541,earnings_release → earnings_miss → guidance_cut,False,,
SNAP_2021Q3_earnings,earnings_sp500_2016_2025,SNAP,2021-07-07,earnings,down,down,True,1.31,0.5541,earnings_release → earnings_miss → guidance_cut,False,,
ABNB_2021Q3_earnings,earnings_sp500_2016_2025,ABNB,2021-07-08,earnings,neutral,down,False,0.19,0.5541,earnings_release → earnings_miss → guidance_cut,False,,
AVGO_2021Q3_earnings,earnings_sp500_2016_2025,AVGO,2021-07-08,earnings,neutral,down,False,0.05,0.5541,earnings_release → earnings_miss → guidance_cut,False,,
BA_2021Q3_earnings,earnings_sp500_2016_2025,BA,2021-07-08,earnings,up,neutral,False,2.13,0.0749,earnings_release → earnings_beat → sector_etf_movement → institutional_rebalance,False,,
JPM_2021Q3_earnings,earnings_sp500_2016_2025,JPM,2021-07-08,earnings,down,down,True,0.4,0.5541,earnings_release → earnings_miss → guidance_cut,False,,
MA_2021Q3_earnings,earnings_sp500_2016_2025,MA,2021-07-08,earnings,neutral,down,False,0.23,0.5541,earnings_release → earnings_miss → guidance_cut,False,,
MRK_2021Q3_earnings,earnings_sp500_2016_2025,MRK,2021-07-08,earnings,neutral,down,False,0.13,0.5541,earnings_release → earnings_miss → guidance_cut,False,,
NKE_2021Q3_earnings,earnings_sp500_2016_2025,NKE,2021-07-08,earnings,neutral,down,False,0.07,0.5541,earnings_release → earnings_miss → guidance_cut,False,,
ACN_2021Q3_earnings,earnings_sp500_2016_2025,ACN,2021-07-09,earnings,up,neutral,False,1.11,0.0749,earnings_release → earnings_beat → sector_etf_movement → institutional_rebalance,False,,
DIS_2021Q3_earnings,earnings_sp500_2016_2025,DIS,2021-07-09,earnings,up,neutral,False,2.43,0.0749,earnings_release → earnings_beat → sector_etf_movement → institutional_rebalance,False,,
HD_2021Q3_earnings,earnings_sp500_2016_2025,HD,2021-07-09,earnings,up,neutral,False,1.1,0.0749,earnings_release → earnings_beat → sector_etf_movement → institutional_rebalance,False,,
WFC_2021Q3_earnings,earnings_sp500_2016_2025,WFC,2021-07-09,earnings,up,neutral,False,3.73,0.0749,earnings_release → earnings_beat → sector_etf_movement → institutional_rebalance,False,,
INTC_2021Q3_earnings,earnings_sp500_2016_2025,INTC,2021-07-10,earnings,down,down,True,1.96,0.5541,earnings_release → earnings_miss → guidance_cut,True,,
PEP_2021Q3_earnings,earnings_sp500_2016_2025,PEP,2021-07-10,earnings,down,down,True,4.03,0.5541,earnings_release → earnings_miss → guidance_cut,True,,
REGN_2021Q3_earnings,earnings_sp500_2016_2025,REGN,2021-07-10,earnings,down,down,True,1.27,0.5541,earnings_release → earnings_miss → guidance_cut,True,,
CDNS_2021Q3_earnings,earnings_sp500_2016_2025,CDNS,2021-07-11,earnings,up,neutral,False,10.43,0.0749,earnings_release → earnings_beat → sector_etf_movement → institutional_rebalance,True,,
SNPS_2021Q3_earnings,earnings_sp500_2016_2025,SNPS,2021-07-11,earnings,up,neutral,False,8.44,0.0749,earnings_release → earnings_beat → sector_etf_movement → institutional_rebalance,True,,
VZ_2021Q3_earnings,earnings_sp500_2016_2025,VZ,2021-07-11,earnings,up,neutral,False,5.46,0.0749,earnings_release → earnings_beat → sector_etf_movement → institutional_rebalance,True,,
AXP_2021Q3_earnings,earnings_sp500_2016_2025,AXP,2021-07-12,earnings,neutral,down,False,0.22,0.5541,earnings_release → earnings_miss → guidance_cut,False,,
SQ_2021Q3_earnings,earnings_sp500_2016_2025,SQ,2021-07-12,earnings,down,down,True,1.27,0.5541,earnings_release → earnings_miss → guidance_cut,True,,
CSCO_2021Q3_earnings,earnings_sp500_2016_2025,CSCO,2021-07-13,earnings,neutral,down,False,0.04,0.5541,earnings_release → earnings_miss → guidance_cut,False,,
HON_2021Q3_earnings,earnings_sp500_2016_2025,HON,2021-07-13,earnings,neutral,down,False,0.1,0.5541,earnings_release → earnings_miss → guidance_cut,False,,
KO_2021Q3_earnings,earnings_sp500_2016_2025,KO,2021-07-13,earnings,neutral,down,False,0.23,0.5541,earnings_release → earnings_miss → guidance_cut,False,,
LOW_2021Q3_earnings,earnings_sp500_2016_2025,LOW,2021-07-13,earnings,neutral,down,False,0.15,0.5541,earnings_release → earnings_miss → guidance_cut,False,,
LRCX_2021Q3_earnings,earnings_sp500_2016_2025,LRCX,2021-07-13,earnings,neutral,down,False,0.03,0.5541,earnings_release → earnings_miss → guidance_cut,False,,
NVDA_2021Q3_earnings,earnings_sp500_2016_2025,NVDA,2021-07-13,earnings,down,down,True,0.29,0.5541,earnings_release → earnings_miss → guidance_cut,False,,
SHOP_2021Q3_earnings,earnings_sp500_2016_2025,SHOP,2021-07-13,earnings,up,neutral,False,1.44,0.0749,earnings_release → earnings_beat → sector_etf_movement → institutional_rebalance,False,,
ADI_2021Q3_earnings,earnings_sp500_2016_2025,ADI,2021-07-14,earnings,neutral,down,False,0.15,0.5541,earnings_release → earnings_miss → guidance_cut,False,,
NFLX_2021Q3_earnings,earnings_sp500_2016_2025,NFLX,2021-07-14,earnings,up,neutral,False,1.33,0.0749,earnings_release → earnings_beat → sector_etf_movement → institutional_rebalance,False,,
PYPL_2021Q3_earnings,earnings_sp500_2016_2025,PYPL,2021-07-14,earnings,neutral,down,False,0.03,0.5541,earnings_release → earnings_miss → guidance_cut,False,,
UNP_2021Q3_earnings,earnings_sp500_2016_2025,UNP,2021-07-14,earnings,neutral,down,False,0.09,0.5541,earnings_release → earnings_miss → guidance_cut,False,,
XOM_2021Q3_earnings,earnings_sp500_2016_2025,XOM,2021-07-14,earnings,down,down,True,0.51,0.5541,earnings_release → earnings_miss → guidance_cut,False,,
ADBE_2021Q3_earnings,earnings_sp500_2016_2025,ADBE,2021-07-15,earnings,neutral,down,False,0.1,0.5541,earnings_release → earnings_miss → guidance_cut,False,,
COIN_2021Q3_earnings,earnings_sp500_2016_2025,COIN,2021-07-15,earnings,down,down,True,0.53,0.5541,earnings_release → earnings_miss → guidance_cut,False,,
DHR_2021Q3_earnings,earnings_sp500_2016_2025,DHR,2021-07-15,earnings,up,neutral,False,1.74,0.0749,earnings_release → earnings_beat → sector_etf_movement → institutional_rebalance,False,,
PANW_2021Q3_earnings,earnings_sp500_2016_2025,PANW,2021-07-15,earnings,neutral,down,False,0.09,0.5541,earnings_release → earnings_miss → guidance_cut,False,,
QCOM_2021Q3_earnings,earnings_sp500_2016_2025,QCOM,2021-07-15,earnings,down,down,True,0.37,0.5541,earnings_release → earnings_miss → guidance_cut,False,,
ABBV_2021Q3_earnings,earnings_sp500_2016_2025,ABBV,2021-07-16,earnings,neutral,down,False,0.06,0.5541,earnings_release → earnings_miss → guidance_cut,False,,
MDT_2021Q3_earnings,earnings_sp500_2016_2025,MDT,2021-07-16,earnings,neutral,down,False,0.08,0.5541,earnings_release → earnings_miss → guidance_cut,False,,
MS_2021Q3_earnings,earnings_sp500_2016_2025,MS,2021-07-16,earnings,down,down,True,0.34,0.5541,earnings_release → earnings_miss → guidance_cut,False,,
PG_2021Q3_earnings,earnings_sp500_2016_2025,PG,2021-07-16,earnings,neutral,down,False,0.22,0.5541,earnings_release → earnings_miss → guidance_cut,False,,
RTX_2021Q3_earnings,earnings_sp500_2016_2025,RTX,2021-07-16,earnings,down,down,True,0.39,0.5541,earnings_release → earnings_miss → guidance_cut,False,,
AAPL_2021Q3_earnings,earnings_sp500_2016_2025,AAPL,2021-07-17,earnings,up,neutral,False,3.48,0.0749,earnings_release → earnings_beat → sector_etf_movement → institutional_rebalance,True,,
COST_2021Q3_earnings,earnings_sp500_2016_2025,COST,2021-07-17,earnings,up,neutral,False,14.4,0.0749,earnings_release → earnings_beat → sector_etf_movement → institutional_rebalance,True,,
PM_2021Q3_earnings,earnings_sp500_2016_2025,PM,2021-07-17,earnings,up,neutral,False,10.43,0.0749,earnings_release → earnings_beat → sector_etf_movement → institutional_rebalance,True,,
SPGI_2021Q3_earnings,earnings_sp500_2016_2025,SPGI,2021-07-17,earnings,neutral,down,False,0.05,0.5541,earnings_release → earnings_miss → guidance_cut,True,,
TSLA_2021Q3_earnings,earnings_sp500_2016_2025,TSLA,2021-07-17,earnings,up,neutral,False,7.45,0.0749,earnings_release → earnings_beat → sector_etf_movement → institutional_rebalance,True,,
AMD_2021Q3_earnings,earnings_sp500_2016_2025,AMD,2021-07-18,earnings,down,down,True,1.04,0.5541,earnings_release → earnings_miss → guidance_cut,True,,
CRM_2021Q3_earnings,earnings_sp500_2016_2025,CRM,2021-07-18,earnings,up,neutral,False,10.43,0.0749,earnings_release → earnings_beat → sector_etf_movement → institutional_rebalance,True,,
GOOGL_2021Q3_earnings,earnings_sp500_2016_2025,GOOGL,2021-07-18,earnings,neutral,down,False,0.14,0.5541,earnings_release → earnings_miss → guidance_cut,True,,
META_2021Q3_earnings,earnings_sp500_2016_2025,META,2021-07-18,earnings,neutral,down,False,0.14,0.5541,earnings_release → earnings_miss → guidance_cut,True,,
GS_2021Q3_earnings,earnings_sp500_2016_2025,GS,2021-07-19,earnings,down,down,True,0.64,0.5541,earnings_release → earnings_miss → guidance_cut,False,,
BRK.B_2021Q3_earnings,earnings_sp500_2016_2025,BRK.B,2021-07-20,earnings,up,neutral,False,1.54,0.0749,earnings_release → earnings_beat → sector_etf_movement → institutional_rebalance,False,,
ABT_2021Q3_earnings,earnings_sp500_2016_2025,ABT,2021-07-21,earnings,neutral,down,False,0.05,0.5541,earnings_release → earnings_miss → guidance_cut,False,,
ROKU_2021Q3_earnings,earnings_sp500_2016_2025,ROKU,2021-07-21,earnings,up,neutral,False,1.17,0.0749,earnings_release → earnings_beat → sector_etf_movement → institutional_rebalance,False,,
UNH_2021Q3_earnings,earnings_sp500_2016_2025,UNH,2021-07-21,earnings,neutral,down,False,0.09,0.5541,earnings_release → earnings_miss → guidance_cut,False,,
UPS_2021Q3_earnings,earnings_sp500_2016_2025,UPS,2021-07-21,earnings,neutral,down,False,0.0,0.5541,earnings_release → earnings_miss → guidance_cut,False,,
CMCSA_2021Q3_earnings,earnings_sp500_2016_2025,CMCSA,2021-07-22,earnings,neutral,down,False,0.01,0.5541,earnings_release → earnings_miss → guidance_cut,False,,
JNJ_2021Q3_earnings,earnings_sp500_2016_2025,JNJ,2021-07-22,earnings,neutral,down,False,0.07,0.5541,earnings_release → earnings_miss → guidance_cut,False,,
VRTX_2021Q3_earnings,earnings_sp500_2016_2025,VRTX,2021-07-22,earnings,neutral,down,False,0.03,0.5541,earnings_release → earnings_miss → guidance_cut,False,,
AMAT_2021Q3_earnings,earnings_sp500_2016_2025,AMAT,2021-07-23,earnings,neutral,down,False,0.21,0.5541,earnings_release → earnings_miss → guidance_cut,False,,
GILD_2021Q3_earnings,earnings_sp500_2016_2025,GILD,2021-07-23,earnings,neutral,down,False,0.12,0.5541,earnings_release → earnings_miss → guidance_cut,False,,
TMO_2021Q3_earnings,earnings_sp500_2016_2025,TMO,2021-07-23,earnings,up,neutral,False,1.47,0.0749,earnings_release → earnings_beat → sector_etf_movement → institutional_rebalance,False,,
WMT_2021Q3_earnings,earnings_sp500_2016_2025,WMT,2021-07-23,earnings,neutral,down,False,0.19,0.5541,earnings_release → earnings_miss → guidance_cut,False,,
GE_2021Q3_earnings,earnings_sp500_2016_2025,GE,2021-07-24,earnings,neutral,down,False,0.05,0.5541,earnings_release → earnings_miss → guidance_cut,True,,
ISRG_2021Q3_earnings,earnings_sp500_2016_2025,ISRG,2021-07-24,earnings,neutral,down,False,0.14,0.5541,earnings_release → earnings_miss → guidance_cut,True,,
SBUX_2021Q3_earnings,earnings_sp500_2016_2025,SBUX,2021-07-24,earnings,neutral,down,False,0.05,0.5541,earnings_release → earnings_miss → guidance_cut,True,,
V_2021Q3_earnings,earnings_sp500_2016_2025,V,2021-07-24,earnings,neutral,down,False,0.14,0.5541,earnings_release → earnings_miss → guidance_cut,True,,
ZM_2021Q3_earnings,earnings_sp500_2016_2025,ZM,2021-07-24,earnings,down,down,True,3.34,0.5541,earnings_release → earnings_miss → guidance_cut,True,,
DIS_2021Q4_earnings,earnings_sp500_2016_2025,DIS,2021-10-05,earnings,neutral,down,False,0.15,0.5541,earnings_release → earnings_miss → guidance_cut,False,,
META_2021Q4_earnings,earnings_sp500_2016_2025,META,2021-10-05,earnings,up,neutral,False,2.05,0.0749,earnings_release → earnings_beat → sector_etf_movement → institutional_rebalance,False,,
NKE_2021Q4_earnings,earnings_sp500_2016_2025,NKE,2021-10-05,earnings,up,neutral,False,1.57,0.0749,earnings_release → earnings_beat → sector_etf_movement → institutional_rebalance,False,,
TMO_2021Q4_earnings,earnings_sp500_2016_2025,TMO,2021-10-05,earnings,neutral,down,False,0.12,0.5541,earnings_release → earnings_miss → guidance_cut,False,,
AMAT_2021Q4_earnings,earnings_sp500_2016_2025,AMAT,2021-10-06,earnings,down,down,True,0.28,0.5541,earnings_release → earnings_miss → guidance_cut,False,,
LOW_2021Q4_earnings,earnings_sp500_2016_2025,LOW,2021-10-06,earnings,neutral,down,False,0.03,0.5541,earnings_release → earnings_miss → guidance_cut,False,,
WMT_2021Q4_earnings,earnings_sp500_2016_2025,WMT,2021-10-06,earnings,neutral,down,False,0.17,0.5541,earnings_release → earnings_miss → guidance_cut,False,,
ABBV_2021Q4_earnings,earnings_sp500_2016_2025,ABBV,2021-10-07,earnings,up,neutral,False,1.41,0.0749,earnings_release → earnings_beat → sector_etf_movement → institutional_rebalance,False,,
CRM_2021Q4_earnings,earnings_sp500_2016_2025,CRM,2021-10-07,earnings,neutral,down,False,0.06,0.5541,earnings_release → earnings_miss → guidance_cut,False,,
DHR_2021Q4_earnings,earnings_sp500_2016_2025,DHR,2021-10-07,earnings,neutral,down,False,0.15,0.5541,earnings_release → earnings_miss → guidance_cut,False,,
SNPS_2021Q4_earnings,earnings_sp500_2016_2025,SNPS,2021-10-07,earnings,up,neutral,False,1.28,0.0749,earnings_release → earnings_beat → sector_etf_movement → institutional_rebalance,False,,
UBER_2021Q4_earnings,earnings_sp500_2016_2025,UBER,2021-10-07,earnings,up,neutral,False,1.9,0.0749,earnings_release → earnings_beat → sector_etf_movement → institutional_rebalance,False,,
UNP_2021Q4_earnings,earnings_sp500_2016_2025,UNP,2021-10-07,earnings,neutral,down,False,0.06,0.5541,earnings_release → earnings_miss → guidance_cut,False,,
CSCO_2021Q4_earnings,earnings_sp500_2016_2025,CSCO,2021-10-08,earnings,neutral,down,False,0.03,0.5541,earnings_release → earnings_miss → guidance_cut,False,,
MRK_2021Q4_earnings,earnings_sp500_2016_2025,MRK,2021-10-08,earnings,down,down,True,0.37,0.5541,earnings_release → earnings_miss → guidance_cut,False,,
ABNB_2021Q4_earnings,earnings_sp500_2016_2025,ABNB,2021-10-09,earnings,neutral,down,False,0.14,0.5541,earnings_release → earnings_miss → guidance_cut,True,,
ADI_2021Q4_earnings,earnings_sp500_2016_2025,ADI,2021-10-09,earnings,neutral,down,False,0.14,0.5541,earnings_release → earnings_miss → guidance_cut,True,,
NVDA_2021Q4_earnings,earnings_sp500_2016_2025,NVDA,2021-10-09,earnings,down,down,True,2.42,0.5541,earnings_release → earnings_miss → guidance_cut,True,,
SQ_2021Q4_earnings,earnings_sp500_2016_2025,SQ,2021-10-09,earnings,down,down,True,2.42,0.5541,earnings_release → earnings_miss → guidance_cut,True,,
JNJ_2021Q4_earnings,earnings_sp500_2016_2025,JNJ,2021-10-10,earnings,neutral,down,False,0.05,0.5541,earnings_release → earnings_miss → guidance_cut,True,,
SBUX_2021Q4_earnings,earnings_sp500_2016_2025,SBUX,2021-10-10,earnings,up,neutral,False,14.4,0.0749,earnings_release → earnings_beat → sector_etf_movement → institutional_rebalance,True,,
AMZN_2021Q4_earnings,earnings_sp500_2016_2025,AMZN,2021-10-11,earnings,down,down,True,0.3,0.5541,earnings_release → earnings_miss → guidance_cut,False,,
GS_2021Q4_earnings,earnings_sp500_2016_2025,GS,2021-10-11,earnings,down,down,True,0.44,0.5541,earnings_release → earnings_miss → guidance_cut,False,,
PM_2021Q4_earnings,earnings_sp500_2016_2025,PM,2021-10-11,earnings,neutral,down,False,0.06,0.5541,earnings_release → earnings_miss → guidance_cut,False,,
REGN_2021Q4_earnings,earnings_sp500_2016_2025,REGN,2021-10-11,earnings,neutral,down,False,0.16,0.5541,earnings_release → earnings_miss → guidance_cut,False,,
TSLA_2021Q4_earnings,earnings_sp500_2016_2025,TSLA,2021-10-11,earnings,neutral,down,False,0.19,0.5541,earnings_release → earnings_miss → guidance_cut,False,,
GOOGL_2021Q4_earnings,earnings_sp500_2016_2025,GOOGL,2021-10-12,earnings,down,down,True,0.41,0.5541,earnings_release → earnings_miss → guidance_cut,False,,
HD_2021Q4_earnings,earnings_sp500_2016_2025,HD,2021-10-12,earnings,neutral,down,False,0.06,0.5541,earnings_release → earnings_miss → guidance_cut,False,,
KO_2021Q4_earnings,earnings_sp500_2016_2025,KO,2021-10-12,earnings,neutral,down,False,0.0,0.5541,earnings_release → earnings_miss → guidance_cut,False,,
MCD_2021Q4_earnings,earnings_sp500_2016_2025,MCD,2021-10-12,earnings,neutral,down,False,0.19,0.5541,earnings_release → earnings_miss → guidance_cut,False,,
MS_2021Q4_earnings,earnings_sp500_2016_2025,MS,2021-10-12,earnings,neutral,down,False,0.12,0.5541,earnings_release → earnings_miss → guidance_cut,False,,
SHOP_2021Q4_earnings,earnings_sp500_2016_2025,SHOP,2021-10-12,earnings,neutral,down,False,0.0,0.5541,earnings_release → earnings_miss → guidance_cut,False,,
CVX_2021Q4_earnings,earnings_sp500_2016_2025,CVX,2021-10-13,earnings,neutral,down,False,0.14,0.5541,earnings_release → earnings_miss → guidance_cut,False,,
SNAP_2021Q4_earnings,earnings_sp500_2016_2025,SNAP,2021-10-13,earnings,neutral,down,False,0.09,0.5541,earnings_release → earnings_miss → guidance_cut,False,,
VRTX_2021Q4_earnings,earnings_sp500_2016_2025,VRTX,2021-10-13,earnings,neutral,down,False,0.15,0.5541,earnings_release → earnings_miss → guidance_cut,False,,
AAPL_2021Q4_earnings,earnings_sp500_2016_2025,AAPL,2021-10-14,earnings,up,neutral,False,2.01,0.0749,earnings_release → earnings_beat → sector_etf_movement → institutional_rebalance,False,,
BLK_2021Q4_earnings,earnings_sp500_2016_2025,BLK,2021-10-14,earnings,up,neutral,False,2.83,0.0749,earnings_release → earnings_beat → sector_etf_movement → institutional_rebalance,False,,
CDNS_2021Q4_earnings,earnings_sp500_2016_2025,CDNS,2021-10-14,earnings,up,neutral,False,2.48,0.0749,earnings_release → earnings_beat → sector_etf_movement → institutional_rebalance,False,,
COST_2021Q4_earnings,earnings_sp500_2016_2025,COST,2021-10-14,earnings,up,neutral,False,1.19,0.0749,earnings_release → earnings_beat → sector_etf_movement → institutional_rebalance,False,,
GILD_2021Q4_earnings,earnings_sp500_2016_2025,GILD,2021-10-14,earnings,neutral,down,False,0.18,0.5541,earnings_release → earnings_miss → guidance_cut,False,,
JPM_2021Q4_earnings,earnings_sp500_2016_2025,JPM,2021-10-14,earnings,up,neutral,False,1.52,0.0749,earnings_release → earnings_beat → sector_etf_movement → institutional_rebalance,False,,
XOM_2021Q4_earnings,earnings_sp500_2016_2025,XOM,2021-10-15,earnings,neutral,down,False,0.22,0.5541,earnings_release → earnings_miss → guidance_cut,False,,
AMD_2021Q4_earnings,earnings_sp500_2016_2025,AMD,2021-10-16,earnings,up,neutral,False,1.49,0.0749,earnings_release → earnings_beat → sector_etf_movement → institutional_rebalance,True,,
AXP_2021Q4_earnings,earnings_sp500_2016_2025,AXP,2021-10-16,earnings,up,neutral,False,9.43,0.0749,earnings_release → earnings_beat → sector_etf_movement → institutional_rebalance,True,,
PEP_2021Q4_earnings,earnings_sp500_2016_2025,PEP,2021-10-16,earnings,down,down,True,2.19,0.5541,earnings_release → earnings_miss → guidance_cut,True,,
ROKU_2021Q4_earnings,earnings_sp500_2016_2025,ROKU,2021-10-16,earnings,down,down,True,1.04,0.5541,earnings_release → earnings_miss → guidance_cut,True,,
V_2021Q4_earnings,earnings_sp500_2016_2025,V,2021-10-16,earnings,down,down,True,3.11,0.5541,earnings_release → earnings_miss → guidance_cut,True,,
BKNG_2021Q4_earnings,earnings_sp500_2016_2025,BKNG,2021-10-17,earnings,neutral,down,False,0.14,0.5541,earnings_release → earnings_miss → guidance_cut,True,,
CAT_2021Q4_earnings,earnings_sp500_2016_2025,CAT,2021-10-17,earnings,up,neutral,False,9.43,0.0749,earnings_release → earnings_beat → sector_etf_movement → institutional_rebalance,True,,
LRCX_2021Q4_earnings,earnings_sp500_2016_2025,LRCX,2021-10-17,earnings,down,down,True,0.81,0.5541,earnings_release → earnings_miss → guidance_cut,True,,
GE_2021Q4_earnings,earnings_sp500_2016_2025,GE,2021-10-18,earnings,neutral,down,False,0.06,0.5541,earnings_release → earnings_miss → guidance_cut,False,,
ISRG_2021Q4_earnings,earnings_sp500_2016_2025,ISRG,2021-10-18,earnings,neutral,down,False,0.06,0.5541,earnings_release → earnings_miss → guidance_cut,False,,
NFLX_2021Q4_earnings,earnings_sp500_2016_2025,NFLX,2021-10-18,earnings,up,neutral,False,1.53,0.0749,earnings_release → earnings_beat → sector_etf_movement → institutional_rebalance,False,,
PYPL_2021Q4_earnings,earnings_sp500_2016_2025,PYPL,2021-10-18,earnings,neutral,down,False,0.17,0.5541,earnings_release → earnings_miss → guidance_cut,False,,
RTX_2021Q4_earnings,earnings_sp500_2016_2025,RTX,2021-10-18,earnings,neutral,down,False,0.03,0.5541,earnings_release → earnings_miss → guidance_cut,False,,
UPS_2021Q4_earnings,earnings_sp500_2016_2025,UPS,2021-10-18,earnings,neutral,down,False,0.04,0.5541,earnings_release → earnings_miss → guidance_cut,False,,
WFC_2021Q4_earnings,earnings_sp500_2016_2025,WFC,2021-10-18,earnings,up,neutral,False,2.15,0.0749,earnings_release → earnings_beat → sector_etf_movement → institutional_rebalance,False,,
IBM_2021Q4_earnings,earnings_sp500_2016_2025,IBM,2021-10-19,earnings,neutral,down,False,0.06,0.5541,earnings_release → earnings_miss → guidance_cut,False,,
ADBE_2021Q4_earnings,earnings_sp500_2016_2025,ADBE,2021-10-20,earnings,neutral,down,False,0.13,0.5541,earnings_release → earnings_miss → guidance_cut,False,,
CMCSA_2021Q4_earnings,earnings_sp500_2016_2025,CMCSA,2021-10-21,earnings,down,down,True,0.29,0.5541,earnings_release → earnings_miss → guidance_cut,False,,
DOCU_2021Q4_earnings,earnings_sp500_2016_2025,DOCU,2021-10-21,earnings,up,neutral,False,3.15,0.0749,earnings_release → earnings_beat → sector_etf_movement → institutional_rebalance,False,,
MDT_2021Q4_earnings,earnings_sp500_2016_2025,MDT,2021-10-21,earnings,neutral,down,False,0.03,0.5541,earnings_release → earnings_miss → guidance_cut,False,,
PANW_2021Q4_earnings,earnings_sp500_2016_2025,PANW,2021-10-21,earnings,neutral,down,False,0.18,0.5541,earnings_release → earnings_miss → guidance_cut,False,,
PG_2021Q4_earnings,earnings_sp500_2016_2025,PG,2021-10-21,earnings,down,down,True,0.31,0.5541,earnings_release → earnings_miss → guidance_cut,False,,
ABT_2021Q4_earnings,earnings_sp500_2016_2025,ABT,2021-10-22,earnings,up,neutral,False,1.33,0.0749,earnings_release → earnings_beat → sector_etf_movement → institutional_rebalance,False,,
HON_2021Q4_earnings,earnings_sp500_2016_2025,HON,2021-10-22,earnings,down,down,True,0.73,0.5541,earnings_release → earnings_miss → guidance_cut,False,,
INTC_2021Q4_earnings,earnings_sp500_2016_2025,INTC,2021-10-22,earnings,down,down,True,2.69,0.5541,earnings_release → earnings_miss → guidance_cut,False,,
MA_2021Q4_earnings,earnings_sp500_2016_2025,MA,2021-10-22,earnings,neutral,down,False,0.16,0.5541,earnings_release → earnings_miss → guidance_cut,False,,
QCOM_2021Q4_earnings,earnings_sp500_2016_2025,QCOM,2021-10-22,earnings,down,down,True,0.25,0.5541,earnings_release → earnings_miss → guidance_cut,False,,
ZM_2021Q4_earnings,earnings_sp500_2016_2025,ZM,2021-10-22,earnings,up,neutral,False,1.01,0.0749,earnings_release → earnings_beat → sector_etf_movement → institutional_rebalance,False,,
AVGO_2021Q4_earnings,earnings_sp500_2016_2025,AVGO,2021-10-23,earnings,neutral,down,False,0.14,0.5541,earnings_release → earnings_miss → guidance_cut,True,,
BRK.B_2021Q4_earnings,earnings_sp500_2016_2025,BRK.B,2021-10-23,earnings,down,down,True,1.04,0.5541,earnings_release → earnings_miss → guidance_cut,True,,
COIN_2021Q4_earnings,earnings_sp500_2016_2025,COIN,2021-10-23,earnings,neutral,down,False,0.14,0.5541,earnings_release → earnings_miss → guidance_cut,True,,
TXN_2021Q4_earnings,earnings_sp500_2016_2025,TXN,2021-10-23,earnings,neutral,down,False,0.14,0.5541,earnings_release → earnings_miss → guidance_cut,True,,
ACN_2021Q4_earnings,earnings_sp500_2016_2025,ACN,2021-10-24,earnings,up,neutral,False,12.41,0.0749,earnings_release → earnings_beat → sector_etf_movement → institutional_rebalance,True,,
BA_2021Q4_earnings,earnings_sp500_2016_2025,BA,2021-10-24,earnings,up,neutral,False,5.46,0.0749,earnings_release → earnings_beat → sector_etf_movement → institutional_rebalance,True,,
MSFT_2021Q4_earnings,earnings_sp500_2016_2025,MSFT,2021-10-24,earnings,down,down,True,0.81,0.5541,earnings_release → earnings_miss → guidance_cut,True,,
SPGI_2021Q4_earnings,earnings_sp500_2016_2025,SPGI,2021-10-24,earnings,down,down,True,1.96,0.5541,earnings_release → earnings_miss → guidance_cut,True,,
UNH_2021Q4_earnings,earnings_sp500_2016_2025,UNH,2021-10-24,earnings,up,neutral,False,14.4,0.0749,earnings_release → earnings_beat → sector_etf_movement → institutional_rebalance,True,,
VZ_2021Q4_earnings,earnings_sp500_2016_2025,VZ,2021-10-24,earnings,neutral,down,False,0.14,0.5541,earnings_release → earnings_miss → guidance_cut,True,,
BKNG_2022Q1_earnings,earnings_sp500_2016_2025,BKNG,2022-01-05,earnings,down,down,True,0.48,0.5541,earnings_release → earnings_miss → guidance_cut,False,,
ABBV_2022Q1_earnings,earnings_sp500_2016_2025,ABBV,2022-01-06,earnings,neutral,down,False,0.11,0.5541,earnings_release → earnings_miss → guidance_cut,False,,
AXP_2022Q1_earnings,earnings_sp500_2016_2025,AXP,2022-01-06,earnings,neutral,down,False,0.15,0.5541,earnings_release → earnings_miss → guidance_cut,False,,
NFLX_2022Q1_earnings,earnings_sp500_2016_2025,NFLX,2022-01-06,earnings,down,down,True,0.58,0.5541,earnings_release → earnings_miss → guidance_cut,False,,
HD_2022Q1_earnings,earnings_sp500_2016_2025,HD,2022-01-07,earnings,down,down,True,0.69,0.5541,earnings_release → earnings_miss → guidance_cut,False,,
VZ_2022Q1_earnings,earnings_sp500_2016_2025,VZ,2022-01-07,earnings,neutral,down,False,0.21,0.5541,earnings_release → earnings_miss → guidance_cut,False,,
WMT_2022Q1_earnings,earnings_sp500_2016_2025,WMT,2022-01-07,earnings,neutral,down,False,0.22,0.5541,earnings_release → earnings_miss → guidance_cut,False,,
GOOGL_2022Q1_earnings,earnings_sp500_2016_2025,GOOGL,2022-01-08,earnings,down,down,True,2.19,0.5541,earnings_release → earnings_miss → guidance_cut,True,,
PM_2022Q1_earnings,earnings_sp500_2016_2025,PM,2022-01-08,earnings,down,down,True,1.5,0.5541,earnings_release → earnings_miss → guidance_cut,True,,
SNAP_2022Q1_earnings,earnings_sp500_2016_2025,SNAP,2022-01-08,earnings,neutral,down,False,0.14,0.5541,earnings_release → earnings_miss → guidance_cut,True,,
CRM_2022Q1_earnings,earnings_sp500_2016_2025,CRM,2022-01-09,earnings,neutral,down,False,0.14,0.5541,earnings_release → earnings_miss → guidance_cut,True,,
DIS_2022Q1_earnings,earnings_sp500_2016_2025,DIS,2022-01-09,earnings,down,down,True,1.27,0.5541,earnings_release → earnings_miss → guidance_cut,True,,
BA_2022Q1_earnings,earnings_sp500_2016_2025,BA,2022-01-10,earnings,down,down,True,0.66,0.5541,earnings_release → earnings_miss → guidance_cut,False,,
GS_2022Q1_earnings,earnings_sp500_2016_2025,GS,2022-01-10,earnings,neutral,down,False,0.1,0.5541,earnings_release → earnings_miss → guidance_cut,False,,
MDT_2022Q1_earnings,earnings_sp500_2016_2025,MDT,2022-01-10,earnings,neutral,down,False,0.1,0.5541,earnings_release → earnings_miss → guidance_cut,False,,
REGN_2022Q1_earnings,earnings_sp500_2016_2025,REGN,2022-01-10,earnings,up,neutral,False,2.89,0.0749,earnings_release → earnings_beat → sector_etf_movement → institutional_rebalance,False,,
SQ_2022Q1_earnings,earnings_sp500_2016_2025,SQ,2022-01-10,earnings,down,down,True,0.58,0.5541,earnings_release → earnings_miss → guidance_cut,True,,
TXN_2022Q1_earnings,earnings_sp500_2016_2025,TXN,2022-01-10,earnings,up,neutral,False,1.95,0.0749,earnings_release → earnings_beat → sector_etf_movement → institutional_rebalance,False,,
UNH_2022Q1_earnings,earnings_sp500_2016_2025,UNH,2022-01-10,earnings,up,neutral,False,1.39,0.0749,earnings_release → earnings_beat → sector_etf_movement → institutional_rebalance,False,,
VRTX_2022Q1_earnings,earnings_sp500_2016_2025,VRTX,2022-01-10,earnings,neutral,down,False,0.22,0.5541,earnings_release → earnings_miss → guidance_cut,False,,
WFC_2022Q1_earnings,earnings_sp500_2016_2025,WFC,2022-01-10,earnings,up,neutral,False,1.05,0.0749,earnings_release → earnings_beat → sector_etf_movement → institutional_rebalance,False,,
AMAT_2022Q1_earnings,earnings_sp500_2016_2025,AMAT,2022-01-11,earnings,up,neutral,False,1.9,0.0749,earnings_release → earnings_beat → sector_etf_movement → institutional_rebalance,False,,
PANW_2022Q1_earnings,earnings_sp500_2016_2025,PANW,2022-01-11,earnings,neutral,down,False,0.15,0.5541,earnings_release → earnings_miss → guidance_cut,False,,
PG_2022Q1_earnings,earnings_sp500_2016_2025,PG,2022-01-11,earnings,down,down,True,0.27,0.5541,earnings_release → earnings_miss → guidance_cut,False,,
SPGI_2022Q1_earnings,earnings_sp500_2016_2025,SPGI,2022-01-11,earnings,up,neutral,False,1.28,0.0749,earnings_release → earnings_beat → sector_etf_movement → institutional_rebalance,False,,
ADBE_2022Q1_earnings,earnings_sp500_2016_2025,ADBE,2022-01-12,earnings,neutral,down,False,0.11,0.5541,earnings_release → earnings_miss → guidance_cut,False,,
ADI_2022Q1_earnings,earnings_sp500_2016_2025,ADI,2022-01-12,earnings,neutral,down,False,0.02,0.5541,earnings_release → earnings_miss → guidance_cut,False,,
BLK_2022Q1_earnings,earnings_sp500_2016_2025,BLK,2022-01-12,earnings,neutral,down,False,0.08,0.5541,earnings_release → earnings_miss → guidance_cut,False,,
DOCU_2022Q1_earnings,earnings_sp500_2016_2025,DOCU,2022-01-12,earnings,down,down,True,0.47,0.5541,earnings_release → earnings_miss → guidance_cut,False,,
JNJ_2022Q1_earnings,earnings_sp500_2016_2025,JNJ,2022-01-12,earnings,neutral,down,False,0.2,0.5541,earnings_release → earnings_miss → guidance_cut,False,,
MA_2022Q1_earnings,earnings_sp500_2016_2025,MA,2022-01-12,earnings,neutral,down,False,0.06,0.5541,earnings_release → earnings_miss → guidance_cut,False,,
UNP_2022Q1_earnings,earnings_sp500_2016_2025,UNP,2022-01-12,earnings,neutral,down,False,0.06,0.5541,earnings_release → earnings_miss → guidance_cut,False,,
ABNB_2022Q1_earnings,earnings_sp500_2016_2025,ABNB,2022-01-13,earnings,down,down,True,0.48,0.5541,earnings_release → earnings_miss → guidance_cut,False,,
MCD_2022Q1_earnings,earnings_sp500_2016_2025,MCD,2022-01-13,earnings,neutral,down,False,0.04,0.5541,earnings_release → earnings_miss → guidance_cut,False,,
META_2022Q1_earnings,earnings_sp500_2016_2025,META,2022-01-13,earnings,down,down,True,0.47,0.5541,earnings_release → earnings_miss → guidance_cut,False,,
SNPS_2022Q1_earnings,earnings_sp500_2016_2025,SNPS,2022-01-13,earnings,down,down,True,0.75,0.5541,earnings_release → earnings_miss → guidance_cut,False,,
AAPL_2022Q1_earnings,earnings_sp500_2016_2025,AAPL,2022-01-14,earnings,neutral,down,False,0.12,0.5541,earnings_release → earnings_miss → guidance_cut,False,,
ABT_2022Q1_earnings,earnings_sp500_2016_2025,ABT,2022-01-14,earnings,down,down,True,0.26,0.5541,earnings_release → earnings_miss → guidance_cut,False,,
COST_2022Q1_earnings,earnings_sp500_2016_2025,COST,2022-01-14,earnings,down,down,True,0.62,0.5541,earnings_release → earnings_miss → guidance_cut,False,,
DHR_2022Q1_earnings,earnings_sp500_2016_2025,DHR,2022-01-14,earnings,neutral,down,False,0.1,0.5541,earnings_release → earnings_miss → guidance_cut,False,,
MRK_2022Q1_earnings,earnings_sp500_2016_2025,MRK,2022-01-15,earnings,up,neutral,False,10.43,0.0749,earnings_release → earnings_beat → sector_etf_movement → institutional_rebalance,True,,
QCOM_2022Q1_earnings,earnings_sp500_2016_2025,QCOM,2022-01-15,earnings,neutral,down,False,0.05,0.5541,earnings_release → earnings_miss → guidance_cut,True,,
ZM_2022Q1_earnings,earnings_sp500_2016_2025,ZM,2022-01-15,earnings,neutral,down,False,0.23,0.5541,earnings_release → earnings_miss → guidance_cut,True,,
AMZN_2022Q1_earnings,earnings_sp500_2016_2025,AMZN,2022-01-16,earnings,up,neutral,False,5.46,0.0749,earnings_release → earnings_beat → sector_etf_movement → institutional_rebalance,True,,
CSCO_2022Q1_earnings,earnings_sp500_2016_2025,CSCO,2022-01-16,earnings,neutral,down,False,0.23,0.5541,earnings_release → earnings_miss → guidance_cut,True,,
ROKU_2022Q1_earnings,earnings_sp500_2016_2025,ROKU,2022-01-16,earnings,down,down,True,3.57,0.5541,earnings_release → earnings_miss → guidance_cut,True,,
TSLA_2022Q1_earnings,earnings_sp500_2016_2025,TSLA,2022-01-16,earnings,down,down,True,2.65,0.5541,earnings_release → earnings_miss → guidance_cut,True,,
ACN_2022Q1_earnings,earnings_sp500_2016_2025,ACN,2022-01-17,earnings,down,down,True,3.57,0.5541,earnings_release → earnings_miss → guidance_cut,True,,
GILD_2022Q1_earnings,earnings_sp500_2016_2025,GILD,2022-01-17,earnings,up,neutral,False,8.44,0.0749,earnings_release → earnings_beat → sector_etf_movement → institutional_rebalance,True,,
SHOP_2022Q1_earnings,earnings_sp500_2016_2025,SHOP,2022-01-17,earnings,up,neutral,False,4.47,0.0749,earnings_release → earnings_beat → sector_etf_movement → institutional_rebalance,True,,
TMO_2022Q1_earnings,earnings_sp500_2016_2025,TMO,2022-01-17,earnings,down,down,True,2.19,0.5541,earnings_release → earnings_miss → guidance_cut,True,,
AVGO_2022Q1_earnings,earnings_sp500_2016_2025,AVGO,2022-01-18,earnings,down,down,True,0.72,0.5541,earnings_release → earnings_miss → guidance_cut,False,,
COIN_2022Q1_earnings,earnings_sp500_2016_2025,COIN,2022-01-18,earnings,down,down,True,0.8,0.5541,earnings_release → earnings_miss → guidance_cut,False,,
CVX_2022Q1_earnings,earnings_sp500_2016_2025,CVX,2022-01-18,earnings,neutral,down,False,0.08,0.5541,earnings_release → earnings_miss → guidance_cut,False,,
KO_2022Q1_earnings,earnings_sp500_2016_2025,KO,2022-01-18,earnings,neutral,down,False,0.18,0.5541,earnings_release → earnings_miss → guidance_cut,False,,
UPS_2022Q1_earnings,earnings_sp500_2016_2025,UPS,2022-01-18,earnings,neutral,down,False,0.11,0.5541,earnings_release → earnings_miss → guidance_cut,False,,
CMCSA_2022Q1_earnings,earnings_sp500_2016_2025,CMCSA,2022-01-19,earnings,neutral,down,False,0.07,0.5541,earnings_release → earnings_miss → guidance_cut,False,,
GE_2022Q1_earnings,earnings_sp500_2016_2025,GE,2022-01-19,earnings,down,down,True,0.51,0.5541,earnings_release → earnings_miss → guidance_cut,False,,
IBM_2022Q1_earnings,earnings_sp500_2016_2025,IBM,2022-01-19,earnings,down,down,True,0.24,0.5541,earnings_release → earnings_miss → guidance_cut,False,,
CAT_2022Q1_earnings,earnings_sp500_2016_2025,CAT,2022-01-20,earnings,down,down,True,0.52,0.5541,earnings_release → earnings_miss → guidance_cut,False,,
HON_2022Q1_earnings,earnings_sp500_2016_2025,HON,2022-01-20,earnings,neutral,down,False,0.2,0.5541,earnings_release → earnings_miss → guidance_cut,False,,
LOW_2022Q1_earnings,earnings_sp500_2016_2025,LOW,2022-01-20,earnings,down,down,True,1.06,0.5541,earnings_release → earnings_miss → guidance_cut,False,,
NVDA_2022Q1_earnings,earnings_sp500_2016_2025,NVDA,2022-01-20,earnings,down,down,True,0.84,0.5541,earnings_release → earnings_miss → guidance_cut,False,,
RTX_2022Q1_earnings,earnings_sp500_2016_2025,RTX,2022-01-20,earnings,down,down,True,0.34,0.5541,earnings_release → earnings_miss → guidance_cut,False,,
AMD_2022Q1_earnings,earnings_sp500_2016_2025,AMD,2022-01-21,earnings,down,down,True,0.58,0.5541,earnings_release → earnings_miss → guidance_cut,False,,
INTC_2022Q1_earnings,earnings_sp500_2016_2025,INTC,2022-01-21,earnings,neutral,down,False,0.0,0.5541,earnings_release → earnings_miss → guidance_cut,False,,
NKE_2022Q1_earnings,earnings_sp500_2016_2025,NKE,2022-01-21,earnings,neutral,down,False,0.03,0.5541,earnings_release → earnings_miss → guidance_cut,False,,
PEP_2022Q1_earnings,earnings_sp500_2016_2025,PEP,2022-01-21,earnings,neutral,down,False,0.04,0.5541,earnings_release → earnings_miss → guidance_cut,False,,
UBER_2022Q1_earnings,earnings_sp500_2016_2025,UBER,2022-01-21,earnings,down,down,True,1.15,0.5541,earnings_release → earnings_miss → guidance_cut,False,,
JPM_2022Q1_earnings,earnings_sp500_2016_2025,JPM,2022-01-22,earnings,up,neutral,False,12.41,0.0749,earnings_release → earnings_beat → sector_etf_movement → institutional_rebalance,True,,
LRCX_2022Q1_earnings,earnings_sp500_2016_2025,LRCX,2022-01-22,earnings,neutral,down,False,0.14,0.5541,earnings_release → earnings_miss → guidance_cut,True,,
SBUX_2022Q1_earnings,earnings_sp500_2016_2025,SBUX,2022-01-22,earnings,down,down,True,2.65,0.5541,earnings_release → earnings_miss → guidance_cut,True,,
XOM_2022Q1_earnings,earnings_sp500_2016_2025,XOM,2022-01-22,earnings,down,down,True,0.81,0.5541,earnings_release → earnings_miss → guidance_cut,True,,
MS_2022Q1_earnings,earnings_sp500_2016_2025,MS,2022-01-23,earnings,up,neutral,False,1.49,0.0749,earnings_release → earnings_beat → sector_etf_movement → institutional_rebalance,True,,
BRK.B_2022Q1_earnings,earnings_sp500_2016_2025,BRK.B,2022-01-24,earnings,neutral,down,False,0.11,0.5541,earnings_release → earnings_miss → guidance_cut,False,,
CDNS_2022Q1_earnings,earnings_sp500_2016_2025,CDNS,2022-01-24,earnings,up,neutral,False,2.25,0.0749,earnings_release → earnings_beat → sector_etf_movement → institutional_rebalance,False,,
ISRG_2022Q1_earnings,earnings_sp500_2016_2025,ISRG,2022-01-24,earnings,neutral,down,False,0.21,0.5541,earnings_release → earnings_miss → guidance_cut,False,,
MSFT_2022Q1_earnings,earnings_sp500_2016_2025,MSFT,2022-01-24,earnings,neutral,down,False,0.03,0.5541,earnings_release → earnings_miss → guidance_cut,False,,
PYPL_2022Q1_earnings,earnings_sp500_2016_2025,PYPL,2022-01-24,earnings,neutral,down,False,0.19,0.5541,earnings_release → earnings_miss → guidance_cut,False,,
V_2022Q1_earnings,earnings_sp500_2016_2025,V,2022-01-24,earnings,down,down,True,0.46,0.5541,earnings_release → earnings_miss → guidance_cut,False,,
AAPL_2022Q2_earnings,earnings_sp500_2016_2025,AAPL,2022-04-05,earnings,down,down,True,0.44,0.5541,earnings_release → earnings_miss → guidance_cut,False,,
ROKU_2022Q2_earnings,earnings_sp500_2016_2025,ROKU,2022-04-05,earnings,down,down,True,1.24,0.5541,earnings_release → earnings_miss → guidance_cut,False,,
ADI_2022Q2_earnings,earnings_sp500_2016_2025,ADI,2022-04-06,earnings,neutral,down,False,0.04,0.5541,earnings_release → earnings_miss → guidance_cut,False,,
BKNG_2022Q2_earnings,earnings_sp500_2016_2025,BKNG,2022-04-06,earnings,down,down,True,0.76,0.5541,earnings_release → earnings_miss → guidance_cut,False,,
MSFT_2022Q2_earnings,earnings_sp500_2016_2025,MSFT,2022-04-06,earnings,down,down,True,0.84,0.5541,earnings_release → earnings_miss → guidance_cut,False,,
UNH_2022Q2_earnings,earnings_sp500_2016_2025,UNH,2022-04-06,earnings,up,neutral,False,2.68,0.0749,earnings_release → earnings_beat → sector_etf_movement → institutional_rebalance,False,,
ABT_2022Q2_earnings,earnings_sp500_2016_2025,ABT,2022-04-07,earnings,up,neutral,False,2.84,0.0749,earnings_release → earnings_beat → sector_etf_movement → institutional_rebalance,False,,
AMZN_2022Q2_earnings,earnings_sp500_2016_2025,AMZN,2022-04-07,earnings,neutral,down,False,0.14,0.5541,earnings_release → earnings_miss → guidance_cut,False,,
DIS_2022Q2_earnings,earnings_sp500_2016_2025,DIS,2022-04-07,earnings,neutral,down,False,0.12,0.5541,earnings_release → earnings_miss → guidance_cut,False,,
DOCU_2022Q2_earnings,earnings_sp500_2016_2025,DOCU,2022-04-07,earnings,neutral,down,False,0.0,0.5541,earnings_release → earnings_miss → guidance_cut,False,,
XOM_2022Q2_earnings,earnings_sp500_2016_2025,XOM,2022-04-07,earnings,up,neutral,False,1.66,0.0749,earnings_release → earnings_beat → sector_etf_movement → institutional_rebalance,False,,
ABNB_2022Q2_earnings,earnings_sp500_2016_2025,ABNB,2022-04-08,earnings,down,down,True,0.47,0.5541,earnings_release → earnings_miss → guidance_cut,False,,
ADBE_2022Q2_earnings,earnings_sp500_2016_2025,ADBE,2022-04-08,earnings,down,down,True,0.38,0.5541,earnings_release → earnings_miss → guidance_cut,False,,
BA_2022Q2_earnings,earnings_sp500_2016_2025,BA,2022-04-08,earnings,down,down,True,0.36,0.5541,earnings_release → earnings_miss → guidance_cut,False,,
CDNS_2022Q2_earnings,earnings_sp500_2016_2025,CDNS,2022-04-08,earnings,down,down,True,0.69,0.5541,earnings_release → earnings_miss → guidance_cut,False,,
NFLX_2022Q2_earnings,earnings_sp500_2016_2025,NFLX,2022-04-08,earnings,down,down,True,0.4,0.5541,earnings_release → earnings_miss → guidance_cut,False,,
KO_2022Q2_earnings,earnings_sp500_2016_2025,KO,2022-04-09,earnings,down,down,True,2.65,0.5541,earnings_release → earnings_miss → guidance_cut,True,,
PEP_2022Q2_earnings,earnings_sp500_2016_2025,PEP,2022-04-09,earnings,up,neutral,False,5.46,0.0749,earnings_release → earnings_beat → sector_etf_movement → institutional_rebalance,True,,
GE_2022Q2_earnings,earnings_sp500_2016_2025,GE,2022-04-10,earnings,neutral,down,False,0.05,0.5541,earnings_release → earnings_miss → guidance_cut,True,,
GILD_2022Q2_earnings,earnings_sp500_2016_2025,GILD,2022-04-10,earnings,up,neutral,False,10.43,0.0749,earnings_release → earnings_beat → sector_etf_movement → institutional_rebalance,True,,
GS_2022Q2_earnings,earnings_sp500_2016_2025,GS,2022-04-10,earnings,down,down,True,4.26,0.5541,earnings_release → earnings_miss → guidance_cut,True,,
MDT_2022Q2_earnings,earnings_sp500_2016_2025,MDT,2022-04-10,earnings,up,neutral,False,11.42,0.0749,earnings_release → earnings_beat → sector_etf_movement → institutional_rebalance,True,,
NVDA_2022Q2_earnings,earnings_sp500_2016_2025,NVDA,2022-04-10,earnings,neutral,down,False,0.23,0.5541,earnings_release → earnings_miss → guidance_cut,True,,
PYPL_2022Q2_earnings,earnings_sp500_2016_2025,PYPL,2022-04-10,earnings,neutral,down,False,0.05,0.5541,earnings_release → earnings_miss → guidance_cut,True,,
DHR_2022Q2_earnings,earnings_sp500_2016_2025,DHR,2022-04-11,earnings,down,down,True,0.63,0.5541,earnings_release → earnings_miss → guidance_cut,False,,
V_2022Q2_earnings,earnings_sp500_2016_2025,V,2022-04-11,earnings,down,down,True,0.24,0.5541,earnings_release → earnings_miss → guidance_cut,False,,
ABBV_2022Q2_earnings,earnings_sp500_2016_2025,ABBV,2022-04-12,earnings,down,down,True,0.34,0.5541,earnings_release → earnings_miss → guidance_cut,False,,
CRM_2022Q2_earnings,earnings_sp500_2016_2025,CRM,2022-04-12,earnings,neutral,down,False,0.08,0.5541,earnings_release → earnings_miss → guidance_cut,False,,
REGN_2022Q2_earnings,earnings_sp500_2016_2025,REGN,2022-04-12,earnings,neutral,down,False,0.21,0.5541,earnings_release → earnings_miss → guidance_cut,False,,
GOOGL_2022Q2_earnings,earnings_sp500_2016_2025,GOOGL,2022-04-13,earnings,up,neutral,False,1.7,0.0749,earnings_release → earnings_beat → sector_etf_movement → institutional_rebalance,False,,
MCD_2022Q2_earnings,earnings_sp500_2016_2025,MCD,2022-04-13,earnings,neutral,down,False,0.2,0.5541,earnings_release → earnings_miss → guidance_cut,False,,
PM_2022Q2_earnings,earnings_sp500_2016_2025,PM,2022-04-13,earnings,neutral,down,False,0.16,0.5541,earnings_release → earnings_miss → guidance_cut,False,,
SQ_2022Q2_earnings,earnings_sp500_2016_2025,SQ,2022-04-13,earnings,neutral,down,False,0.14,0.5541,earnings_release → earnings_miss → guidance_cut,True,,
UPS_2022Q2_earnings,earnings_sp500_2016_2025,UPS,2022-04-13,earnings,neutral,down,False,0.12,0.5541,earnings_release → earnings_miss → guidance_cut,False,,
VRTX_2022Q2_earnings,earnings_sp500_2016_2025,VRTX,2022-04-13,earnings,up,neutral,False,3.46,0.0749,earnings_release → earnings_beat → sector_etf_movement → institutional_rebalance,False,,
AXP_2022Q2_earnings,earnings_sp500_2016_2025,AXP,2022-04-14,earnings,neutral,down,False,0.2,0.5541,earnings_release → earnings_miss → guidance_cut,False,,
CMCSA_2022Q2_earnings,earnings_sp500_2016_2025,CMCSA,2022-04-14,earnings,neutral,down,False,0.16,0.5541,earnings_release → earnings_miss → guidance_cut,False,,
PG_2022Q2_earnings,earnings_sp500_2016_2025,PG,2022-04-15,earnings,up,neutral,False,12.41,0.0749,earnings_release → earnings_beat → sector_etf_movement → institutional_rebalance,True,,
UBER_2022Q2_earnings,earnings_sp500_2016_2025,UBER,2022-04-15,earnings,down,down,True,1.5,0.5541,earnings_release → earnings_miss → guidance_cut,True,,
ACN_2022Q2_earnings,earnings_sp500_2016_2025,ACN,2022-04-16,earnings,neutral,down,False,0.05,0.5541,earnings_release → earnings_miss → guidance_cut,True,,
COST_2022Q2_earnings,earnings_sp500_2016_2025,COST,2022-04-16,earnings,up,neutral,False,5.46,0.0749,earnings_release → earnings_beat → sector_etf_movement → institutional_rebalance,True,,
BLK_2022Q2_earnings,earnings_sp500_2016_2025,BLK,2022-04-17,earnings,up,neutral,False,4.47,0.0749,earnings_release → earnings_beat → sector_etf_movement → institutional_rebalance,True,,
IBM_2022Q2_earnings,earnings_sp500_2016_2025,IBM,2022-04-17,earnings,up,neutral,False,11.42,0.0749,earnings_release → earnings_beat → sector_etf_movement → institutional_rebalance,True,,
JNJ_2022Q2_earnings,earnings_sp500_2016_2025,JNJ,2022-04-17,earnings,neutral,down,False,0.05,0.5541,earnings_release → earnings_miss → guidance_cut,True,,
LOW_2022Q2_earnings,earnings_sp500_2016_2025,LOW,2022-04-17,earnings,down,down,True,2.65,0.5541,earnings_release → earnings_miss → guidance_cut,True,,
UNP_2022Q2_earnings,earnings_sp500_2016_2025,UNP,2022-04-17,earnings,up,neutral,False,10.43,0.0749,earnings_release → earnings_beat → sector_etf_movement → institutional_rebalance,True,,
ZM_2022Q2_earnings,earnings_sp500_2016_2025,ZM,2022-04-17,earnings,down,down,True,4.26,0.5541,earnings_release → earnings_miss → guidance_cut,True,,
BRK.B_2022Q2_earnings,earnings_sp500_2016_2025,BRK.B,2022-04-18,earnings,neutral,down,False,0.15,0.5541,earnings_release → earnings_miss → guidance_cut,False,,
CSCO_2022Q2_earnings,earnings_sp500_2016_2025,CSCO,2022-04-18,earnings,neutral,down,False,0.03,0.5541,earnings_release → earnings_miss → guidance_cut,False,,
HON_2022Q2_earnings,earnings_sp500_2016_2025,HON,2022-04-18,earnings,down,down,True,0.37,0.5541,earnings_release → earnings_miss → guidance_cut,False,,
SNAP_2022Q2_earnings,earnings_sp500_2016_2025,SNAP,2022-04-18,earnings,down,down,True,0.38,0.5541,earnings_release → earnings_miss → guidance_cut,False,,
VZ_2022Q2_earnings,earnings_sp500_2016_2025,VZ,2022-04-18,earnings,neutral,down,False,0.19,0.5541,earnings_release → earnings_miss → guidance_cut,False,,
WFC_2022Q2_earnings,earnings_sp500_2016_2025,WFC,2022-04-18,earnings,up,neutral,False,1.76,0.0749,earnings_release → earnings_beat → sector_etf_movement → institutional_rebalance,False,,
nflx_2022q1_earnings,earnings_sp500_2016_2025,NFLX,2022-04-19,earnings,up,down,False,1.34,0.6814,earnings_release → earnings_miss → guidance_cut,False,,
AMD_2022Q2_earnings,earnings_sp500_2016_2025,AMD,2022-04-20,earnings,down,down,True,0.69,0.5541,earnings_release → earnings_miss → guidance_cut,False,,
ISRG_2022Q2_earnings,earnings_sp500_2016_2025,ISRG,2022-04-20,earnings,up,neutral,False,2.71,0.0749,earnings_release → earnings_beat → sector_etf_movement → institutional_rebalance,False,,
MA_2022Q2_earnings,earnings_sp500_2016_2025,MA,2022-04-20,earnings,neutral,down,False,0.09,0.5541,earnings_release → earnings_miss → guidance_cut,False,,
TSLA_2022Q2_earnings,earnings_sp500_2016_2025,TSLA,2022-04-20,earnings,down,down,True,1.14,0.5541,earnings_release → earnings_miss → guidance_cut,False,,
CAT_2022Q2_earnings,earnings_sp500_2016_2025,CAT,2022-04-21,earnings,down,down,True,0.25,0.5541,earnings_release → earnings_miss → guidance_cut,False,,
COIN_2022Q2_earnings,earnings_sp500_2016_2025,COIN,2022-04-21,earnings,down,down,True,1.54,0.5541,earnings_release → earnings_miss → guidance_cut,False,,
QCOM_2022Q2_earnings,earnings_sp500_2016_2025,QCOM,2022-04-21,earnings,down,down,True,0.69,0.5541,earnings_release → earnings_miss → guidance_cut,False,,
SBUX_2022Q2_earnings,earnings_sp500_2016_2025,SBUX,2022-04-21,earnings,down,down,True,0.35,0.5541,earnings_release → earnings_miss → guidance_cut,False,,
AMAT_2022Q2_earnings,earnings_sp500_2016_2025,AMAT,2022-04-22,earnings,down,down,True,0.58,0.5541,earnings_release → earnings_miss → guidance_cut,False,,
CVX_2022Q2_earnings,earnings_sp500_2016_2025,CVX,2022-04-22,earnings,down,down,True,0.51,0.5541,earnings_release → earnings_miss → guidance_cut,False,,
JPM_2022Q2_earnings,earnings_sp500_2016_2025,JPM,2022-04-22,earnings,down,down,True,0.66,0.5541,earnings_release → earnings_miss → guidance_cut,False,,
META_2022Q2_earnings,earnings_sp500_2016_2025,META,2022-04-22,earnings,down,down,True,0.49,0.5541,earnings_release → earnings_miss → guidance_cut,False,,
SNPS_2022Q2_earnings,earnings_sp500_2016_2025,SNPS,2022-04-22,earnings,down,down,True,0.82,0.5541,earnings_release → earnings_miss → guidance_cut,False,,
SPGI_2022Q2_earnings,earnings_sp500_2016_2025,SPGI,2022-04-22,earnings,down,down,True,0.66,0.5541,earnings_release → earnings_miss → guidance_cut,False,,
TXN_2022Q2_earnings,earnings_sp500_2016_2025,TXN,2022-04-22,earnings,down,down,True,0.51,0.5541,earnings_release → earnings_miss → guidance_cut,False,,
AVGO_2022Q2_earnings,earnings_sp500_2016_2025,AVGO,2022-04-23,earnings,down,down,True,0.81,0.5541,earnings_release → earnings_miss → guidance_cut,True,,
HD_2022Q2_earnings,earnings_sp500_2016_2025,HD,2022-04-23,earnings,up,neutral,False,11.42,0.0749,earnings_release → earnings_beat → sector_etf_movement → institutional_rebalance,True,,
PANW_2022Q2_earnings,earnings_sp500_2016_2025,PANW,2022-04-23,earnings,neutral,down,False,0.14,0.5541,earnings_release → earnings_miss → guidance_cut,True,,
RTX_2022Q2_earnings,earnings_sp500_2016_2025,RTX,2022-04-23,earnings,up,neutral,False,6.45,0.0749,earnings_release → earnings_beat → sector_etf_movement → institutional_rebalance,True,,
TMO_2022Q2_earnings,earnings_sp500_2016_2025,TMO,2022-04-23,earnings,down,down,True,3.8,0.5541,earnings_release → earnings_miss → guidance_cut,True,,
INTC_2022Q2_earnings,earnings_sp500_2016_2025,INTC,2022-04-24,earnings,neutral,down,False,0.14,0.5541,earnings_release → earnings_miss → guidance_cut,True,,
SHOP_2022Q2_earnings,earnings_sp500_2016_2025,SHOP,2022-04-24,earnings,down,down,True,0.81,0.5541,earnings_release → earnings_miss → guidance_cut,True,,
WMT_2022Q2_earnings,earnings_sp500_2016_2025,WMT,2022-04-24,earnings,down,down,True,2.88,0.5541,earnings_release → earnings_miss → guidance_cut,True,,
DIS_2022Q3_earnings,earnings_sp500_2016_2025,DIS,2022-07-05,earnings,up,neutral,False,1.07,0.0749,earnings_release → earnings_beat → sector_etf_movement → institutional_rebalance,False,,
ROKU_2022Q3_earnings,earnings_sp500_2016_2025,ROKU,2022-07-05,earnings,up,neutral,False,9.64,0.0749,earnings_release → earnings_beat → sector_etf_movement → institutional_rebalance,False,,
TMO_2022Q3_earnings,earnings_sp500_2016_2025,TMO,2022-07-05,earnings,neutral,down,False,0.13,0.5541,earnings_release → earnings_miss → guidance_cut,False,,
AAPL_2022Q3_earnings,earnings_sp500_2016_2025,AAPL,2022-07-06,earnings,neutral,down,False,0.22,0.5541,earnings_release → earnings_miss → guidance_cut,False,,
BLK_2022Q3_earnings,earnings_sp500_2016_2025,BLK,2022-07-06,earnings,neutral,down,False,0.22,0.5541,earnings_release → earnings_miss → guidance_cut,False,,
DOCU_2022Q3_earnings,earnings_sp500_2016_2025,DOCU,2022-07-06,earnings,down,down,True,0.43,0.5541,earnings_release → earnings_miss → guidance_cut,False,,
JPM_2022Q3_earnings,earnings_sp500_2016_2025,JPM,2022-07-06,earnings,neutral,down,False,0.15,0.5541,earnings_release → earnings_miss → guidance_cut,False,,
MA_2022Q3_earnings,earnings_sp500_2016_2025,MA,2022-07-06,earnings,neutral,down,False,0.07,0.5541,earnings_release → earnings_miss → guidance_cut,False,,
MCD_2022Q3_earnings,earnings_sp500_2016_2025,MCD,2022-07-06,earnings,neutral,down,False,0.08,0.5541,earnings_release → earnings_miss → guidance_cut,False,,
NKE_2022Q3_earnings,earnings_sp500_2016_2025,NKE,2022-07-06,earnings,neutral,down,False,0.02,0.5541,earnings_release → earnings_miss → guidance_cut,False,,
GILD_2022Q3_earnings,earnings_sp500_2016_2025,GILD,2022-07-07,earnings,neutral,down,False,0.0,0.5541,earnings_release → earnings_miss → guidance_cut,False,,
BA_2022Q3_earnings,earnings_sp500_2016_2025,BA,2022-07-08,earnings,neutral,down,False,0.15,0.5541,earnings_release → earnings_miss → guidance_cut,False,,
CAT_2022Q3_earnings,earnings_sp500_2016_2025,CAT,2022-07-08,earnings,neutral,down,False,0.15,0.5541,earnings_release → earnings_miss → guidance_cut,False,,
CVX_2022Q3_earnings,earnings_sp500_2016_2025,CVX,2022-07-08,earnings,neutral,down,False,0.12,0.5541,earnings_release → earnings_miss → guidance_cut,False,,
PEP_2022Q3_earnings,earnings_sp500_2016_2025,PEP,2022-07-08,earnings,neutral,down,False,0.21,0.5541,earnings_release → earnings_miss → guidance_cut,False,,
UNH_2022Q3_earnings,earnings_sp500_2016_2025,UNH,2022-07-08,earnings,neutral,down,False,0.19,0.5541,earnings_release → earnings_miss → guidance_cut,False,,
VRTX_2022Q3_earnings,earnings_sp500_2016_2025,VRTX,2022-07-08,earnings,neutral,down,False,0.01,0.5541,earnings_release → earnings_miss → guidance_cut,False,,
ABBV_2022Q3_earnings,earnings_sp500_2016_2025,ABBV,2022-07-09,earnings,neutral,down,False,0.05,0.5541,earnings_release → earnings_miss → guidance_cut,True,,
ABNB_2022Q3_earnings,earnings_sp500_2016_2025,ABNB,2022-07-09,earnings,neutral,down,False,0.23,0.5541,earnings_release → earnings_miss → guidance_cut,True,,
CMCSA_2022Q3_earnings,earnings_sp500_2016_2025,CMCSA,2022-07-09,earnings,up,neutral,False,2.48,0.0749,earnings_release → earnings_beat → sector_etf_movement → institutional_rebalance,True,,
DHR_2022Q3_earnings,earnings_sp500_2016_2025,DHR,2022-07-09,earnings,up,neutral,False,5.46,0.0749,earnings_release → earnings_beat → sector_etf_movement → institutional_rebalance,True,,
MSFT_2022Q3_earnings,earnings_sp500_2016_2025,MSFT,2022-07-09,earnings,neutral,down,False,0.23,0.5541,earnings_release → earnings_miss → guidance_cut,True,,
SPGI_2022Q3_earnings,earnings_sp500_2016_2025,SPGI,2022-07-09,earnings,down,down,True,2.65,0.5541,earnings_release → earnings_miss → guidance_cut,True,,
ZM_2022Q3_earnings,earnings_sp500_2016_2025,ZM,2022-07-09,earnings,up,neutral,False,14.4,0.0749,earnings_release → earnings_beat → sector_etf_movement → institutional_rebalance,True,,
MRK_2022Q3_earnings,earnings_sp500_2016_2025,MRK,2022-07-10,earnings,neutral,down,False,0.14,0.5541,earnings_release → earnings_miss → guidance_cut,True,,
REGN_2022Q3_earnings,earnings_sp500_2016_2025,REGN,2022-07-10,earnings,down,down,True,1.04,0.5541,earnings_release → earnings_miss → guidance_cut,True,,
SBUX_2022Q3_earnings,earnings_sp500_2016_2025,SBUX,2022-07-10,earnings,neutral,down,False,0.14,0.5541,earnings_release → earnings_miss → guidance_cut,True,,
AVGO_2022Q3_earnings,earnings_sp500_2016_2025,AVGO,2022-07-11,earnings,down,down,True,0.73,0.5541,earnings_release → earnings_miss → guidance_cut,False,,
SNPS_2022Q3_earnings,earnings_sp500_2016_2025,SNPS,2022-07-11,earnings,neutral,down,False,0.17,0.5541,earnings_release → earnings_miss → guidance_cut,False,,
GOOGL_2022Q3_earnings,earnings_sp500_2016_2025,GOOGL,2022-07-12,earnings,down,down,True,0.33,0.5541,earnings_release → earnings_miss → guidance_cut,False,,
WMT_2022Q3_earnings,earnings_sp500_2016_2025,WMT,2022-07-12,earnings,neutral,down,False,0.07,0.5541,earnings_release → earnings_miss → guidance_cut,False,,
XOM_2022Q3_earnings,earnings_sp500_2016_2025,XOM,2022-07-12,earnings,down,down,True,0.31,0.5541,earnings_release → earnings_miss → guidance_cut,False,,
AMAT_2022Q3_earnings,earnings_sp500_2016_2025,AMAT,2022-07-13,earnings,neutral,down,False,0.09,0.5541,earnings_release → earnings_miss → guidance_cut,False,,
HD_2022Q3_earnings,earnings_sp500_2016_2025,HD,2022-07-13,earnings,neutral,down,False,0.17,0.5541,earnings_release → earnings_miss → guidance_cut,False,,
CRM_2022Q3_earnings,earnings_sp500_2016_2025,CRM,2022-07-14,earnings,down,down,True,0.35,0.5541,earnings_release → earnings_miss → guidance_cut,False,,
PYPL_2022Q3_earnings,earnings_sp500_2016_2025,PYPL,2022-07-14,earnings,down,down,True,0.59,0.5541,earnings_release → earnings_miss → guidance_cut,False,,
TXN_2022Q3_earnings,earnings_sp500_2016_2025,TXN,2022-07-14,earnings,up,neutral,False,2.29,0.0749,earnings_release → earnings_beat → sector_etf_movement → institutional_rebalance,False,,
WFC_2022Q3_earnings,earnings_sp500_2016_2025,WFC,2022-07-14,earnings,neutral,down,False,0.19,0.5541,earnings_release → earnings_miss → guidance_cut,False,,
GS_2022Q3_earnings,earnings_sp500_2016_2025,GS,2022-07-15,earnings,up,neutral,False,4.33,0.0749,earnings_release → earnings_beat → sector_etf_movement → institutional_rebalance,False,,
HON_2022Q3_earnings,earnings_sp500_2016_2025,HON,2022-07-15,earnings,up,neutral,False,1.93,0.0749,earnings_release → earnings_beat → sector_etf_movement → institutional_rebalance,False,,
JNJ_2022Q3_earnings,earnings_sp500_2016_2025,JNJ,2022-07-15,earnings,up,neutral,False,1.44,0.0749,earnings_release → earnings_beat → sector_etf_movement → institutional_rebalance,False,,
KO_2022Q3_earnings,earnings_sp500_2016_2025,KO,2022-07-15,earnings,neutral,down,False,0.12,0.5541,earnings_release → earnings_miss → guidance_cut,False,,
PANW_2022Q3_earnings,earnings_sp500_2016_2025,PANW,2022-07-15,earnings,up,neutral,False,3.84,0.0749,earnings_release → earnings_beat → sector_etf_movement → institutional_rebalance,False,,
BRK.B_2022Q3_earnings,earnings_sp500_2016_2025,BRK.B,2022-07-16,earnings,up,neutral,False,2.48,0.0749,earnings_release → earnings_beat → sector_etf_movement → institutional_rebalance,True,,
CSCO_2022Q3_earnings,earnings_sp500_2016_2025,CSCO,2022-07-16,earnings,neutral,down,False,0.14,0.5541,earnings_release → earnings_miss → guidance_cut,True,,
INTC_2022Q3_earnings,earnings_sp500_2016_2025,INTC,2022-07-16,earnings,neutral,down,False,0.14,0.5541,earnings_release → earnings_miss → guidance_cut,True,,
NVDA_2022Q3_earnings,earnings_sp500_2016_2025,NVDA,2022-07-16,earnings,down,down,True,1.96,0.5541,earnings_release → earnings_miss → guidance_cut,True,,
SNAP_2022Q3_earnings,earnings_sp500_2016_2025,SNAP,2022-07-16,earnings,up,neutral,False,7.45,0.0749,earnings_release → earnings_beat → sector_etf_movement → institutional_rebalance,True,,
VZ_2022Q3_earnings,earnings_sp500_2016_2025,VZ,2022-07-16,earnings,down,down,True,3.11,0.5541,earnings_release → earnings_miss → guidance_cut,True,,
ISRG_2022Q3_earnings,earnings_sp500_2016_2025,ISRG,2022-07-17,earnings,up,neutral,False,5.46,0.0749,earnings_release → earnings_beat → sector_etf_movement → institutional_rebalance,True,,
META_2022Q3_earnings,earnings_sp500_2016_2025,META,2022-07-17,earnings,down,down,True,2.65,0.5541,earnings_release → earnings_miss → guidance_cut,True,,
SQ_2022Q3_earnings,earnings_sp500_2016_2025,SQ,2022-07-17,earnings,neutral,down,False,0.14,0.5541,earnings_release → earnings_miss → guidance_cut,True,,
MS_2022Q3_earnings,earnings_sp500_2016_2025,MS,2022-07-18,earnings,up,neutral,False,1.03,0.0749,earnings_release → earnings_beat → sector_etf_movement → institutional_rebalance,False,,
PM_2022Q3_earnings,earnings_sp500_2016_2025,PM,2022-07-18,earnings,neutral,down,False,0.17,0.5541,earnings_release → earnings_miss → guidance_cut,False,,
QCOM_2022Q3_earnings,earnings_sp500_2016_2025,QCOM,2022-07-18,earnings,down,down,True,0.43,0.5541,earnings_release → earnings_miss → guidance_cut,False,,
TSLA_2022Q3_earnings,earnings_sp500_2016_2025,TSLA,2022-07-18,earnings,neutral,down,False,0.05,0.5541,earnings_release → earnings_miss → guidance_cut,False,,
UBER_2022Q3_earnings,earnings_sp500_2016_2025,UBER,2022-07-18,earnings,up,neutral,False,4.17,0.0749,earnings_release → earnings_beat → sector_etf_movement → institutional_rebalance,False,,
UPS_2022Q3_earnings,earnings_sp500_2016_2025,UPS,2022-07-18,earnings,down,down,True,0.32,0.5541,earnings_release → earnings_miss → guidance_cut,False,,
ADI_2022Q3_earnings,earnings_sp500_2016_2025,ADI,2022-07-19,earnings,up,neutral,False,3.96,0.0749,earnings_release → earnings_beat → sector_etf_movement → institutional_rebalance,False,,
COST_2022Q3_earnings,earnings_sp500_2016_2025,COST,2022-07-19,earnings,neutral,down,False,0.18,0.5541,earnings_release → earnings_miss → guidance_cut,False,,
PG_2022Q3_earnings,earnings_sp500_2016_2025,PG,2022-07-19,earnings,neutral,down,False,0.12,0.5541,earnings_release → earnings_miss → guidance_cut,False,,
UNP_2022Q3_earnings,earnings_sp500_2016_2025,UNP,2022-07-19,earnings,up,neutral,False,3.16,0.0749,earnings_release → earnings_beat → sector_etf_movement → institutional_rebalance,False,,
ABT_2022Q3_earnings,earnings_sp500_2016_2025,ABT,2022-07-20,earnings,down,down,True,0.36,0.5541,earnings_release → earnings_miss → guidance_cut,False,,
COIN_2022Q3_earnings,earnings_sp500_2016_2025,COIN,2022-07-20,earnings,up,neutral,False,14.24,0.0749,earnings_release → earnings_beat → sector_etf_movement → institutional_rebalance,False,,
MDT_2022Q3_earnings,earnings_sp500_2016_2025,MDT,2022-07-20,earnings,down,down,True,0.28,0.5541,earnings_release → earnings_miss → guidance_cut,False,,
SHOP_2022Q3_earnings,earnings_sp500_2016_2025,SHOP,2022-07-20,earnings,up,neutral,False,11.9,0.0749,earnings_release → earnings_beat → sector_etf_movement → institutional_rebalance,False,,
AMZN_2022Q3_earnings,earnings_sp500_2016_2025,AMZN,2022-07-21,earnings,up,neutral,False,1.51,0.0749,earnings_release → earnings_beat → sector_etf_movement → institutional_rebalance,False,,
NFLX_2022Q3_earnings,earnings_sp500_2016_2025,NFLX,2022-07-21,earnings,up,neutral,False,3.42,0.0749,earnings_release → earnings_beat → sector_etf_movement → institutional_rebalance,False,,
RTX_2022Q3_earnings,earnings_sp500_2016_2025,RTX,2022-07-21,earnings,neutral,down,False,0.01,0.5541,earnings_release → earnings_miss → guidance_cut,False,,
V_2022Q3_earnings,earnings_sp500_2016_2025,V,2022-07-21,earnings,up,neutral,False,1.31,0.0749,earnings_release → earnings_beat → sector_etf_movement → institutional_rebalance,False,,
CDNS_2022Q3_earnings,earnings_sp500_2016_2025,CDNS,2022-07-22,earnings,neutral,down,False,0.14,0.5541,earnings_release → earnings_miss → guidance_cut,False,,
ACN_2022Q3_earnings,earnings_sp500_2016_2025,ACN,2022-07-23,earnings,up,neutral,False,3.48,0.0749,earnings_release → earnings_beat → sector_etf_movement → institutional_rebalance,True,,
ADBE_2022Q3_earnings,earnings_sp500_2016_2025,ADBE,2022-07-23,earnings,neutral,down,False,0.05,0.5541,earnings_release → earnings_miss → guidance_cut,True,,
AMD_2022Q3_earnings,earnings_sp500_2016_2025,AMD,2022-07-23,earnings,down,down,True,3.8,0.5541,earnings_release → earnings_miss → guidance_cut,True,,
AXP_2022Q3_earnings,earnings_sp500_2016_2025,AXP,2022-07-23,earnings,neutral,down,False,0.05,0.5541,earnings_release → earnings_miss → guidance_cut,True,,
LOW_2022Q3_earnings,earnings_sp500_2016_2025,LOW,2022-07-23,earnings,up,neutral,False,11.42,0.0749,earnings_release → earnings_beat → sector_etf_movement → institutional_rebalance,True,,
BKNG_2022Q3_earnings,earnings_sp500_2016_2025,BKNG,2022-07-24,earnings,neutral,down,False,0.23,0.5541,earnings_release → earnings_miss → guidance_cut,True,,
GE_2022Q3_earnings,earnings_sp500_2016_2025,GE,2022-07-24,earnings,neutral,down,False,0.14,0.5541,earnings_release → earnings_miss → guidance_cut,True,,
IBM_2022Q3_earnings,earnings_sp500_2016_2025,IBM,2022-07-24,earnings,down,down,True,1.04,0.5541,earnings_release → earnings_miss → guidance_cut,True,,
LRCX_2022Q3_earnings,earnings_sp500_2016_2025,LRCX,2022-07-24,earnings,down,down,True,1.04,0.5541,earnings_release → earnings_miss → guidance_cut,True,,
shop_2022q2_earnings,earnings_sp500_2016_2025,SHOP,2022-07-27,earnings,up,down,False,2.12,0.7138,earnings_release → earnings_miss → guidance_cut,False,,
COIN_2022Q4_earnings,earnings_sp500_2016_2025,COIN,2022-10-05,earnings,down,down,True,0.47,0.5541,earnings_release → earnings_miss → guidance_cut,False,,
CSCO_2022Q4_earnings,earnings_sp500_2016_2025,CSCO,2022-10-05,earnings,neutral,down,False,0.09,0.5541,earnings_release → earnings_miss → guidance_cut,False,,
RTX_2022Q4_earnings,earnings_sp500_2016_2025,RTX,2022-10-05,earnings,neutral,down,False,0.09,0.5541,earnings_release → earnings_miss → guidance_cut,False,,
TMO_2022Q4_earnings,earnings_sp500_2016_2025,TMO,2022-10-05,earnings,up,neutral,False,1.16,0.0749,earnings_release → earnings_beat → sector_etf_movement → institutional_rebalance,False,,
UBER_2022Q4_earnings,earnings_sp500_2016_2025,UBER,2022-10-05,earnings,neutral,down,False,0.01,0.5541,earnings_release → earnings_miss → guidance_cut,False,,
ABBV_2022Q4_earnings,earnings_sp500_2016_2025,ABBV,2022-10-06,earnings,down,down,True,0.49,0.5541,earnings_release → earnings_miss → guidance_cut,False,,
ABNB_2022Q4_earnings,earnings_sp500_2016_2025,ABNB,2022-10-06,earnings,neutral,down,False,0.04,0.5541,earnings_release → earnings_miss → guidance_cut,False,,
ADBE_2022Q4_earnings,earnings_sp500_2016_2025,ADBE,2022-10-06,earnings,neutral,down,False,0.08,0.5541,earnings_release → earnings_miss → guidance_cut,False,,
LRCX_2022Q4_earnings,earnings_sp500_2016_2025,LRCX,2022-10-06,earnings,neutral,down,False,0.13,0.5541,earnings_release → earnings_miss → guidance_cut,False,,
SQ_2022Q4_earnings,earnings_sp500_2016_2025,SQ,2022-10-06,earnings,neutral,down,False,0.05,0.5541,earnings_release → earnings_miss → guidance_cut,True,,
CAT_2022Q4_earnings,earnings_sp500_2016_2025,CAT,2022-10-07,earnings,neutral,down,False,0.16,0.5541,earnings_release → earnings_miss → guidance_cut,False,,
DOCU_2022Q4_earnings,earnings_sp500_2016_2025,DOCU,2022-10-07,earnings,down,down,True,1.67,0.5541,earnings_release → earnings_miss → guidance_cut,False,,
HD_2022Q4_earnings,earnings_sp500_2016_2025,HD,2022-10-07,earnings,down,down,True,0.48,0.5541,earnings_release → earnings_miss → guidance_cut,False,,
META_2022Q4_earnings,earnings_sp500_2016_2025,META,2022-10-07,earnings,down,down,True,0.93,0.5541,earnings_release → earnings_miss → guidance_cut,False,,
WFC_2022Q4_earnings,earnings_sp500_2016_2025,WFC,2022-10-07,earnings,down,down,True,0.25,0.5541,earnings_release → earnings_miss → guidance_cut,False,,
GOOGL_2022Q4_earnings,earnings_sp500_2016_2025,GOOGL,2022-10-08,earnings,down,down,True,1.5,0.5541,earnings_release → earnings_miss → guidance_cut,True,,
ISRG_2022Q4_earnings,earnings_sp500_2016_2025,ISRG,2022-10-08,earnings,up,neutral,False,7.45,0.0749,earnings_release → earnings_beat → sector_etf_movement → institutional_rebalance,True,,
MS_2022Q4_earnings,earnings_sp500_2016_2025,MS,2022-10-08,earnings,up,neutral,False,4.47,0.0749,earnings_release → earnings_beat → sector_etf_movement → institutional_rebalance,True,,
SPGI_2022Q4_earnings,earnings_sp500_2016_2025,SPGI,2022-10-08,earnings,neutral,down,False,0.14,0.5541,earnings_release → earnings_miss → guidance_cut,True,,
COST_2022Q4_earnings,earnings_sp500_2016_2025,COST,2022-10-09,earnings,up,neutral,False,3.48,0.0749,earnings_release → earnings_beat → sector_etf_movement → institutional_rebalance,True,,
LOW_2022Q4_earnings,earnings_sp500_2016_2025,LOW,2022-10-09,earnings,up,neutral,False,8.44,0.0749,earnings_release → earnings_beat → sector_etf_movement → institutional_rebalance,True,,
AMD_2022Q4_earnings,earnings_sp500_2016_2025,AMD,2022-10-10,earnings,down,down,True,0.25,0.5541,earnings_release → earnings_miss → guidance_cut,False,,
AVGO_2022Q4_earnings,earnings_sp500_2016_2025,AVGO,2022-10-10,earnings,down,down,True,1.14,0.5541,earnings_release → earnings_miss → guidance_cut,False,,
CRM_2022Q4_earnings,earnings_sp500_2016_2025,CRM,2022-10-10,earnings,down,down,True,0.71,0.5541,earnings_release → earnings_miss → guidance_cut,False,,
NFLX_2022Q4_earnings,earnings_sp500_2016_2025,NFLX,2022-10-10,earnings,up,neutral,False,2.31,0.0749,earnings_release → earnings_beat → sector_etf_movement → institutional_rebalance,False,,
TSLA_2022Q4_earnings,earnings_sp500_2016_2025,TSLA,2022-10-10,earnings,neutral,down,False,0.01,0.5541,earnings_release → earnings_miss → guidance_cut,False,,
AXP_2022Q4_earnings,earnings_sp500_2016_2025,AXP,2022-10-11,earnings,neutral,down,False,0.03,0.5541,earnings_release → earnings_miss → guidance_cut,False,,
MRK_2022Q4_earnings,earnings_sp500_2016_2025,MRK,2022-10-11,earnings,neutral,down,False,0.15,0.5541,earnings_release → earnings_miss → guidance_cut,False,,
ABT_2022Q4_earnings,earnings_sp500_2016_2025,ABT,2022-10-12,earnings,down,down,True,0.38,0.5541,earnings_release → earnings_miss → guidance_cut,False,,
REGN_2022Q4_earnings,earnings_sp500_2016_2025,REGN,2022-10-12,earnings,down,down,True,0.29,0.5541,earnings_release → earnings_miss → guidance_cut,False,,
UPS_2022Q4_earnings,earnings_sp500_2016_2025,UPS,2022-10-12,earnings,neutral,down,False,0.01,0.5541,earnings_release → earnings_miss → guidance_cut,False,,
KO_2022Q4_earnings,earnings_sp500_2016_2025,KO,2022-10-13,earnings,up,neutral,False,1.31,0.0749,earnings_release → earnings_beat → sector_etf_movement → institutional_rebalance,False,,
SNAP_2022Q4_earnings,earnings_sp500_2016_2025,SNAP,2022-10-13,earnings,neutral,down,False,0.15,0.5541,earnings_release → earnings_miss → guidance_cut,False,,
DHR_2022Q4_earnings,earnings_sp500_2016_2025,DHR,2022-10-14,earnings,down,down,True,0.32,0.5541,earnings_release → earnings_miss → guidance_cut,False,,
DIS_2022Q4_earnings,earnings_sp500_2016_2025,DIS,2022-10-14,earnings,down,down,True,0.52,0.5541,earnings_release → earnings_miss → guidance_cut,False,,
AMAT_2022Q4_earnings,earnings_sp500_2016_2025,AMAT,2022-10-15,earnings,up,neutral,False,6.45,0.0749,earnings_release → earnings_beat → sector_etf_movement → institutional_rebalance,True,,
MDT_2022Q4_earnings,earnings_sp500_2016_2025,MDT,2022-10-15,earnings,down,down,True,3.34,0.5541,earnings_release → earnings_miss → guidance_cut,True,,
QCOM_2022Q4_earnings,earnings_sp500_2016_2025,QCOM,2022-10-15,earnings,up,neutral,False,10.43,0.0749,earnings_release → earnings_beat → sector_etf_movement → institutional_rebalance,True,,
ROKU_2022Q4_earnings,earnings_sp500_2016_2025,ROKU,2022-10-15,earnings,down,down,True,1.73,0.5541,earnings_release → earnings_miss → guidance_cut,True,,
SNPS_2022Q4_earnings,earnings_sp500_2016_2025,SNPS,2022-10-15,earnings,up,neutral,False,14.4,0.0749,earnings_release → earnings_beat → sector_etf_movement → institutional_rebalance,True,,
WMT_2022Q4_earnings,earnings_sp500_2016_2025,WMT,2022-10-15,earnings,down,down,True,0.81,0.5541,earnings_release → earnings_miss → guidance_cut,True,,
AAPL_2022Q4_earnings,earnings_sp500_2016_2025,AAPL,2022-10-16,earnings,neutral,down,False,0.14,0.5541,earnings_release → earnings_miss → guidance_cut,True,,
ACN_2022Q4_earnings,earnings_sp500_2016_2025,ACN,2022-10-16,earnings,neutral,down,False,0.14,0.5541,earnings_release → earnings_miss → guidance_cut,True,,
GE_2022Q4_earnings,earnings_sp500_2016_2025,GE,2022-10-16,earnings,down,down,True,3.34,0.5541,earnings_release → earnings_miss → guidance_cut,True,,
MSFT_2022Q4_earnings,earnings_sp500_2016_2025,MSFT,2022-10-16,earnings,down,down,True,2.19,0.5541,earnings_release → earnings_miss → guidance_cut,True,,
GS_2022Q4_earnings,earnings_sp500_2016_2025,GS,2022-10-17,earnings,up,neutral,False,2.22,0.0749,earnings_release → earnings_beat → sector_etf_movement → institutional_rebalance,False,,
NVDA_2022Q4_earnings,earnings_sp500_2016_2025,NVDA,2022-10-17,earnings,up,neutral,False,5.85,0.0749,earnings_release → earnings_beat → sector_etf_movement → institutional_rebalance,False,,
ZM_2022Q4_earnings,earnings_sp500_2016_2025,ZM,2022-10-17,earnings,up,neutral,False,6.05,0.0749,earnings_release → earnings_beat → sector_etf_movement → institutional_rebalance,False,,
BRK.B_2022Q4_earnings,earnings_sp500_2016_2025,BRK.B,2022-10-18,earnings,up,neutral,False,1.67,0.0749,earnings_release → earnings_beat → sector_etf_movement → institutional_rebalance,False,,
PEP_2022Q4_earnings,earnings_sp500_2016_2025,PEP,2022-10-18,earnings,up,neutral,False,1.34,0.0749,earnings_release → earnings_beat → sector_etf_movement → institutional_rebalance,False,,
TXN_2022Q4_earnings,earnings_sp500_2016_2025,TXN,2022-10-18,earnings,neutral,down,False,0.08,0.5541,earnings_release → earnings_miss → guidance_cut,False,,
VRTX_2022Q4_earnings,earnings_sp500_2016_2025,VRTX,2022-10-18,earnings,up,neutral,False,1.05,0.0749,earnings_release → earnings_beat → sector_etf_movement → institutional_rebalance,False,,
CDNS_2022Q4_earnings,earnings_sp500_2016_2025,CDNS,2022-10-19,earnings,down,down,True,0.27,0.5541,earnings_release → earnings_miss → guidance_cut,False,,
JPM_2022Q4_earnings,earnings_sp500_2016_2025,JPM,2022-10-19,earnings,down,down,True,0.45,0.5541,earnings_release → earnings_miss → guidance_cut,False,,
XOM_2022Q4_earnings,earnings_sp500_2016_2025,XOM,2022-10-19,earnings,up,neutral,False,2.95,0.0749,earnings_release → earnings_beat → sector_etf_movement → institutional_rebalance,False,,
snap_2022q3_earnings,earnings_sp500_2016_2025,SNAP,2022-10-20,earnings,neutral,down,False,3.51,0.7683,earnings_release → earnings_miss → guidance_cut → analyst_downgrade → institutional_rebalance,False,,
BLK_2022Q4_earnings,earnings_sp500_2016_2025,BLK,2022-10-21,earnings,up,neutral,False,4.32,0.0749,earnings_release → earnings_beat → sector_etf_movement → institutional_rebalance,False,,
JNJ_2022Q4_earnings,earnings_sp500_2016_2025,JNJ,2022-10-21,earnings,up,neutral,False,2.16,0.0749,earnings_release → earnings_beat → sector_etf_movement → institutional_rebalance,False,,
PYPL_2022Q4_earnings,earnings_sp500_2016_2025,PYPL,2022-10-21,earnings,neutral,down,False,0.23,0.5541,earnings_release → earnings_miss → guidance_cut,False,,
AMZN_2022Q4_earnings,earnings_sp500_2016_2025,AMZN,2022-10-22,earnings,neutral,down,False,0.14,0.5541,earnings_release → earnings_miss → guidance_cut,True,,
BA_2022Q4_earnings,earnings_sp500_2016_2025,BA,2022-10-22,earnings,up,neutral,False,11.42,0.0749,earnings_release → earnings_beat → sector_etf_movement → institutional_rebalance,True,,
BKNG_2022Q4_earnings,earnings_sp500_2016_2025,BKNG,2022-10-22,earnings,up,neutral,False,11.42,0.0749,earnings_release → earnings_beat → sector_etf_movement → institutional_rebalance,True,,
HON_2022Q4_earnings,earnings_sp500_2016_2025,HON,2022-10-22,earnings,neutral,down,False,0.23,0.5541,earnings_release → earnings_miss → guidance_cut,True,,
INTC_2022Q4_earnings,earnings_sp500_2016_2025,INTC,2022-10-22,earnings,down,down,True,1.5,0.5541,earnings_release → earnings_miss → guidance_cut,True,,
NKE_2022Q4_earnings,earnings_sp500_2016_2025,NKE,2022-10-22,earnings,neutral,down,False,0.23,0.5541,earnings_release → earnings_miss → guidance_cut,True,,
SBUX_2022Q4_earnings,earnings_sp500_2016_2025,SBUX,2022-10-22,earnings,neutral,down,False,0.05,0.5541,earnings_release → earnings_miss → guidance_cut,True,,
UNH_2022Q4_earnings,earnings_sp500_2016_2025,UNH,2022-10-22,earnings,down,down,True,1.5,0.5541,earnings_release → earnings_miss → guidance_cut,True,,
ADI_2022Q4_earnings,earnings_sp500_2016_2025,ADI,2022-10-23,earnings,up,neutral,False,5.46,0.0749,earnings_release → earnings_beat → sector_etf_movement → institutional_rebalance,True,,
MA_2022Q4_earnings,earnings_sp500_2016_2025,MA,2022-10-23,earnings,up,neutral,False,5.46,0.0749,earnings_release → earnings_beat → sector_etf_movement → institutional_rebalance,True,,
MCD_2022Q4_earnings,earnings_sp500_2016_2025,MCD,2022-10-23,earnings,down,down,True,2.88,0.5541,earnings_release → earnings_miss → guidance_cut,True,,
PG_2022Q4_earnings,earnings_sp500_2016_2025,PG,2022-10-23,earnings,neutral,down,False,0.05,0.5541,earnings_release → earnings_miss → guidance_cut,True,,
UNP_2022Q4_earnings,earnings_sp500_2016_2025,UNP,2022-10-23,earnings,down,down,True,3.34,0.5541,earnings_release → earnings_miss → guidance_cut,True,,
CMCSA_2022Q4_earnings,earnings_sp500_2016_2025,CMCSA,2022-10-24,earnings,up,neutral,False,1.96,0.0749,earnings_release → earnings_beat → sector_etf_movement → institutional_rebalance,False,,
SHOP_2022Q4_earnings,earnings_sp500_2016_2025,SHOP,2022-10-24,earnings,down,down,True,0.77,0.5541,earnings_release → earnings_miss → guidance_cut,False,,
V_2022Q4_earnings,earnings_sp500_2016_2025,V,2022-10-24,earnings,neutral,down,False,0.04,0.5541,earnings_release → earnings_miss → guidance_cut,False,,
CSCO_2023Q1_earnings,earnings_sp500_2016_2025,CSCO,2023-01-05,earnings,down,down,True,0.32,0.5541,earnings_release → earnings_miss → guidance_cut,False,,
SHOP_2023Q1_earnings,earnings_sp500_2016_2025,SHOP,2023-01-05,earnings,down,down,True,0.98,0.5541,earnings_release → earnings_miss → guidance_cut,False,,
ADI_2023Q1_earnings,earnings_sp500_2016_2025,ADI,2023-01-06,earnings,up,neutral,False,3.62,0.0749,earnings_release → earnings_beat → sector_etf_movement → institutional_rebalance,False,,
COST_2023Q1_earnings,earnings_sp500_2016_2025,COST,2023-01-06,earnings,up,neutral,False,7.21,0.0749,earnings_release → earnings_beat → sector_etf_movement → institutional_rebalance,False,,
CRM_2023Q1_earnings,earnings_sp500_2016_2025,CRM,2023-01-06,earnings,up,neutral,False,3.04,0.0749,earnings_release → earnings_beat → sector_etf_movement → institutional_rebalance,False,,
CVX_2023Q1_earnings,earnings_sp500_2016_2025,CVX,2023-01-06,earnings,neutral,down,False,0.17,0.5541,earnings_release → earnings_miss → guidance_cut,False,,
MRK_2023Q1_earnings,earnings_sp500_2016_2025,MRK,2023-01-06,earnings,up,neutral,False,1.05,0.0749,earnings_release → earnings_beat → sector_etf_movement → institutional_rebalance,False,,
VZ_2023Q1_earnings,earnings_sp500_2016_2025,VZ,2023-01-06,earnings,up,neutral,False,1.17,0.0749,earnings_release → earnings_beat → sector_etf_movement → institutional_rebalance,False,,
AAPL_2023Q1_earnings,earnings_sp500_2016_2025,AAPL,2023-01-07,earnings,down,down,True,2.65,0.5541,earnings_release → earnings_miss → guidance_cut,True,,
MSFT_2023Q1_earnings,earnings_sp500_2016_2025,MSFT,2023-01-07,earnings,neutral,down,False,0.14,0.5541,earnings_release → earnings_miss → guidance_cut,True,,
TMO_2023Q1_earnings,earnings_sp500_2016_2025,TMO,2023-01-07,earnings,down,down,True,1.5,0.5541,earnings_release → earnings_miss → guidance_cut,True,,
UBER_2023Q1_earnings,earnings_sp500_2016_2025,UBER,2023-01-07,earnings,up,neutral,False,10.43,0.0749,earnings_release → earnings_beat → sector_etf_movement → institutional_rebalance,True,,
AXP_2023Q1_earnings,earnings_sp500_2016_2025,AXP,2023-01-08,earnings,up,neutral,False,11.42,0.0749,earnings_release → earnings_beat → sector_etf_movement → institutional_rebalance,True,,
JNJ_2023Q1_earnings,earnings_sp500_2016_2025,JNJ,2023-01-08,earnings,down,down,True,2.42,0.5541,earnings_release → earnings_miss → guidance_cut,True,,
RTX_2023Q1_earnings,earnings_sp500_2016_2025,RTX,2023-01-08,earnings,neutral,down,False,0.05,0.5541,earnings_release → earnings_miss → guidance_cut,True,,
GILD_2023Q1_earnings,earnings_sp500_2016_2025,GILD,2023-01-09,earnings,down,down,True,0.78,0.5541,earnings_release → earnings_miss → guidance_cut,False,,
ISRG_2023Q1_earnings,earnings_sp500_2016_2025,ISRG,2023-01-09,earnings,down,down,True,0.47,0.5541,earnings_release → earnings_miss → guidance_cut,False,,
MCD_2023Q1_earnings,earnings_sp500_2016_2025,MCD,2023-01-09,earnings,neutral,down,False,0.19,0.5541,earnings_release → earnings_miss → guidance_cut,False,,
PANW_2023Q1_earnings,earnings_sp500_2016_2025,PANW,2023-01-09,earnings,neutral,down,False,0.04,0.5541,earnings_release → earnings_miss → guidance_cut,False,,
UNP_2023Q1_earnings,earnings_sp500_2016_2025,UNP,2023-01-09,earnings,neutral,down,False,0.06,0.5541,earnings_release → earnings_miss → guidance_cut,False,,
BLK_2023Q1_earnings,earnings_sp500_2016_2025,BLK,2023-01-10,earnings,neutral,down,False,0.13,0.5541,earnings_release → earnings_miss → guidance_cut,False,,
MDT_2023Q1_earnings,earnings_sp500_2016_2025,MDT,2023-01-10,earnings,up,neutral,False,1.73,0.0749,earnings_release → earnings_beat → sector_etf_movement → institutional_rebalance,False,,
ROKU_2023Q1_earnings,earnings_sp500_2016_2025,ROKU,2023-01-10,earnings,up,neutral,False,4.24,0.0749,earnings_release → earnings_beat → sector_etf_movement → institutional_rebalance,False,,
XOM_2023Q1_earnings,earnings_sp500_2016_2025,XOM,2023-01-10,earnings,up,neutral,False,1.48,0.0749,earnings_release → earnings_beat → sector_etf_movement → institutional_rebalance,False,,
AMD_2023Q1_earnings,earnings_sp500_2016_2025,AMD,2023-01-11,earnings,up,neutral,False,1.47,0.0749,earnings_release → earnings_beat → sector_etf_movement → institutional_rebalance,False,,
REGN_2023Q1_earnings,earnings_sp500_2016_2025,REGN,2023-01-11,earnings,up,neutral,False,1.56,0.0749,earnings_release → earnings_beat → sector_etf_movement → institutional_rebalance,False,,
V_2023Q1_earnings,earnings_sp500_2016_2025,V,2023-01-11,earnings,neutral,down,False,0.11,0.5541,earnings_release → earnings_miss → guidance_cut,False,,
HON_2023Q1_earnings,earnings_sp500_2016_2025,HON,2023-01-12,earnings,up,neutral,False,1.72,0.0749,earnings_release → earnings_beat → sector_etf_movement → institutional_rebalance,False,,
SBUX_2023Q1_earnings,earnings_sp500_2016_2025,SBUX,2023-01-12,earnings,neutral,down,False,0.1,0.5541,earnings_release → earnings_miss → guidance_cut,False,,
VRTX_2023Q1_earnings,earnings_sp500_2016_2025,VRTX,2023-01-12,earnings,up,neutral,False,1.36,0.0749,earnings_release → earnings_beat → sector_etf_movement → institutional_rebalance,False,,
ABNB_2023Q1_earnings,earnings_sp500_2016_2025,ABNB,2023-01-13,earnings,up,neutral,False,1.9,0.0749,earnings_release → earnings_beat → sector_etf_movement → institutional_rebalance,False,,
ABT_2023Q1_earnings,earnings_sp500_2016_2025,ABT,2023-01-13,earnings,up,neutral,False,1.92,0.0749,earnings_release → earnings_beat → sector_etf_movement → institutional_rebalance,False,,
INTC_2023Q1_earnings,earnings_sp500_2016_2025,INTC,2023-01-13,earnings,neutral,down,False,0.14,0.5541,earnings_release → earnings_miss → guidance_cut,False,,
ABBV_2023Q1_earnings,earnings_sp500_2016_2025,ABBV,2023-01-14,earnings,neutral,down,False,0.14,0.5541,earnings_release → earnings_miss → guidance_cut,True,,
GE_2023Q1_earnings,earnings_sp500_2016_2025,GE,2023-01-14,earnings,up,neutral,False,3.48,0.0749,earnings_release → earnings_beat → sector_etf_movement → institutional_rebalance,True,,
GOOGL_2023Q1_earnings,earnings_sp500_2016_2025,GOOGL,2023-01-14,earnings,up,neutral,False,5.46,0.0749,earnings_release → earnings_beat → sector_etf_movement → institutional_rebalance,True,,
PEP_2023Q1_earnings,earnings_sp500_2016_2025,PEP,2023-01-14,earnings,up,neutral,False,5.46,0.0749,earnings_release → earnings_beat → sector_etf_movement → institutional_rebalance,True,,
SNAP_2023Q1_earnings,earnings_sp500_2016_2025,SNAP,2023-01-14,earnings,neutral,down,False,0.14,0.5541,earnings_release → earnings_miss → guidance_cut,True,,
WMT_2023Q1_earnings,earnings_sp500_2016_2025,WMT,2023-01-14,earnings,neutral,down,False,0.05,0.5541,earnings_release → earnings_miss → guidance_cut,True,,
HD_2023Q1_earnings,earnings_sp500_2016_2025,HD,2023-01-15,earnings,down,down,True,1.27,0.5541,earnings_release → earnings_miss → guidance_cut,True,,
KO_2023Q1_earnings,earnings_sp500_2016_2025,KO,2023-01-15,earnings,down,down,True,1.04,0.5541,earnings_release → earnings_miss → guidance_cut,True,,
QCOM_2023Q1_earnings,earnings_sp500_2016_2025,QCOM,2023-01-15,earnings,up,neutral,False,11.42,0.0749,earnings_release → earnings_beat → sector_etf_movement → institutional_rebalance,True,,
SNPS_2023Q1_earnings,earnings_sp500_2016_2025,SNPS,2023-01-15,earnings,neutral,down,False,0.14,0.5541,earnings_release → earnings_miss → guidance_cut,True,,
AMZN_2023Q1_earnings,earnings_sp500_2016_2025,AMZN,2023-01-16,earnings,neutral,down,False,0.23,0.5541,earnings_release → earnings_miss → guidance_cut,True,,
PG_2023Q1_earnings,earnings_sp500_2016_2025,PG,2023-01-16,earnings,up,neutral,False,6.45,0.0749,earnings_release → earnings_beat → sector_etf_movement → institutional_rebalance,True,,
PM_2023Q1_earnings,earnings_sp500_2016_2025,PM,2023-01-16,earnings,neutral,down,False,0.14,0.5541,earnings_release → earnings_miss → guidance_cut,True,,
WFC_2023Q1_earnings,earnings_sp500_2016_2025,WFC,2023-01-16,earnings,neutral,down,False,0.14,0.5541,earnings_release → earnings_miss → guidance_cut,True,,
AVGO_2023Q1_earnings,earnings_sp500_2016_2025,AVGO,2023-01-17,earnings,neutral,down,False,0.01,0.5541,earnings_release → earnings_miss → guidance_cut,False,,
NFLX_2023Q1_earnings,earnings_sp500_2016_2025,NFLX,2023-01-17,earnings,down,down,True,0.46,0.5541,earnings_release → earnings_miss → guidance_cut,False,,
UPS_2023Q1_earnings,earnings_sp500_2016_2025,UPS,2023-01-17,earnings,down,down,True,0.4,0.5541,earnings_release → earnings_miss → guidance_cut,False,,
DIS_2023Q1_earnings,earnings_sp500_2016_2025,DIS,2023-01-18,earnings,neutral,down,False,0.2,0.5541,earnings_release → earnings_miss → guidance_cut,False,,
NKE_2023Q1_earnings,earnings_sp500_2016_2025,NKE,2023-01-18,earnings,down,down,True,0.31,0.5541,earnings_release → earnings_miss → guidance_cut,False,,
NVDA_2023Q1_earnings,earnings_sp500_2016_2025,NVDA,2023-01-18,earnings,down,down,True,0.42,0.5541,earnings_release → earnings_miss → guidance_cut,False,,
BA_2023Q1_earnings,earnings_sp500_2016_2025,BA,2023-01-19,earnings,down,down,True,0.26,0.5541,earnings_release → earnings_miss → guidance_cut,False,,
CAT_2023Q1_earnings,earnings_sp500_2016_2025,CAT,2023-01-19,earnings,down,down,True,0.65,0.5541,earnings_release → earnings_miss → guidance_cut,False,,
DHR_2023Q1_earnings,earnings_sp500_2016_2025,DHR,2023-01-19,earnings,neutral,down,False,0.01,0.5541,earnings_release → earnings_miss → guidance_cut,False,,
DOCU_2023Q1_earnings,earnings_sp500_2016_2025,DOCU,2023-01-19,earnings,down,down,True,1.41,0.5541,earnings_release → earnings_miss → guidance_cut,False,,
LOW_2023Q1_earnings,earnings_sp500_2016_2025,LOW,2023-01-19,earnings,down,down,True,0.71,0.5541,earnings_release → earnings_miss → guidance_cut,False,,
META_2023Q1_earnings,earnings_sp500_2016_2025,META,2023-01-19,earnings,up,neutral,False,2.33,0.0749,earnings_release → earnings_beat → sector_etf_movement → institutional_rebalance,False,,
MS_2023Q1_earnings,earnings_sp500_2016_2025,MS,2023-01-19,earnings,down,down,True,0.58,0.5541,earnings_release → earnings_miss → guidance_cut,False,,
UNH_2023Q1_earnings,earnings_sp500_2016_2025,UNH,2023-01-19,earnings,up,neutral,False,1.7,0.0749,earnings_release → earnings_beat → sector_etf_movement → institutional_rebalance,False,,
ACN_2023Q1_earnings,earnings_sp500_2016_2025,ACN,2023-01-20,earnings,up,neutral,False,2.76,0.0749,earnings_release → earnings_beat → sector_etf_movement → institutional_rebalance,False,,
ADBE_2023Q1_earnings,earnings_sp500_2016_2025,ADBE,2023-01-20,earnings,up,neutral,False,4.01,0.0749,earnings_release → earnings_beat → sector_etf_movement → institutional_rebalance,False,,
SPGI_2023Q1_earnings,earnings_sp500_2016_2025,SPGI,2023-01-20,earnings,up,neutral,False,1.91,0.0749,earnings_release → earnings_beat → sector_etf_movement → institutional_rebalance,False,,
ZM_2023Q1_earnings,earnings_sp500_2016_2025,ZM,2023-01-20,earnings,up,neutral,False,3.96,0.0749,earnings_release → earnings_beat → sector_etf_movement → institutional_rebalance,False,,
LRCX_2023Q1_earnings,earnings_sp500_2016_2025,LRCX,2023-01-21,earnings,neutral,down,False,0.14,0.5541,earnings_release → earnings_miss → guidance_cut,True,,
SQ_2023Q1_earnings,earnings_sp500_2016_2025,SQ,2023-01-21,earnings,down,down,True,2.88,0.5541,earnings_release → earnings_miss → guidance_cut,True,,
BKNG_2023Q1_earnings,earnings_sp500_2016_2025,BKNG,2023-01-22,earnings,up,neutral,False,2.48,0.0749,earnings_release → earnings_beat → sector_etf_movement → institutional_rebalance,True,,
CDNS_2023Q1_earnings,earnings_sp500_2016_2025,CDNS,2023-01-22,earnings,down,down,True,1.96,0.5541,earnings_release → earnings_miss → guidance_cut,True,,
CMCSA_2023Q1_earnings,earnings_sp500_2016_2025,CMCSA,2023-01-22,earnings,neutral,down,False,0.14,0.5541,earnings_release → earnings_miss → guidance_cut,True,,
GS_2023Q1_earnings,earnings_sp500_2016_2025,GS,2023-01-22,earnings,up,neutral,False,14.4,0.0749,earnings_release → earnings_beat → sector_etf_movement → institutional_rebalance,True,,
IBM_2023Q1_earnings,earnings_sp500_2016_2025,IBM,2023-01-22,earnings,neutral,down,False,0.14,0.5541,earnings_release → earnings_miss → guidance_cut,True,,
PYPL_2023Q1_earnings,earnings_sp500_2016_2025,PYPL,2023-01-22,earnings,down,down,True,1.27,0.5541,earnings_release → earnings_miss → guidance_cut,True,,
JPM_2023Q1_earnings,earnings_sp500_2016_2025,JPM,2023-01-23,earnings,up,neutral,False,1.61,0.0749,earnings_release → earnings_beat → sector_etf_movement → institutional_rebalance,False,,
MA_2023Q1_earnings,earnings_sp500_2016_2025,MA,2023-01-23,earnings,neutral,down,False,0.14,0.5541,earnings_release → earnings_miss → guidance_cut,False,,
AMAT_2023Q1_earnings,earnings_sp500_2016_2025,AMAT,2023-01-24,earnings,down,down,True,0.24,0.5541,earnings_release → earnings_miss → guidance_cut,False,,
BRK.B_2023Q1_earnings,earnings_sp500_2016_2025,BRK.B,2023-01-24,earnings,neutral,down,False,0.06,0.5541,earnings_release → earnings_miss → guidance_cut,False,,
COIN_2023Q1_earnings,earnings_sp500_2016_2025,COIN,2023-01-24,earnings,down,down,True,0.99,0.5541,earnings_release → earnings_miss → guidance_cut,False,,
TSLA_2023Q1_earnings,earnings_sp500_2016_2025,TSLA,2023-01-24,earnings,neutral,down,False,0.02,0.5541,earnings_release → earnings_miss → guidance_cut,False,,
TXN_2023Q1_earnings,earnings_sp500_2016_2025,TXN,2023-01-24,earnings,neutral,down,False,0.15,0.5541,earnings_release → earnings_miss → guidance_cut,False,,
meta_2022q4_earnings,earnings_sp500_2016_2025,META,2023-02-01,earnings,up,down,False,1.43,0.7384,earnings_release → earnings_miss → guidance_cut,False,,
AXP_2023Q2_earnings,earnings_sp500_2016_2025,AXP,2023-04-05,earnings,neutral,down,False,0.21,0.5541,earnings_release → earnings_miss → guidance_cut,False,,
COST_2023Q2_earnings,earnings_sp500_2016_2025,COST,2023-04-05,earnings,neutral,down,False,0.03,0.5541,earnings_release → earnings_miss → guidance_cut,False,,
META_2023Q2_earnings,earnings_sp500_2016_2025,META,2023-04-05,earnings,down,down,True,0.35,0.5541,earnings_release → earnings_miss → guidance_cut,False,,
PEP_2023Q2_earnings,earnings_sp500_2016_2025,PEP,2023-04-05,earnings,neutral,down,False,0.23,0.5541,earnings_release → earnings_miss → guidance_cut,False,,
PYPL_2023Q2_earnings,earnings_sp500_2016_2025,PYPL,2023-04-05,earnings,down,down,True,0.5,0.5541,earnings_release → earnings_miss → guidance_cut,False,,
SNAP_2023Q2_earnings,earnings_sp500_2016_2025,SNAP,2023-04-05,earnings,down,down,True,1.28,0.5541,earnings_release → earnings_miss → guidance_cut,False,,
WFC_2023Q2_earnings,earnings_sp500_2016_2025,WFC,2023-04-05,earnings,neutral,down,False,0.05,0.5541,earnings_release → earnings_miss → guidance_cut,False,,
BRK.B_2023Q2_earnings,earnings_sp500_2016_2025,BRK.B,2023-04-06,earnings,neutral,down,False,0.16,0.5541,earnings_release → earnings_miss → guidance_cut,False,,
CVX_2023Q2_earnings,earnings_sp500_2016_2025,CVX,2023-04-06,earnings,down,down,True,0.3,0.5541,earnings_release → earnings_miss → guidance_cut,False,,
MS_2023Q2_earnings,earnings_sp500_2016_2025,MS,2023-04-06,earnings,neutral,down,False,0.1,0.5541,earnings_release → earnings_miss → guidance_cut,False,,
SQ_2023Q2_earnings,earnings_sp500_2016_2025,SQ,2023-04-06,earnings,up,neutral,False,3.48,0.0749,earnings_release → earnings_beat → sector_etf_movement → institutional_rebalance,True,,
ZM_2023Q2_earnings,earnings_sp500_2016_2025,ZM,2023-04-06,earnings,up,neutral,False,1.04,0.0749,earnings_release → earnings_beat → sector_etf_movement → institutional_rebalance,False,,
GILD_2023Q2_earnings,earnings_sp500_2016_2025,GILD,2023-04-07,earnings,neutral,down,False,0.23,0.5541,earnings_release → earnings_miss → guidance_cut,True,,
UNH_2023Q2_earnings,earnings_sp500_2016_2025,UNH,2023-04-07,earnings,up,neutral,False,5.46,0.0749,earnings_release → earnings_beat → sector_etf_movement → institutional_rebalance,True,,
ABBV_2023Q2_earnings,earnings_sp500_2016_2025,ABBV,2023-04-08,earnings,down,down,True,4.49,0.5541,earnings_release → earnings_miss → guidance_cut,True,,
CDNS_2023Q2_earnings,earnings_sp500_2016_2025,CDNS,2023-04-08,earnings,down,down,True,3.57,0.5541,earnings_release → earnings_miss → guidance_cut,True,,
GE_2023Q2_earnings,earnings_sp500_2016_2025,GE,2023-04-08,earnings,up,neutral,False,11.42,0.0749,earnings_release → earnings_beat → sector_etf_movement → institutional_rebalance,True,,
JPM_2023Q2_earnings,earnings_sp500_2016_2025,JPM,2023-04-08,earnings,down,down,True,0.58,0.5541,earnings_release → earnings_miss → guidance_cut,True,,
MSFT_2023Q2_earnings,earnings_sp500_2016_2025,MSFT,2023-04-08,earnings,neutral,down,False,0.05,0.5541,earnings_release → earnings_miss → guidance_cut,True,,
TMO_2023Q2_earnings,earnings_sp500_2016_2025,TMO,2023-04-08,earnings,neutral,down,False,0.05,0.5541,earnings_release → earnings_miss → guidance_cut,True,,
GS_2023Q2_earnings,earnings_sp500_2016_2025,GS,2023-04-09,earnings,down,down,True,0.58,0.5541,earnings_release → earnings_miss → guidance_cut,True,,
IBM_2023Q2_earnings,earnings_sp500_2016_2025,IBM,2023-04-10,earnings,neutral,down,False,0.09,0.5541,earnings_release → earnings_miss → guidance_cut,False,,
LOW_2023Q2_earnings,earnings_sp500_2016_2025,LOW,2023-04-10,earnings,neutral,down,False,0.14,0.5541,earnings_release → earnings_miss → guidance_cut,False,,
BKNG_2023Q2_earnings,earnings_sp500_2016_2025,BKNG,2023-04-11,earnings,neutral,down,False,0.06,0.5541,earnings_release → earnings_miss → guidance_cut,False,,
TXN_2023Q2_earnings,earnings_sp500_2016_2025,TXN,2023-04-11,earnings,neutral,down,False,0.06,0.5541,earnings_release → earnings_miss → guidance_cut,False,,
ABNB_2023Q2_earnings,earnings_sp500_2016_2025,ABNB,2023-04-12,earnings,down,down,True,0.37,0.5541,earnings_release → earnings_miss → guidance_cut,False,,
BA_2023Q2_earnings,earnings_sp500_2016_2025,BA,2023-04-12,earnings,neutral,down,False,0.0,0.5541,earnings_release → earnings_miss → guidance_cut,False,,
HD_2023Q2_earnings,earnings_sp500_2016_2025,HD,2023-04-12,earnings,down,down,True,0.26,0.5541,earnings_release → earnings_miss → guidance_cut,False,,
MDT_2023Q2_earnings,earnings_sp500_2016_2025,MDT,2023-04-12,earnings,neutral,down,False,0.05,0.5541,earnings_release → earnings_miss → guidance_cut,False,,
MRK_2023Q2_earnings,earnings_sp500_2016_2025,MRK,2023-04-12,earnings,up,neutral,False,1.11,0.0749,earnings_release → earnings_beat → sector_etf_movement → institutional_rebalance,False,,
SBUX_2023Q2_earnings,earnings_sp500_2016_2025,SBUX,2023-04-12,earnings,neutral,down,False,0.03,0.5541,earnings_release → earnings_miss → guidance_cut,False,,
WMT_2023Q2_earnings,earnings_sp500_2016_2025,WMT,2023-04-12,earnings,neutral,down,False,0.11,0.5541,earnings_release → earnings_miss → guidance_cut,False,,
ABT_2023Q2_earnings,earnings_sp500_2016_2025,ABT,2023-04-13,earnings,up,neutral,False,1.01,0.0749,earnings_release → earnings_beat → sector_etf_movement → institutional_rebalance,False,,
ADI_2023Q2_earnings,earnings_sp500_2016_2025,ADI,2023-04-13,earnings,neutral,down,False,0.22,0.5541,earnings_release → earnings_miss → guidance_cut,False,,
LRCX_2023Q2_earnings,earnings_sp500_2016_2025,LRCX,2023-04-13,earnings,neutral,down,False,0.06,0.5541,earnings_release → earnings_miss → guidance_cut,False,,
ADBE_2023Q2_earnings,earnings_sp500_2016_2025,ADBE,2023-04-14,earnings,neutral,down,False,0.03,0.5541,earnings_release → earnings_miss → guidance_cut,False,,
JNJ_2023Q2_earnings,earnings_sp500_2016_2025,JNJ,2023-04-14,earnings,neutral,down,False,0.04,0.5541,earnings_release → earnings_miss → guidance_cut,False,,
REGN_2023Q2_earnings,earnings_sp500_2016_2025,REGN,2023-04-14,earnings,neutral,down,False,0.03,0.5541,earnings_release → earnings_miss → guidance_cut,False,,
RTX_2023Q2_earnings,earnings_sp500_2016_2025,RTX,2023-04-14,earnings,neutral,down,False,0.0,0.5541,earnings_release → earnings_miss → guidance_cut,False,,
ACN_2023Q2_earnings,earnings_sp500_2016_2025,ACN,2023-04-15,earnings,neutral,down,False,0.05,0.5541,earnings_release → earnings_miss → guidance_cut,True,,
CAT_2023Q2_earnings,earnings_sp500_2016_2025,CAT,2023-04-15,earnings,neutral,down,False,0.14,0.5541,earnings_release → earnings_miss → guidance_cut,True,,
DIS_2023Q2_earnings,earnings_sp500_2016_2025,DIS,2023-04-15,earnings,neutral,down,False,0.05,0.5541,earnings_release → earnings_miss → guidance_cut,True,,
HON_2023Q2_earnings,earnings_sp500_2016_2025,HON,2023-04-16,earnings,up,neutral,False,7.45,0.0749,earnings_release → earnings_beat → sector_etf_movement → institutional_rebalance,True,,
SNPS_2023Q2_earnings,earnings_sp500_2016_2025,SNPS,2023-04-16,earnings,neutral,down,False,0.05,0.5541,earnings_release → earnings_miss → guidance_cut,True,,
UNP_2023Q2_earnings,earnings_sp500_2016_2025,UNP,2023-04-16,earnings,up,neutral,False,6.45,0.0749,earnings_release → earnings_beat → sector_etf_movement → institutional_rebalance,True,,
VZ_2023Q2_earnings,earnings_sp500_2016_2025,VZ,2023-04-16,earnings,up,neutral,False,6.45,0.0749,earnings_release → earnings_beat → sector_etf_movement → institutional_rebalance,True,,
COIN_2023Q2_earnings,earnings_sp500_2016_2025,COIN,2023-04-17,earnings,down,down,True,0.72,0.5541,earnings_release → earnings_miss → guidance_cut,False,,
GOOGL_2023Q2_earnings,earnings_sp500_2016_2025,GOOGL,2023-04-17,earnings,down,down,True,0.61,0.5541,earnings_release → earnings_miss → guidance_cut,False,,
CRM_2023Q2_earnings,earnings_sp500_2016_2025,CRM,2023-04-18,earnings,neutral,down,False,0.17,0.5541,earnings_release → earnings_miss → guidance_cut,False,,
DOCU_2023Q2_earnings,earnings_sp500_2016_2025,DOCU,2023-04-18,earnings,neutral,down,False,0.23,0.5541,earnings_release → earnings_miss → guidance_cut,False,,
AMD_2023Q2_earnings,earnings_sp500_2016_2025,AMD,2023-04-19,earnings,neutral,down,False,0.04,0.5541,earnings_release → earnings_miss → guidance_cut,False,,
CMCSA_2023Q2_earnings,earnings_sp500_2016_2025,CMCSA,2023-04-19,earnings,neutral,down,False,0.01,0.5541,earnings_release → earnings_miss → guidance_cut,False,,
ISRG_2023Q2_earnings,earnings_sp500_2016_2025,ISRG,2023-04-19,earnings,up,neutral,False,10.8,0.0749,earnings_release → earnings_beat → sector_etf_movement → institutional_rebalance,False,,
PG_2023Q2_earnings,earnings_sp500_2016_2025,PG,2023-04-19,earnings,neutral,down,False,0.0,0.5541,earnings_release → earnings_miss → guidance_cut,False,,
TSLA_2023Q2_earnings,earnings_sp500_2016_2025,TSLA,2023-04-19,earnings,down,down,True,0.47,0.5541,earnings_release → earnings_miss → guidance_cut,False,,
V_2023Q2_earnings,earnings_sp500_2016_2025,V,2023-04-19,earnings,neutral,down,False,0.1,0.5541,earnings_release → earnings_miss → guidance_cut,False,,
CSCO_2023Q2_earnings,earnings_sp500_2016_2025,CSCO,2023-04-20,earnings,down,down,True,0.7,0.5541,earnings_release → earnings_miss → guidance_cut,False,,
QCOM_2023Q2_earnings,earnings_sp500_2016_2025,QCOM,2023-04-20,earnings,neutral,down,False,0.02,0.5541,earnings_release → earnings_miss → guidance_cut,False,,
KO_2023Q2_earnings,earnings_sp500_2016_2025,KO,2023-04-21,earnings,neutral,down,False,0.03,0.5541,earnings_release → earnings_miss → guidance_cut,False,,
MCD_2023Q2_earnings,earnings_sp500_2016_2025,MCD,2023-04-21,earnings,neutral,down,False,0.08,0.5541,earnings_release → earnings_miss → guidance_cut,False,,
SPGI_2023Q2_earnings,earnings_sp500_2016_2025,SPGI,2023-04-21,earnings,neutral,down,False,0.08,0.5541,earnings_release → earnings_miss → guidance_cut,False,,
UPS_2023Q2_earnings,earnings_sp500_2016_2025,UPS,2023-04-21,earnings,neutral,down,False,0.03,0.5541,earnings_release → earnings_miss → guidance_cut,False,,
AAPL_2023Q2_earnings,earnings_sp500_2016_2025,AAPL,2023-04-22,earnings,up,neutral,False,13.4,0.0749,earnings_release → earnings_beat → sector_etf_movement → institutional_rebalance,True,,
AMAT_2023Q2_earnings,earnings_sp500_2016_2025,AMAT,2023-04-22,earnings,down,down,True,0.58,0.5541,earnings_release → earnings_miss → guidance_cut,True,,
ROKU_2023Q2_earnings,earnings_sp500_2016_2025,ROKU,2023-04-22,earnings,down,down,True,2.65,0.5541,earnings_release → earnings_miss → guidance_cut,True,,
VRTX_2023Q2_earnings,earnings_sp500_2016_2025,VRTX,2023-04-22,earnings,neutral,down,False,0.14,0.5541,earnings_release → earnings_miss → guidance_cut,True,,
DHR_2023Q2_earnings,earnings_sp500_2016_2025,DHR,2023-04-23,earnings,down,down,True,1.27,0.5541,earnings_release → earnings_miss → guidance_cut,True,,
INTC_2023Q2_earnings,earnings_sp500_2016_2025,INTC,2023-04-23,earnings,neutral,down,False,0.14,0.5541,earnings_release → earnings_miss → guidance_cut,True,,
MA_2023Q2_earnings,earnings_sp500_2016_2025,MA,2023-04-23,earnings,down,down,True,2.65,0.5541,earnings_release → earnings_miss → guidance_cut,True,,
NFLX_2023Q2_earnings,earnings_sp500_2016_2025,NFLX,2023-04-23,earnings,neutral,down,False,0.23,0.5541,earnings_release → earnings_miss → guidance_cut,True,,
NVDA_2023Q2_earnings,earnings_sp500_2016_2025,NVDA,2023-04-23,earnings,up,neutral,False,5.46,0.0749,earnings_release → earnings_beat → sector_etf_movement → institutional_rebalance,True,,
PM_2023Q2_earnings,earnings_sp500_2016_2025,PM,2023-04-23,earnings,down,down,True,3.11,0.5541,earnings_release → earnings_miss → guidance_cut,True,,
UBER_2023Q2_earnings,earnings_sp500_2016_2025,UBER,2023-04-23,earnings,up,neutral,False,7.45,0.0749,earnings_release → earnings_beat → sector_etf_movement → institutional_rebalance,True,,
XOM_2023Q2_earnings,earnings_sp500_2016_2025,XOM,2023-04-23,earnings,down,down,True,4.03,0.5541,earnings_release → earnings_miss → guidance_cut,True,,
AMZN_2023Q2_earnings,earnings_sp500_2016_2025,AMZN,2023-04-24,earnings,neutral,down,False,0.16,0.5541,earnings_release → earnings_miss → guidance_cut,False,,
AVGO_2023Q2_earnings,earnings_sp500_2016_2025,AVGO,2023-04-24,earnings,neutral,down,False,0.06,0.5541,earnings_release → earnings_miss → guidance_cut,False,,
BLK_2023Q2_earnings,earnings_sp500_2016_2025,BLK,2023-04-24,earnings,neutral,down,False,0.23,0.5541,earnings_release → earnings_miss → guidance_cut,False,,
NKE_2023Q2_earnings,earnings_sp500_2016_2025,NKE,2023-04-24,earnings,up,neutral,False,1.23,0.0749,earnings_release → earnings_beat → sector_etf_movement → institutional_rebalance,False,,
PANW_2023Q2_earnings,earnings_sp500_2016_2025,PANW,2023-04-24,earnings,neutral,down,False,0.15,0.5541,earnings_release → earnings_miss → guidance_cut,False,,
SHOP_2023Q2_earnings,earnings_sp500_2016_2025,SHOP,2023-04-24,earnings,down,down,True,0.43,0.5541,earnings_release → earnings_miss → guidance_cut,False,,
ADBE_2023Q3_earnings,earnings_sp500_2016_2025,ADBE,2023-07-05,earnings,neutral,down,False,0.1,0.5541,earnings_release → earnings_miss → guidance_cut,False,,
CSCO_2023Q3_earnings,earnings_sp500_2016_2025,CSCO,2023-07-05,earnings,neutral,down,False,0.14,0.5541,earnings_release → earnings_miss → guidance_cut,False,,
CVX_2023Q3_earnings,earnings_sp500_2016_2025,CVX,2023-07-05,earnings,neutral,down,False,0.13,0.5541,earnings_release → earnings_miss → guidance_cut,False,,
GOOGL_2023Q3_earnings,earnings_sp500_2016_2025,GOOGL,2023-07-05,earnings,up,neutral,False,1.53,0.0749,earnings_release → earnings_beat → sector_etf_movement → institutional_rebalance,False,,
TXN_2023Q3_earnings,earnings_sp500_2016_2025,TXN,2023-07-05,earnings,down,down,True,0.41,0.5541,earnings_release → earnings_miss → guidance_cut,False,,
AMD_2023Q3_earnings,earnings_sp500_2016_2025,AMD,2023-07-06,earnings,neutral,down,False,0.09,0.5541,earnings_release → earnings_miss → guidance_cut,False,,
AVGO_2023Q3_earnings,earnings_sp500_2016_2025,AVGO,2023-07-06,earnings,down,down,True,0.37,0.5541,earnings_release → earnings_miss → guidance_cut,False,,
BRK.B_2023Q3_earnings,earnings_sp500_2016_2025,BRK.B,2023-07-06,earnings,neutral,down,False,0.01,0.5541,earnings_release → earnings_miss → guidance_cut,False,,
NKE_2023Q3_earnings,earnings_sp500_2016_2025,NKE,2023-07-06,earnings,down,down,True,0.43,0.5541,earnings_release → earnings_miss → guidance_cut,False,,
RTX_2023Q3_earnings,earnings_sp500_2016_2025,RTX,2023-07-06,earnings,neutral,down,False,0.04,0.5541,earnings_release → earnings_miss → guidance_cut,False,,
UNP_2023Q3_earnings,earnings_sp500_2016_2025,UNP,2023-07-06,earnings,neutral,down,False,0.16,0.5541,earnings_release → earnings_miss → guidance_cut,False,,
CRM_2023Q3_earnings,earnings_sp500_2016_2025,CRM,2023-07-07,earnings,neutral,down,False,0.06,0.5541,earnings_release → earnings_miss → guidance_cut,False,,
JPM_2023Q3_earnings,earnings_sp500_2016_2025,JPM,2023-07-07,earnings,neutral,down,False,0.18,0.5541,earnings_release → earnings_miss → guidance_cut,False,,
LOW_2023Q3_earnings,earnings_sp500_2016_2025,LOW,2023-07-07,earnings,neutral,down,False,0.05,0.5541,earnings_release → earnings_miss → guidance_cut,False,,
MCD_2023Q3_earnings,earnings_sp500_2016_2025,MCD,2023-07-07,earnings,neutral,down,False,0.22,0.5541,earnings_release → earnings_miss → guidance_cut,False,,
QCOM_2023Q3_earnings,earnings_sp500_2016_2025,QCOM,2023-07-07,earnings,neutral,down,False,0.14,0.5541,earnings_release → earnings_miss → guidance_cut,False,,
SNAP_2023Q3_earnings,earnings_sp500_2016_2025,SNAP,2023-07-07,earnings,down,down,True,0.44,0.5541,earnings_release → earnings_miss → guidance_cut,False,,
ABNB_2023Q3_earnings,earnings_sp500_2016_2025,ABNB,2023-07-08,earnings,down,down,True,1.27,0.5541,earnings_release → earnings_miss → guidance_cut,True,,
ACN_2023Q3_earnings,earnings_sp500_2016_2025,ACN,2023-07-08,earnings,up,neutral,False,6.45,0.0749,earnings_release → earnings_beat → sector_etf_movement → institutional_rebalance,True,,
AMZN_2023Q3_earnings,earnings_sp500_2016_2025,AMZN,2023-07-08,earnings,up,neutral,False,10.43,0.0749,earnings_release → earnings_beat → sector_etf_movement → institutional_rebalance,True,,
BLK_2023Q3_earnings,earnings_sp500_2016_2025,BLK,2023-07-08,earnings,neutral,down,False,0.05,0.5541,earnings_release → earnings_miss → guidance_cut,True,,
COST_2023Q3_earnings,earnings_sp500_2016_2025,COST,2023-07-08,earnings,neutral,down,False,0.23,0.5541,earnings_release → earnings_miss → guidance_cut,True,,
PG_2023Q3_earnings,earnings_sp500_2016_2025,PG,2023-07-08,earnings,up,neutral,False,7.45,0.0749,earnings_release → earnings_beat → sector_etf_movement → institutional_rebalance,True,,
MA_2023Q3_earnings,earnings_sp500_2016_2025,MA,2023-07-09,earnings,neutral,down,False,0.23,0.5541,earnings_release → earnings_miss → guidance_cut,True,,
PEP_2023Q3_earnings,earnings_sp500_2016_2025,PEP,2023-07-09,earnings,up,neutral,False,14.4,0.0749,earnings_release → earnings_beat → sector_etf_movement → institutional_rebalance,True,,
SBUX_2023Q3_earnings,earnings_sp500_2016_2025,SBUX,2023-07-09,earnings,neutral,down,False,0.14,0.5541,earnings_release → earnings_miss → guidance_cut,True,,
ABT_2023Q3_earnings,earnings_sp500_2016_2025,ABT,2023-07-11,earnings,neutral,down,False,0.1,0.5541,earnings_release → earnings_miss → guidance_cut,False,,
CMCSA_2023Q3_earnings,earnings_sp500_2016_2025,CMCSA,2023-07-11,earnings,neutral,down,False,0.09,0.5541,earnings_release → earnings_miss → guidance_cut,False,,
ISRG_2023Q3_earnings,earnings_sp500_2016_2025,ISRG,2023-07-11,earnings,neutral,down,False,0.08,0.5541,earnings_release → earnings_miss → guidance_cut,False,,
META_2023Q3_earnings,earnings_sp500_2016_2025,META,2023-07-11,earnings,up,neutral,False,1.41,0.0749,earnings_release → earnings_beat → sector_etf_movement → institutional_rebalance,False,,
NVDA_2023Q3_earnings,earnings_sp500_2016_2025,NVDA,2023-07-11,earnings,neutral,down,False,0.12,0.5541,earnings_release → earnings_miss → guidance_cut,False,,
GE_2023Q3_earnings,earnings_sp500_2016_2025,GE,2023-07-12,earnings,neutral,down,False,0.0,0.5541,earnings_release → earnings_miss → guidance_cut,False,,
TSLA_2023Q3_earnings,earnings_sp500_2016_2025,TSLA,2023-07-12,earnings,neutral,down,False,0.19,0.5541,earnings_release → earnings_miss → guidance_cut,False,,
VRTX_2023Q3_earnings,earnings_sp500_2016_2025,VRTX,2023-07-12,earnings,up,neutral,False,1.25,0.0749,earnings_release → earnings_beat → sector_etf_movement → institutional_rebalance,False,,
XOM_2023Q3_earnings,earnings_sp500_2016_2025,XOM,2023-07-12,earnings,neutral,down,False,0.11,0.5541,earnings_release → earnings_miss → guidance_cut,False,,
BKNG_2023Q3_earnings,earnings_sp500_2016_2025,BKNG,2023-07-13,earnings,up,neutral,False,1.64,0.0749,earnings_release → earnings_beat → sector_etf_movement → institutional_rebalance,False,,
IBM_2023Q3_earnings,earnings_sp500_2016_2025,IBM,2023-07-13,earnings,neutral,down,False,0.19,0.5541,earnings_release → earnings_miss → guidance_cut,False,,
INTC_2023Q3_earnings,earnings_sp500_2016_2025,INTC,2023-07-13,earnings,neutral,down,False,0.07,0.5541,earnings_release → earnings_miss → guidance_cut,False,,
WMT_2023Q3_earnings,earnings_sp500_2016_2025,WMT,2023-07-13,earnings,neutral,down,False,0.14,0.5541,earnings_release → earnings_miss → guidance_cut,False,,
ADI_2023Q3_earnings,earnings_sp500_2016_2025,ADI,2023-07-14,earnings,down,down,True,0.73,0.5541,earnings_release → earnings_miss → guidance_cut,False,,
DOCU_2023Q3_earnings,earnings_sp500_2016_2025,DOCU,2023-07-14,earnings,down,down,True,0.52,0.5541,earnings_release → earnings_miss → guidance_cut,False,,
LRCX_2023Q3_earnings,earnings_sp500_2016_2025,LRCX,2023-07-14,earnings,neutral,down,False,0.01,0.5541,earnings_release → earnings_miss → guidance_cut,False,,
MS_2023Q3_earnings,earnings_sp500_2016_2025,MS,2023-07-14,earnings,neutral,down,False,0.12,0.5541,earnings_release → earnings_miss → guidance_cut,False,,
PYPL_2023Q3_earnings,earnings_sp500_2016_2025,PYPL,2023-07-14,earnings,neutral,down,False,0.09,0.5541,earnings_release → earnings_miss → guidance_cut,False,,
GS_2023Q3_earnings,earnings_sp500_2016_2025,GS,2023-07-15,earnings,down,down,True,4.26,0.5541,earnings_release → earnings_miss → guidance_cut,True,,
MSFT_2023Q3_earnings,earnings_sp500_2016_2025,MSFT,2023-07-15,earnings,neutral,down,False,0.05,0.5541,earnings_release → earnings_miss → guidance_cut,True,,
SHOP_2023Q3_earnings,earnings_sp500_2016_2025,SHOP,2023-07-15,earnings,up,neutral,False,4.47,0.0749,earnings_release → earnings_beat → sector_etf_movement → institutional_rebalance,True,,
DHR_2023Q3_earnings,earnings_sp500_2016_2025,DHR,2023-07-16,earnings,up,neutral,False,7.45,0.0749,earnings_release → earnings_beat → sector_etf_movement → institutional_rebalance,True,,
HD_2023Q3_earnings,earnings_sp500_2016_2025,HD,2023-07-16,earnings,down,down,True,2.65,0.5541,earnings_release → earnings_miss → guidance_cut,True,,
MDT_2023Q3_earnings,earnings_sp500_2016_2025,MDT,2023-07-16,earnings,down,down,True,1.5,0.5541,earnings_release → earnings_miss → guidance_cut,True,,
SPGI_2023Q3_earnings,earnings_sp500_2016_2025,SPGI,2023-07-16,earnings,neutral,down,False,0.23,0.5541,earnings_release → earnings_miss → guidance_cut,True,,
ABBV_2023Q3_earnings,earnings_sp500_2016_2025,ABBV,2023-07-17,earnings,neutral,down,False,0.2,0.5541,earnings_release → earnings_miss → guidance_cut,False,,
MRK_2023Q3_earnings,earnings_sp500_2016_2025,MRK,2023-07-17,earnings,down,down,True,0.38,0.5541,earnings_release → earnings_miss → guidance_cut,False,,
NFLX_2023Q3_earnings,earnings_sp500_2016_2025,NFLX,2023-07-17,earnings,up,neutral,False,1.83,0.0749,earnings_release → earnings_beat → sector_etf_movement → institutional_rebalance,False,,
PM_2023Q3_earnings,earnings_sp500_2016_2025,PM,2023-07-17,earnings,neutral,down,False,0.13,0.5541,earnings_release → earnings_miss → guidance_cut,False,,
REGN_2023Q3_earnings,earnings_sp500_2016_2025,REGN,2023-07-17,earnings,neutral,down,False,0.1,0.5541,earnings_release → earnings_miss → guidance_cut,False,,
ZM_2023Q3_earnings,earnings_sp500_2016_2025,ZM,2023-07-17,earnings,up,neutral,False,3.17,0.0749,earnings_release → earnings_beat → sector_etf_movement → institutional_rebalance,False,,
AXP_2023Q3_earnings,earnings_sp500_2016_2025,AXP,2023-07-18,earnings,up,neutral,False,1.5,0.0749,earnings_release → earnings_beat → sector_etf_movement → institutional_rebalance,False,,
SNPS_2023Q3_earnings,earnings_sp500_2016_2025,SNPS,2023-07-18,earnings,neutral,down,False,0.09,0.5541,earnings_release → earnings_miss → guidance_cut,False,,
SQ_2023Q3_earnings,earnings_sp500_2016_2025,SQ,2023-07-18,earnings,down,down,True,3.8,0.5541,earnings_release → earnings_miss → guidance_cut,True,,
CDNS_2023Q3_earnings,earnings_sp500_2016_2025,CDNS,2023-07-19,earnings,neutral,down,False,0.15,0.5541,earnings_release → earnings_miss → guidance_cut,False,,
DIS_2023Q3_earnings,earnings_sp500_2016_2025,DIS,2023-07-19,earnings,up,neutral,False,1.26,0.0749,earnings_release → earnings_beat → sector_etf_movement → institutional_rebalance,False,,
PANW_2023Q3_earnings,earnings_sp500_2016_2025,PANW,2023-07-19,earnings,neutral,down,False,0.22,0.5541,earnings_release → earnings_miss → guidance_cut,False,,
UPS_2023Q3_earnings,earnings_sp500_2016_2025,UPS,2023-07-20,earnings,neutral,down,False,0.11,0.5541,earnings_release → earnings_miss → guidance_cut,False,,
VZ_2023Q3_earnings,earnings_sp500_2016_2025,VZ,2023-07-20,earnings,neutral,down,False,0.22,0.5541,earnings_release → earnings_miss → guidance_cut,False,,
BA_2023Q3_earnings,earnings_sp500_2016_2025,BA,2023-07-21,earnings,neutral,down,False,0.2,0.5541,earnings_release → earnings_miss → guidance_cut,False,,
GILD_2023Q3_earnings,earnings_sp500_2016_2025,GILD,2023-07-21,earnings,neutral,down,False,0.2,0.5541,earnings_release → earnings_miss → guidance_cut,False,,
JNJ_2023Q3_earnings,earnings_sp500_2016_2025,JNJ,2023-07-21,earnings,up,neutral,False,1.06,0.0749,earnings_release → earnings_beat → sector_etf_movement → institutional_rebalance,False,,
ROKU_2023Q3_earnings,earnings_sp500_2016_2025,ROKU,2023-07-21,earnings,neutral,down,False,0.03,0.5541,earnings_release → earnings_miss → guidance_cut,False,,
UBER_2023Q3_earnings,earnings_sp500_2016_2025,UBER,2023-07-21,earnings,up,neutral,False,1.41,0.0749,earnings_release → earnings_beat → sector_etf_movement → institutional_rebalance,False,,
COIN_2023Q3_earnings,earnings_sp500_2016_2025,COIN,2023-07-22,earnings,up,neutral,False,14.4,0.0749,earnings_release → earnings_beat → sector_etf_movement → institutional_rebalance,True,,
WFC_2023Q3_earnings,earnings_sp500_2016_2025,WFC,2023-07-22,earnings,down,down,True,3.8,0.5541,earnings_release → earnings_miss → guidance_cut,True,,
AMAT_2023Q3_earnings,earnings_sp500_2016_2025,AMAT,2023-07-23,earnings,up,neutral,False,3.48,0.0749,earnings_release → earnings_beat → sector_etf_movement → institutional_rebalance,True,,
TMO_2023Q3_earnings,earnings_sp500_2016_2025,TMO,2023-07-23,earnings,neutral,down,False,0.05,0.5541,earnings_release → earnings_miss → guidance_cut,True,,
UNH_2023Q3_earnings,earnings_sp500_2016_2025,UNH,2023-07-23,earnings,down,down,True,3.11,0.5541,earnings_release → earnings_miss → guidance_cut,True,,
V_2023Q3_earnings,earnings_sp500_2016_2025,V,2023-07-23,earnings,down,down,True,3.11,0.5541,earnings_release → earnings_miss → guidance_cut,True,,
AAPL_2023Q3_earnings,earnings_sp500_2016_2025,AAPL,2023-07-24,earnings,neutral,down,False,0.1,0.5541,earnings_release → earnings_miss → guidance_cut,False,,
CAT_2023Q3_earnings,earnings_sp500_2016_2025,CAT,2023-07-24,earnings,neutral,down,False,0.15,0.5541,earnings_release → earnings_miss → guidance_cut,False,,
HON_2023Q3_earnings,earnings_sp500_2016_2025,HON,2023-07-24,earnings,neutral,down,False,0.08,0.5541,earnings_release → earnings_miss → guidance_cut,False,,
KO_2023Q3_earnings,earnings_sp500_2016_2025,KO,2023-07-24,earnings,neutral,down,False,0.01,0.5541,earnings_release → earnings_miss → guidance_cut,False,,
BKNG_2023Q4_earnings,earnings_sp500_2016_2025,BKNG,2023-10-05,earnings,neutral,down,False,0.21,0.5541,earnings_release → earnings_miss → guidance_cut,False,,
DIS_2023Q4_earnings,earnings_sp500_2016_2025,DIS,2023-10-05,earnings,up,neutral,False,1.87,0.0749,earnings_release → earnings_beat → sector_etf_movement → institutional_rebalance,False,,
HD_2023Q4_earnings,earnings_sp500_2016_2025,HD,2023-10-05,earnings,neutral,down,False,0.06,0.5541,earnings_release → earnings_miss → guidance_cut,False,,
JNJ_2023Q4_earnings,earnings_sp500_2016_2025,JNJ,2023-10-05,earnings,up,neutral,False,1.03,0.0749,earnings_release → earnings_beat → sector_etf_movement → institutional_rebalance,False,,
SBUX_2023Q4_earnings,earnings_sp500_2016_2025,SBUX,2023-10-05,earnings,up,neutral,False,1.33,0.0749,earnings_release → earnings_beat → sector_etf_movement → institutional_rebalance,False,,
UBER_2023Q4_earnings,earnings_sp500_2016_2025,UBER,2023-10-05,earnings,neutral,down,False,0.17,0.5541,earnings_release → earnings_miss → guidance_cut,False,,
UNP_2023Q4_earnings,earnings_sp500_2016_2025,UNP,2023-10-05,earnings,neutral,down,False,0.19,0.5541,earnings_release → earnings_miss → guidance_cut,False,,
BRK.B_2023Q4_earnings,earnings_sp500_2016_2025,BRK.B,2023-10-06,earnings,neutral,down,False,0.09,0.5541,earnings_release → earnings_miss → guidance_cut,False,,
IBM_2023Q4_earnings,earnings_sp500_2016_2025,IBM,2023-10-06,earnings,neutral,down,False,0.08,0.5541,earnings_release → earnings_miss → guidance_cut,False,,
MS_2023Q4_earnings,earnings_sp500_2016_2025,MS,2023-10-06,earnings,up,neutral,False,1.48,0.0749,earnings_release → earnings_beat → sector_etf_movement → institutional_rebalance,False,,
RTX_2023Q4_earnings,earnings_sp500_2016_2025,RTX,2023-10-06,earnings,neutral,down,False,0.13,0.5541,earnings_release → earnings_miss → guidance_cut,False,,
CAT_2023Q4_earnings,earnings_sp500_2016_2025,CAT,2023-10-07,earnings,down,down,True,0.58,0.5541,earnings_release → earnings_miss → guidance_cut,True,,
META_2023Q4_earnings,earnings_sp500_2016_2025,META,2023-10-07,earnings,neutral,down,False,0.05,0.5541,earnings_release → earnings_miss → guidance_cut,True,,
TSLA_2023Q4_earnings,earnings_sp500_2016_2025,TSLA,2023-10-07,earnings,down,down,True,3.57,0.5541,earnings_release → earnings_miss → guidance_cut,True,,
WMT_2023Q4_earnings,earnings_sp500_2016_2025,WMT,2023-10-07,earnings,neutral,down,False,0.14,0.5541,earnings_release → earnings_miss → guidance_cut,True,,
LRCX_2023Q4_earnings,earnings_sp500_2016_2025,LRCX,2023-10-08,earnings,neutral,down,False,0.14,0.5541,earnings_release → earnings_miss → guidance_cut,True,,
PM_2023Q4_earnings,earnings_sp500_2016_2025,PM,2023-10-08,earnings,neutral,down,False,0.05,0.5541,earnings_release → earnings_miss → guidance_cut,True,,
SQ_2023Q4_earnings,earnings_sp500_2016_2025,SQ,2023-10-08,earnings,up,neutral,False,4.47,0.0749,earnings_release → earnings_beat → sector_etf_movement → institutional_rebalance,True,,
UPS_2023Q4_earnings,earnings_sp500_2016_2025,UPS,2023-10-08,earnings,neutral,down,False,0.23,0.5541,earnings_release → earnings_miss → guidance_cut,True,,
AVGO_2023Q4_earnings,earnings_sp500_2016_2025,AVGO,2023-10-09,earnings,up,neutral,False,1.25,0.0749,earnings_release → earnings_beat → sector_etf_movement → institutional_rebalance,False,,
BLK_2023Q4_earnings,earnings_sp500_2016_2025,BLK,2023-10-09,earnings,neutral,down,False,0.17,0.5541,earnings_release → earnings_miss → guidance_cut,False,,
CDNS_2023Q4_earnings,earnings_sp500_2016_2025,CDNS,2023-10-09,earnings,up,neutral,False,1.38,0.0749,earnings_release → earnings_beat → sector_etf_movement → institutional_rebalance,False,,
ABBV_2023Q4_earnings,earnings_sp500_2016_2025,ABBV,2023-10-10,earnings,neutral,down,False,0.03,0.5541,earnings_release → earnings_miss → guidance_cut,False,,
CRM_2023Q4_earnings,earnings_sp500_2016_2025,CRM,2023-10-10,earnings,neutral,down,False,0.04,0.5541,earnings_release → earnings_miss → guidance_cut,False,,
GOOGL_2023Q4_earnings,earnings_sp500_2016_2025,GOOGL,2023-10-10,earnings,neutral,down,False,0.06,0.5541,earnings_release → earnings_miss → guidance_cut,False,,
VZ_2023Q4_earnings,earnings_sp500_2016_2025,VZ,2023-10-10,earnings,neutral,down,False,0.23,0.5541,earnings_release → earnings_miss → guidance_cut,False,,
WFC_2023Q4_earnings,earnings_sp500_2016_2025,WFC,2023-10-10,earnings,neutral,down,False,0.07,0.5541,earnings_release → earnings_miss → guidance_cut,False,,
ZM_2023Q4_earnings,earnings_sp500_2016_2025,ZM,2023-10-10,earnings,up,neutral,False,1.78,0.0749,earnings_release → earnings_beat → sector_etf_movement → institutional_rebalance,False,,
AMZN_2023Q4_earnings,earnings_sp500_2016_2025,AMZN,2023-10-11,earnings,up,neutral,False,1.8,0.0749,earnings_release → earnings_beat → sector_etf_movement → institutional_rebalance,False,,
GE_2023Q4_earnings,earnings_sp500_2016_2025,GE,2023-10-11,earnings,up,neutral,False,1.59,0.0749,earnings_release → earnings_beat → sector_etf_movement → institutional_rebalance,False,,
INTC_2023Q4_earnings,earnings_sp500_2016_2025,INTC,2023-10-11,earnings,up,neutral,False,1.23,0.0749,earnings_release → earnings_beat → sector_etf_movement → institutional_rebalance,False,,
MCD_2023Q4_earnings,earnings_sp500_2016_2025,MCD,2023-10-11,earnings,neutral,down,False,0.06,0.5541,earnings_release → earnings_miss → guidance_cut,False,,
VRTX_2023Q4_earnings,earnings_sp500_2016_2025,VRTX,2023-10-11,earnings,up,neutral,False,1.29,0.0749,earnings_release → earnings_beat → sector_etf_movement → institutional_rebalance,False,,
CVX_2023Q4_earnings,earnings_sp500_2016_2025,CVX,2023-10-12,earnings,neutral,down,False,0.02,0.5541,earnings_release → earnings_miss → guidance_cut,False,,
DOCU_2023Q4_earnings,earnings_sp500_2016_2025,DOCU,2023-10-12,earnings,down,down,True,0.97,0.5541,earnings_release → earnings_miss → guidance_cut,False,,
KO_2023Q4_earnings,earnings_sp500_2016_2025,KO,2023-10-12,earnings,down,down,True,0.39,0.5541,earnings_release → earnings_miss → guidance_cut,False,,
LOW_2023Q4_earnings,earnings_sp500_2016_2025,LOW,2023-10-12,earnings,down,down,True,0.72,0.5541,earnings_release → earnings_miss → guidance_cut,False,,
UNH_2023Q4_earnings,earnings_sp500_2016_2025,UNH,2023-10-12,earnings,neutral,down,False,0.06,0.5541,earnings_release → earnings_miss → guidance_cut,False,,
ABT_2023Q4_earnings,earnings_sp500_2016_2025,ABT,2023-10-13,earnings,neutral,down,False,0.17,0.5541,earnings_release → earnings_miss → guidance_cut,False,,
ADI_2023Q4_earnings,earnings_sp500_2016_2025,ADI,2023-10-13,earnings,down,down,True,0.34,0.5541,earnings_release → earnings_miss → guidance_cut,False,,
AMAT_2023Q4_earnings,earnings_sp500_2016_2025,AMAT,2023-10-13,earnings,down,down,True,0.61,0.5541,earnings_release → earnings_miss → guidance_cut,False,,
AXP_2023Q4_earnings,earnings_sp500_2016_2025,AXP,2023-10-13,earnings,neutral,down,False,0.03,0.5541,earnings_release → earnings_miss → guidance_cut,False,,
ISRG_2023Q4_earnings,earnings_sp500_2016_2025,ISRG,2023-10-13,earnings,up,neutral,False,2.62,0.0749,earnings_release → earnings_beat → sector_etf_movement → institutional_rebalance,False,,
MRK_2023Q4_earnings,earnings_sp500_2016_2025,MRK,2023-10-13,earnings,neutral,down,False,0.09,0.5541,earnings_release → earnings_miss → guidance_cut,False,,
NFLX_2023Q4_earnings,earnings_sp500_2016_2025,NFLX,2023-10-13,earnings,down,down,True,0.35,0.5541,earnings_release → earnings_miss → guidance_cut,False,,
NVDA_2023Q4_earnings,earnings_sp500_2016_2025,NVDA,2023-10-13,earnings,down,down,True,0.73,0.5541,earnings_release → earnings_miss → guidance_cut,False,,
SNAP_2023Q4_earnings,earnings_sp500_2016_2025,SNAP,2023-10-13,earnings,down,down,True,1.09,0.5541,earnings_release → earnings_miss → guidance_cut,False,,
MDT_2023Q4_earnings,earnings_sp500_2016_2025,MDT,2023-10-14,earnings,up,neutral,False,5.46,0.0749,earnings_release → earnings_beat → sector_etf_movement → institutional_rebalance,True,,
PYPL_2023Q4_earnings,earnings_sp500_2016_2025,PYPL,2023-10-14,earnings,neutral,down,False,0.05,0.5541,earnings_release → earnings_miss → guidance_cut,True,,
TXN_2023Q4_earnings,earnings_sp500_2016_2025,TXN,2023-10-14,earnings,neutral,down,False,0.05,0.5541,earnings_release → earnings_miss → guidance_cut,True,,
V_2023Q4_earnings,earnings_sp500_2016_2025,V,2023-10-14,earnings,up,neutral,False,10.43,0.0749,earnings_release → earnings_beat → sector_etf_movement → institutional_rebalance,True,,
ABNB_2023Q4_earnings,earnings_sp500_2016_2025,ABNB,2023-10-15,earnings,up,neutral,False,4.47,0.0749,earnings_release → earnings_beat → sector_etf_movement → institutional_rebalance,True,,
AMD_2023Q4_earnings,earnings_sp500_2016_2025,AMD,2023-10-15,earnings,up,neutral,False,9.43,0.0749,earnings_release → earnings_beat → sector_etf_movement → institutional_rebalance,True,,
GS_2023Q4_earnings,earnings_sp500_2016_2025,GS,2023-10-15,earnings,up,neutral,False,1.49,0.0749,earnings_release → earnings_beat → sector_etf_movement → institutional_rebalance,True,,
PG_2023Q4_earnings,earnings_sp500_2016_2025,PG,2023-10-15,earnings,neutral,down,False,0.14,0.5541,earnings_release → earnings_miss → guidance_cut,True,,
SNPS_2023Q4_earnings,earnings_sp500_2016_2025,SNPS,2023-10-15,earnings,up,neutral,False,10.43,0.0749,earnings_release → earnings_beat → sector_etf_movement → institutional_rebalance,True,,
PANW_2023Q4_earnings,earnings_sp500_2016_2025,PANW,2023-10-16,earnings,neutral,down,False,0.19,0.5541,earnings_release → earnings_miss → guidance_cut,False,,
COIN_2023Q4_earnings,earnings_sp500_2016_2025,COIN,2023-10-17,earnings,up,neutral,False,2.97,0.0749,earnings_release → earnings_beat → sector_etf_movement → institutional_rebalance,False,,
MSFT_2023Q4_earnings,earnings_sp500_2016_2025,MSFT,2023-10-17,earnings,neutral,down,False,0.04,0.5541,earnings_release → earnings_miss → guidance_cut,False,,
AAPL_2023Q4_earnings,earnings_sp500_2016_2025,AAPL,2023-10-18,earnings,neutral,down,False,0.17,0.5541,earnings_release → earnings_miss → guidance_cut,False,,
NKE_2023Q4_earnings,earnings_sp500_2016_2025,NKE,2023-10-18,earnings,neutral,down,False,0.17,0.5541,earnings_release → earnings_miss → guidance_cut,False,,
BA_2023Q4_earnings,earnings_sp500_2016_2025,BA,2023-10-19,earnings,down,down,True,0.36,0.5541,earnings_release → earnings_miss → guidance_cut,False,,
SPGI_2023Q4_earnings,earnings_sp500_2016_2025,SPGI,2023-10-20,earnings,down,down,True,0.49,0.5541,earnings_release → earnings_miss → guidance_cut,False,,
TMO_2023Q4_earnings,earnings_sp500_2016_2025,TMO,2023-10-20,earnings,down,down,True,0.26,0.5541,earnings_release → earnings_miss → guidance_cut,False,,
CMCSA_2023Q4_earnings,earnings_sp500_2016_2025,CMCSA,2023-10-21,earnings,neutral,down,False,0.14,0.5541,earnings_release → earnings_miss → guidance_cut,True,,
QCOM_2023Q4_earnings,earnings_sp500_2016_2025,QCOM,2023-10-21,earnings,down,down,True,1.04,0.5541,earnings_release → earnings_miss → guidance_cut,True,,
ROKU_2023Q4_earnings,earnings_sp500_2016_2025,ROKU,2023-10-21,earnings,up,neutral,False,6.45,0.0749,earnings_release → earnings_beat → sector_etf_movement → institutional_rebalance,True,,
ACN_2023Q4_earnings,earnings_sp500_2016_2025,ACN,2023-10-22,earnings,neutral,down,False,0.05,0.5541,earnings_release → earnings_miss → guidance_cut,True,,
CSCO_2023Q4_earnings,earnings_sp500_2016_2025,CSCO,2023-10-22,earnings,neutral,down,False,0.14,0.5541,earnings_release → earnings_miss → guidance_cut,True,,
DHR_2023Q4_earnings,earnings_sp500_2016_2025,DHR,2023-10-22,earnings,up,neutral,False,13.4,0.0749,earnings_release → earnings_beat → sector_etf_movement → institutional_rebalance,True,,
GILD_2023Q4_earnings,earnings_sp500_2016_2025,GILD,2023-10-22,earnings,neutral,down,False,0.05,0.5541,earnings_release → earnings_miss → guidance_cut,True,,
PEP_2023Q4_earnings,earnings_sp500_2016_2025,PEP,2023-10-22,earnings,up,neutral,False,4.47,0.0749,earnings_release → earnings_beat → sector_etf_movement → institutional_rebalance,True,,
REGN_2023Q4_earnings,earnings_sp500_2016_2025,REGN,2023-10-22,earnings,down,down,True,0.58,0.5541,earnings_release → earnings_miss → guidance_cut,True,,
ADBE_2023Q4_earnings,earnings_sp500_2016_2025,ADBE,2023-10-23,earnings,neutral,down,False,0.02,0.5541,earnings_release → earnings_miss → guidance_cut,False,,
HON_2023Q4_earnings,earnings_sp500_2016_2025,HON,2023-10-23,earnings,neutral,down,False,0.1,0.5541,earnings_release → earnings_miss → guidance_cut,False,,
MA_2023Q4_earnings,earnings_sp500_2016_2025,MA,2023-10-23,earnings,neutral,down,False,0.04,0.5541,earnings_release → earnings_miss → guidance_cut,False,,
SHOP_2023Q4_earnings,earnings_sp500_2016_2025,SHOP,2023-10-23,earnings,neutral,down,False,0.06,0.5541,earnings_release → earnings_miss → guidance_cut,False,,
COST_2023Q4_earnings,earnings_sp500_2016_2025,COST,2023-10-24,earnings,neutral,down,False,0.02,0.5541,earnings_release → earnings_miss → guidance_cut,False,,
JPM_2023Q4_earnings,earnings_sp500_2016_2025,JPM,2023-10-24,earnings,neutral,down,False,0.03,0.5541,earnings_release → earnings_miss → guidance_cut,False,,
XOM_2023Q4_earnings,earnings_sp500_2016_2025,XOM,2023-10-24,earnings,neutral,down,False,0.22,0.5541,earnings_release → earnings_miss → guidance_cut,False,,
ABNB_2024Q1_earnings,earnings_sp500_2016_2025,ABNB,2024-01-05,earnings,up,neutral,False,1.68,0.0749,earnings_release → earnings_beat → sector_etf_movement → institutional_rebalance,False,,
AXP_2024Q1_earnings,earnings_sp500_2016_2025,AXP,2024-01-05,earnings,up,neutral,False,1.02,0.0749,earnings_release → earnings_beat → sector_etf_movement → institutional_rebalance,False,,
JNJ_2024Q1_earnings,earnings_sp500_2016_2025,JNJ,2024-01-05,earnings,neutral,down,False,0.07,0.5541,earnings_release → earnings_miss → guidance_cut,False,,
PEP_2024Q1_earnings,earnings_sp500_2016_2025,PEP,2024-01-05,earnings,down,down,True,0.34,0.5541,earnings_release → earnings_miss → guidance_cut,False,,
REGN_2024Q1_earnings,earnings_sp500_2016_2025,REGN,2024-01-05,earnings,neutral,down,False,0.03,0.5541,earnings_release → earnings_miss → guidance_cut,False,,
SBUX_2024Q1_earnings,earnings_sp500_2016_2025,SBUX,2024-01-05,earnings,neutral,down,False,0.14,0.5541,earnings_release → earnings_miss → guidance_cut,False,,
BKNG_2024Q1_earnings,earnings_sp500_2016_2025,BKNG,2024-01-06,earnings,neutral,down,False,0.23,0.5541,earnings_release → earnings_miss → guidance_cut,True,,
HON_2024Q1_earnings,earnings_sp500_2016_2025,HON,2024-01-06,earnings,down,down,True,0.58,0.5541,earnings_release → earnings_miss → guidance_cut,True,,
LOW_2024Q1_earnings,earnings_sp500_2016_2025,LOW,2024-01-06,earnings,neutral,down,False,0.14,0.5541,earnings_release → earnings_miss → guidance_cut,True,,
CAT_2024Q1_earnings,earnings_sp500_2016_2025,CAT,2024-01-07,earnings,up,neutral,False,10.43,0.0749,earnings_release → earnings_beat → sector_etf_movement → institutional_rebalance,True,,
ISRG_2024Q1_earnings,earnings_sp500_2016_2025,ISRG,2024-01-07,earnings,down,down,True,2.65,0.5541,earnings_release → earnings_miss → guidance_cut,True,,
ROKU_2024Q1_earnings,earnings_sp500_2016_2025,ROKU,2024-01-07,earnings,neutral,down,False,0.14,0.5541,earnings_release → earnings_miss → guidance_cut,True,,
TMO_2024Q1_earnings,earnings_sp500_2016_2025,TMO,2024-01-07,earnings,down,down,True,2.42,0.5541,earnings_release → earnings_miss → guidance_cut,True,,
AMZN_2024Q1_earnings,earnings_sp500_2016_2025,AMZN,2024-01-08,earnings,up,neutral,False,2.64,0.0749,earnings_release → earnings_beat → sector_etf_movement → institutional_rebalance,False,,
BA_2024Q1_earnings,earnings_sp500_2016_2025,BA,2024-01-08,earnings,down,down,True,1.85,0.5541,earnings_release → earnings_miss → guidance_cut,False,,
CRM_2024Q1_earnings,earnings_sp500_2016_2025,CRM,2024-01-08,earnings,up,neutral,False,3.85,0.0749,earnings_release → earnings_beat → sector_etf_movement → institutional_rebalance,False,,
GE_2024Q1_earnings,earnings_sp500_2016_2025,GE,2024-01-08,earnings,up,neutral,False,1.57,0.0749,earnings_release → earnings_beat → sector_etf_movement → institutional_rebalance,False,,
V_2024Q1_earnings,earnings_sp500_2016_2025,V,2024-01-08,earnings,up,neutral,False,1.09,0.0749,earnings_release → earnings_beat → sector_etf_movement → institutional_rebalance,False,,
PYPL_2024Q1_earnings,earnings_sp500_2016_2025,PYPL,2024-01-09,earnings,down,down,True,0.26,0.5541,earnings_release → earnings_miss → guidance_cut,False,,
SHOP_2024Q1_earnings,earnings_sp500_2016_2025,SHOP,2024-01-09,earnings,up,neutral,False,3.09,0.0749,earnings_release → earnings_beat → sector_etf_movement → institutional_rebalance,False,,
GOOGL_2024Q1_earnings,earnings_sp500_2016_2025,GOOGL,2024-01-10,earnings,neutral,down,False,0.22,0.5541,earnings_release → earnings_miss → guidance_cut,False,,
AVGO_2024Q1_earnings,earnings_sp500_2016_2025,AVGO,2024-01-11,earnings,up,neutral,False,1.79,0.0749,earnings_release → earnings_beat → sector_etf_movement → institutional_rebalance,False,,
BLK_2024Q1_earnings,earnings_sp500_2016_2025,BLK,2024-01-11,earnings,neutral,down,False,0.01,0.5541,earnings_release → earnings_miss → guidance_cut,False,,
CSCO_2024Q1_earnings,earnings_sp500_2016_2025,CSCO,2024-01-11,earnings,neutral,down,False,0.09,0.5541,earnings_release → earnings_miss → guidance_cut,False,,
GILD_2024Q1_earnings,earnings_sp500_2016_2025,GILD,2024-01-11,earnings,up,neutral,False,1.04,0.0749,earnings_release → earnings_beat → sector_etf_movement → institutional_rebalance,False,,
HD_2024Q1_earnings,earnings_sp500_2016_2025,HD,2024-01-11,earnings,neutral,down,False,0.02,0.5541,earnings_release → earnings_miss → guidance_cut,False,,
ZM_2024Q1_earnings,earnings_sp500_2016_2025,ZM,2024-01-11,earnings,neutral,down,False,0.11,0.5541,earnings_release → earnings_miss → guidance_cut,False,,
ACN_2024Q1_earnings,earnings_sp500_2016_2025,ACN,2024-01-12,earnings,up,neutral,False,2.38,0.0749,earnings_release → earnings_beat → sector_etf_movement → institutional_rebalance,False,,
AMAT_2024Q1_earnings,earnings_sp500_2016_2025,AMAT,2024-01-12,earnings,neutral,down,False,0.11,0.5541,earnings_release → earnings_miss → guidance_cut,False,,
CMCSA_2024Q1_earnings,earnings_sp500_2016_2025,CMCSA,2024-01-12,earnings,neutral,down,False,0.15,0.5541,earnings_release → earnings_miss → guidance_cut,False,,
MS_2024Q1_earnings,earnings_sp500_2016_2025,MS,2024-01-12,earnings,neutral,down,False,0.21,0.5541,earnings_release → earnings_miss → guidance_cut,False,,
SQ_2024Q1_earnings,earnings_sp500_2016_2025,SQ,2024-01-12,earnings,neutral,down,False,0.23,0.5541,earnings_release → earnings_miss → guidance_cut,True,,
UNP_2024Q1_earnings,earnings_sp500_2016_2025,UNP,2024-01-12,earnings,neutral,down,False,0.13,0.5541,earnings_release → earnings_miss → guidance_cut,False,,
CVX_2024Q1_earnings,earnings_sp500_2016_2025,CVX,2024-01-13,earnings,neutral,down,False,0.14,0.5541,earnings_release → earnings_miss → guidance_cut,True,,
QCOM_2024Q1_earnings,earnings_sp500_2016_2025,QCOM,2024-01-13,earnings,up,neutral,False,8.44,0.0749,earnings_release → earnings_beat → sector_etf_movement → institutional_rebalance,True,,
UBER_2024Q1_earnings,earnings_sp500_2016_2025,UBER,2024-01-13,earnings,neutral,down,False,0.05,0.5541,earnings_release → earnings_miss → guidance_cut,True,,
WMT_2024Q1_earnings,earnings_sp500_2016_2025,WMT,2024-01-13,earnings,down,down,True,4.26,0.5541,earnings_release → earnings_miss → guidance_cut,True,,
COIN_2024Q1_earnings,earnings_sp500_2016_2025,COIN,2024-01-14,earnings,neutral,down,False,0.14,0.5541,earnings_release → earnings_miss → guidance_cut,True,,
DIS_2024Q1_earnings,earnings_sp500_2016_2025,DIS,2024-01-14,earnings,down,down,True,1.27,0.5541,earnings_release → earnings_miss → guidance_cut,True,,
NVDA_2024Q1_earnings,earnings_sp500_2016_2025,NVDA,2024-01-14,earnings,neutral,down,False,0.14,0.5541,earnings_release → earnings_miss → guidance_cut,True,,
MA_2024Q1_earnings,earnings_sp500_2016_2025,MA,2024-01-15,earnings,up,neutral,False,9.43,0.0749,earnings_release → earnings_beat → sector_etf_movement → institutional_rebalance,True,,
PM_2024Q1_earnings,earnings_sp500_2016_2025,PM,2024-01-15,earnings,down,down,True,1.27,0.5541,earnings_release → earnings_miss → guidance_cut,True,,
UNH_2024Q1_earnings,earnings_sp500_2016_2025,UNH,2024-01-15,earnings,neutral,down,False,0.05,0.5541,earnings_release → earnings_miss → guidance_cut,True,,
UPS_2024Q1_earnings,earnings_sp500_2016_2025,UPS,2024-01-15,earnings,up,neutral,False,4.47,0.0749,earnings_release → earnings_beat → sector_etf_movement → institutional_rebalance,True,,
BRK.B_2024Q1_earnings,earnings_sp500_2016_2025,BRK.B,2024-01-16,earnings,neutral,down,False,0.16,0.5541,earnings_release → earnings_miss → guidance_cut,False,,
INTC_2024Q1_earnings,earnings_sp500_2016_2025,INTC,2024-01-16,earnings,neutral,down,False,0.03,0.5541,earnings_release → earnings_miss → guidance_cut,False,,
MSFT_2024Q1_earnings,earnings_sp500_2016_2025,MSFT,2024-01-16,earnings,neutral,down,False,0.11,0.5541,earnings_release → earnings_miss → guidance_cut,False,,
TSLA_2024Q1_earnings,earnings_sp500_2016_2025,TSLA,2024-01-16,earnings,neutral,down,False,0.11,0.5541,earnings_release → earnings_miss → guidance_cut,False,,
ABBV_2024Q1_earnings,earnings_sp500_2016_2025,ABBV,2024-01-17,earnings,neutral,down,False,0.08,0.5541,earnings_release → earnings_miss → guidance_cut,False,,
SNAP_2024Q1_earnings,earnings_sp500_2016_2025,SNAP,2024-01-17,earnings,neutral,down,False,0.06,0.5541,earnings_release → earnings_miss → guidance_cut,False,,
VZ_2024Q1_earnings,earnings_sp500_2016_2025,VZ,2024-01-17,earnings,down,down,True,0.25,0.5541,earnings_release → earnings_miss → guidance_cut,False,,
MDT_2024Q1_earnings,earnings_sp500_2016_2025,MDT,2024-01-18,earnings,neutral,down,False,0.06,0.5541,earnings_release → earnings_miss → guidance_cut,False,,
WFC_2024Q1_earnings,earnings_sp500_2016_2025,WFC,2024-01-18,earnings,neutral,down,False,0.11,0.5541,earnings_release → earnings_miss → guidance_cut,False,,
XOM_2024Q1_earnings,earnings_sp500_2016_2025,XOM,2024-01-18,earnings,neutral,down,False,0.04,0.5541,earnings_release → earnings_miss → guidance_cut,False,,
AAPL_2024Q1_earnings,earnings_sp500_2016_2025,AAPL,2024-01-19,earnings,up,neutral,False,1.54,0.0749,earnings_release → earnings_beat → sector_etf_movement → institutional_rebalance,False,,
CDNS_2024Q1_earnings,earnings_sp500_2016_2025,CDNS,2024-01-19,earnings,up,neutral,False,4.68,0.0749,earnings_release → earnings_beat → sector_etf_movement → institutional_rebalance,False,,
DHR_2024Q1_earnings,earnings_sp500_2016_2025,DHR,2024-01-19,earnings,up,neutral,False,2.08,0.0749,earnings_release → earnings_beat → sector_etf_movement → institutional_rebalance,False,,
META_2024Q1_earnings,earnings_sp500_2016_2025,META,2024-01-19,earnings,up,neutral,False,1.94,0.0749,earnings_release → earnings_beat → sector_etf_movement → institutional_rebalance,False,,
RTX_2024Q1_earnings,earnings_sp500_2016_2025,RTX,2024-01-19,earnings,neutral,down,False,0.02,0.5541,earnings_release → earnings_miss → guidance_cut,False,,
VRTX_2024Q1_earnings,earnings_sp500_2016_2025,VRTX,2024-01-19,earnings,neutral,down,False,0.11,0.5541,earnings_release → earnings_miss → guidance_cut,False,,
AMD_2024Q1_earnings,earnings_sp500_2016_2025,AMD,2024-01-20,earnings,neutral,down,False,0.14,0.5541,earnings_release → earnings_miss → guidance_cut,True,,
KO_2024Q1_earnings,earnings_sp500_2016_2025,KO,2024-01-20,earnings,down,down,True,1.96,0.5541,earnings_release → earnings_miss → guidance_cut,True,,
NFLX_2024Q1_earnings,earnings_sp500_2016_2025,NFLX,2024-01-20,earnings,neutral,down,False,0.05,0.5541,earnings_release → earnings_miss → guidance_cut,True,,
DOCU_2024Q1_earnings,earnings_sp500_2016_2025,DOCU,2024-01-21,earnings,neutral,down,False,0.05,0.5541,earnings_release → earnings_miss → guidance_cut,True,,
SNPS_2024Q1_earnings,earnings_sp500_2016_2025,SNPS,2024-01-21,earnings,down,down,True,1.73,0.5541,earnings_release → earnings_miss → guidance_cut,True,,
SPGI_2024Q1_earnings,earnings_sp500_2016_2025,SPGI,2024-01-21,earnings,neutral,down,False,0.23,0.5541,earnings_release → earnings_miss → guidance_cut,True,,
TXN_2024Q1_earnings,earnings_sp500_2016_2025,TXN,2024-01-21,earnings,neutral,down,False,0.14,0.5541,earnings_release → earnings_miss → guidance_cut,True,,
ADI_2024Q1_earnings,earnings_sp500_2016_2025,ADI,2024-01-22,earnings,up,neutral,False,1.29,0.0749,earnings_release → earnings_beat → sector_etf_movement → institutional_rebalance,False,,
MCD_2024Q1_earnings,earnings_sp500_2016_2025,MCD,2024-01-22,earnings,neutral,down,False,0.16,0.5541,earnings_release → earnings_miss → guidance_cut,False,,
NKE_2024Q1_earnings,earnings_sp500_2016_2025,NKE,2024-01-22,earnings,down,down,True,0.28,0.5541,earnings_release → earnings_miss → guidance_cut,False,,
PANW_2024Q1_earnings,earnings_sp500_2016_2025,PANW,2024-01-22,earnings,up,neutral,False,2.32,0.0749,earnings_release → earnings_beat → sector_etf_movement → institutional_rebalance,False,,
PG_2024Q1_earnings,earnings_sp500_2016_2025,PG,2024-01-22,earnings,neutral,down,False,0.05,0.5541,earnings_release → earnings_miss → guidance_cut,False,,
ABT_2024Q1_earnings,earnings_sp500_2016_2025,ABT,2024-01-23,earnings,neutral,down,False,0.04,0.5541,earnings_release → earnings_miss → guidance_cut,False,,
ADBE_2024Q1_earnings,earnings_sp500_2016_2025,ADBE,2024-01-23,earnings,down,down,True,0.24,0.5541,earnings_release → earnings_miss → guidance_cut,False,,
COST_2024Q1_earnings,earnings_sp500_2016_2025,COST,2024-01-23,earnings,neutral,down,False,0.16,0.5541,earnings_release → earnings_miss → guidance_cut,False,,
GS_2024Q1_earnings,earnings_sp500_2016_2025,GS,2024-01-23,earnings,down,down,True,0.31,0.5541,earnings_release → earnings_miss → guidance_cut,False,,
IBM_2024Q1_earnings,earnings_sp500_2016_2025,IBM,2024-01-23,earnings,neutral,down,False,0.15,0.5541,earnings_release → earnings_miss → guidance_cut,False,,
LRCX_2024Q1_earnings,earnings_sp500_2016_2025,LRCX,2024-01-23,earnings,neutral,down,False,0.09,0.5541,earnings_release → earnings_miss → guidance_cut,False,,
MRK_2024Q1_earnings,earnings_sp500_2016_2025,MRK,2024-01-23,earnings,neutral,down,False,0.08,0.5541,earnings_release → earnings_miss → guidance_cut,False,,
JPM_2024Q1_earnings,earnings_sp500_2016_2025,JPM,2024-01-24,earnings,neutral,down,False,0.21,0.5541,earnings_release → earnings_miss → guidance_cut,False,,
DHR_2024Q2_earnings,earnings_sp500_2016_2025,DHR,2024-04-05,earnings,neutral,down,False,0.23,0.5541,earnings_release → earnings_miss → guidance_cut,False,,
META_2024Q2_earnings,earnings_sp500_2016_2025,META,2024-04-05,earnings,up,neutral,False,3.19,0.0749,earnings_release → earnings_beat → sector_etf_movement → institutional_rebalance,False,,
NVDA_2024Q2_earnings,earnings_sp500_2016_2025,NVDA,2024-04-05,earnings,up,neutral,False,2.43,0.0749,earnings_release → earnings_beat → sector_etf_movement → institutional_rebalance,False,,
PG_2024Q2_earnings,earnings_sp500_2016_2025,PG,2024-04-05,earnings,neutral,down,False,0.1,0.5541,earnings_release → earnings_miss → guidance_cut,False,,
BKNG_2024Q2_earnings,earnings_sp500_2016_2025,BKNG,2024-04-06,earnings,neutral,down,False,0.05,0.5541,earnings_release → earnings_miss → guidance_cut,True,,
GE_2024Q2_earnings,earnings_sp500_2016_2025,GE,2024-04-06,earnings,neutral,down,False,0.14,0.5541,earnings_release → earnings_miss → guidance_cut,True,,
QCOM_2024Q2_earnings,earnings_sp500_2016_2025,QCOM,2024-04-06,earnings,up,neutral,False,8.44,0.0749,earnings_release → earnings_beat → sector_etf_movement → institutional_rebalance,True,,
UNH_2024Q2_earnings,earnings_sp500_2016_2025,UNH,2024-04-06,earnings,down,down,True,2.19,0.5541,earnings_release → earnings_miss → guidance_cut,True,,
TSLA_2024Q2_earnings,earnings_sp500_2016_2025,TSLA,2024-04-07,earnings,neutral,down,False,0.14,0.5541,earnings_release → earnings_miss → guidance_cut,True,,
TXN_2024Q2_earnings,earnings_sp500_2016_2025,TXN,2024-04-07,earnings,neutral,down,False,0.05,0.5541,earnings_release → earnings_miss → guidance_cut,True,,
ADI_2024Q2_earnings,earnings_sp500_2016_2025,ADI,2024-04-08,earnings,neutral,down,False,0.23,0.5541,earnings_release → earnings_miss → guidance_cut,False,,
AVGO_2024Q2_earnings,earnings_sp500_2016_2025,AVGO,2024-04-08,earnings,neutral,down,False,0.06,0.5541,earnings_release → earnings_miss → guidance_cut,False,,
PANW_2024Q2_earnings,earnings_sp500_2016_2025,PANW,2024-04-08,earnings,neutral,down,False,0.04,0.5541,earnings_release → earnings_miss → guidance_cut,False,,
ROKU_2024Q2_earnings,earnings_sp500_2016_2025,ROKU,2024-04-08,earnings,up,neutral,False,1.69,0.0749,earnings_release → earnings_beat → sector_etf_movement → institutional_rebalance,False,,
WFC_2024Q2_earnings,earnings_sp500_2016_2025,WFC,2024-04-08,earnings,neutral,down,False,0.16,0.5541,earnings_release → earnings_miss → guidance_cut,False,,
GS_2024Q2_earnings,earnings_sp500_2016_2025,GS,2024-04-09,earnings,neutral,down,False,0.01,0.5541,earnings_release → earnings_miss → guidance_cut,False,,
HON_2024Q2_earnings,earnings_sp500_2016_2025,HON,2024-04-09,earnings,neutral,down,False,0.08,0.5541,earnings_release → earnings_miss → guidance_cut,False,,
ISRG_2024Q2_earnings,earnings_sp500_2016_2025,ISRG,2024-04-09,earnings,up,neutral,False,1.03,0.0749,earnings_release → earnings_beat → sector_etf_movement → institutional_rebalance,False,,
MA_2024Q2_earnings,earnings_sp500_2016_2025,MA,2024-04-09,earnings,down,down,True,0.32,0.5541,earnings_release → earnings_miss → guidance_cut,False,,
SHOP_2024Q2_earnings,earnings_sp500_2016_2025,SHOP,2024-04-09,earnings,neutral,down,False,0.17,0.5541,earnings_release → earnings_miss → guidance_cut,False,,
SNAP_2024Q2_earnings,earnings_sp500_2016_2025,SNAP,2024-04-09,earnings,up,neutral,False,1.07,0.0749,earnings_release → earnings_beat → sector_etf_movement → institutional_rebalance,False,,
SQ_2024Q2_earnings,earnings_sp500_2016_2025,SQ,2024-04-09,earnings,down,down,True,2.19,0.5541,earnings_release → earnings_miss → guidance_cut,True,,
UNP_2024Q2_earnings,earnings_sp500_2016_2025,UNP,2024-04-09,earnings,neutral,down,False,0.05,0.5541,earnings_release → earnings_miss → guidance_cut,False,,
GOOGL_2024Q2_earnings,earnings_sp500_2016_2025,GOOGL,2024-04-10,earnings,neutral,down,False,0.07,0.5541,earnings_release → earnings_miss → guidance_cut,False,,
HD_2024Q2_earnings,earnings_sp500_2016_2025,HD,2024-04-10,earnings,down,down,True,0.69,0.5541,earnings_release → earnings_miss → guidance_cut,False,,
INTC_2024Q2_earnings,earnings_sp500_2016_2025,INTC,2024-04-11,earnings,up,neutral,False,1.15,0.0749,earnings_release → earnings_beat → sector_etf_movement → institutional_rebalance,False,,
UPS_2024Q2_earnings,earnings_sp500_2016_2025,UPS,2024-04-11,earnings,up,neutral,False,1.18,0.0749,earnings_release → earnings_beat → sector_etf_movement → institutional_rebalance,False,,
CDNS_2024Q2_earnings,earnings_sp500_2016_2025,CDNS,2024-04-12,earnings,down,down,True,0.32,0.5541,earnings_release → earnings_miss → guidance_cut,False,,
MDT_2024Q2_earnings,earnings_sp500_2016_2025,MDT,2024-04-12,earnings,down,down,True,0.57,0.5541,earnings_release → earnings_miss → guidance_cut,False,,
ABNB_2024Q2_earnings,earnings_sp500_2016_2025,ABNB,2024-04-13,earnings,up,neutral,False,4.47,0.0749,earnings_release → earnings_beat → sector_etf_movement → institutional_rebalance,True,,
ADBE_2024Q2_earnings,earnings_sp500_2016_2025,ADBE,2024-04-13,earnings,up,neutral,False,2.48,0.0749,earnings_release → earnings_beat → sector_etf_movement → institutional_rebalance,True,,
MSFT_2024Q2_earnings,earnings_sp500_2016_2025,MSFT,2024-04-13,earnings,neutral,down,False,0.05,0.5541,earnings_release → earnings_miss → guidance_cut,True,,
NKE_2024Q2_earnings,earnings_sp500_2016_2025,NKE,2024-04-13,earnings,up,neutral,False,8.44,0.0749,earnings_release → earnings_beat → sector_etf_movement → institutional_rebalance,True,,
SPGI_2024Q2_earnings,earnings_sp500_2016_2025,SPGI,2024-04-13,earnings,down,down,True,3.11,0.5541,earnings_release → earnings_miss → guidance_cut,True,,
V_2024Q2_earnings,earnings_sp500_2016_2025,V,2024-04-13,earnings,down,down,True,1.04,0.5541,earnings_release → earnings_miss → guidance_cut,True,,
VRTX_2024Q2_earnings,earnings_sp500_2016_2025,VRTX,2024-04-13,earnings,down,down,True,0.81,0.5541,earnings_release → earnings_miss → guidance_cut,True,,
AAPL_2024Q2_earnings,earnings_sp500_2016_2025,AAPL,2024-04-14,earnings,neutral,down,False,0.23,0.5541,earnings_release → earnings_miss → guidance_cut,True,,
IBM_2024Q2_earnings,earnings_sp500_2016_2025,IBM,2024-04-14,earnings,neutral,down,False,0.05,0.5541,earnings_release → earnings_miss → guidance_cut,True,,
LRCX_2024Q2_earnings,earnings_sp500_2016_2025,LRCX,2024-04-14,earnings,neutral,down,False,0.23,0.5541,earnings_release → earnings_miss → guidance_cut,True,,
BRK.B_2024Q2_earnings,earnings_sp500_2016_2025,BRK.B,2024-04-15,earnings,neutral,down,False,0.17,0.5541,earnings_release → earnings_miss → guidance_cut,False,,
CSCO_2024Q2_earnings,earnings_sp500_2016_2025,CSCO,2024-04-15,earnings,neutral,down,False,0.12,0.5541,earnings_release → earnings_miss → guidance_cut,False,,
MRK_2024Q2_earnings,earnings_sp500_2016_2025,MRK,2024-04-15,earnings,neutral,down,False,0.08,0.5541,earnings_release → earnings_miss → guidance_cut,False,,
SBUX_2024Q2_earnings,earnings_sp500_2016_2025,SBUX,2024-04-15,earnings,neutral,down,False,0.07,0.5541,earnings_release → earnings_miss → guidance_cut,False,,
TMO_2024Q2_earnings,earnings_sp500_2016_2025,TMO,2024-04-15,earnings,down,down,True,0.3,0.5541,earnings_release → earnings_miss → guidance_cut,False,,
UBER_2024Q2_earnings,earnings_sp500_2016_2025,UBER,2024-04-15,earnings,down,down,True,0.58,0.5541,earnings_release → earnings_miss → guidance_cut,False,,
ABBV_2024Q2_earnings,earnings_sp500_2016_2025,ABBV,2024-04-16,earnings,neutral,down,False,0.12,0.5541,earnings_release → earnings_miss → guidance_cut,False,,
ABT_2024Q2_earnings,earnings_sp500_2016_2025,ABT,2024-04-16,earnings,neutral,down,False,0.07,0.5541,earnings_release → earnings_miss → guidance_cut,False,,
ACN_2024Q2_earnings,earnings_sp500_2016_2025,ACN,2024-04-16,earnings,neutral,down,False,0.05,0.5541,earnings_release → earnings_miss → guidance_cut,False,,
COIN_2024Q2_earnings,earnings_sp500_2016_2025,COIN,2024-04-16,earnings,down,down,True,0.47,0.5541,earnings_release → earnings_miss → guidance_cut,False,,
AMD_2024Q2_earnings,earnings_sp500_2016_2025,AMD,2024-04-17,earnings,down,down,True,1.33,0.5541,earnings_release → earnings_miss → guidance_cut,False,,
GILD_2024Q2_earnings,earnings_sp500_2016_2025,GILD,2024-04-17,earnings,neutral,down,False,0.13,0.5541,earnings_release → earnings_miss → guidance_cut,False,,
BLK_2024Q2_earnings,earnings_sp500_2016_2025,BLK,2024-04-18,earnings,neutral,down,False,0.2,0.5541,earnings_release → earnings_miss → guidance_cut,False,,
CVX_2024Q2_earnings,earnings_sp500_2016_2025,CVX,2024-04-18,earnings,neutral,down,False,0.17,0.5541,earnings_release → earnings_miss → guidance_cut,False,,
DOCU_2024Q2_earnings,earnings_sp500_2016_2025,DOCU,2024-04-18,earnings,down,down,True,0.41,0.5541,earnings_release → earnings_miss → guidance_cut,False,,
BA_2024Q2_earnings,earnings_sp500_2016_2025,BA,2024-04-19,earnings,neutral,down,False,0.06,0.5541,earnings_release → earnings_miss → guidance_cut,False,,
PEP_2024Q2_earnings,earnings_sp500_2016_2025,PEP,2024-04-19,earnings,up,neutral,False,1.07,0.0749,earnings_release → earnings_beat → sector_etf_movement → institutional_rebalance,False,,
PM_2024Q2_earnings,earnings_sp500_2016_2025,PM,2024-04-19,earnings,up,neutral,False,2.8,0.0749,earnings_release → earnings_beat → sector_etf_movement → institutional_rebalance,False,,
XOM_2024Q2_earnings,earnings_sp500_2016_2025,XOM,2024-04-19,earnings,up,neutral,False,1.14,0.0749,earnings_release → earnings_beat → sector_etf_movement → institutional_rebalance,False,,
AMAT_2024Q2_earnings,earnings_sp500_2016_2025,AMAT,2024-04-20,earnings,up,neutral,False,11.42,0.0749,earnings_release → earnings_beat → sector_etf_movement → institutional_rebalance,True,,
AMZN_2024Q2_earnings,earnings_sp500_2016_2025,AMZN,2024-04-20,earnings,down,down,True,2.42,0.5541,earnings_release → earnings_miss → guidance_cut,True,,
CRM_2024Q2_earnings,earnings_sp500_2016_2025,CRM,2024-04-20,earnings,neutral,down,False,0.14,0.5541,earnings_release → earnings_miss → guidance_cut,True,,
MS_2024Q2_earnings,earnings_sp500_2016_2025,MS,2024-04-20,earnings,down,down,True,3.11,0.5541,earnings_release → earnings_miss → guidance_cut,True,,
PYPL_2024Q2_earnings,earnings_sp500_2016_2025,PYPL,2024-04-20,earnings,neutral,down,False,0.23,0.5541,earnings_release → earnings_miss → guidance_cut,True,,
WMT_2024Q2_earnings,earnings_sp500_2016_2025,WMT,2024-04-20,earnings,up,neutral,False,13.4,0.0749,earnings_release → earnings_beat → sector_etf_movement → institutional_rebalance,True,,
AXP_2024Q2_earnings,earnings_sp500_2016_2025,AXP,2024-04-21,earnings,down,down,True,2.65,0.5541,earnings_release → earnings_miss → guidance_cut,True,,
VZ_2024Q2_earnings,earnings_sp500_2016_2025,VZ,2024-04-21,earnings,up,neutral,False,2.48,0.0749,earnings_release → earnings_beat → sector_etf_movement → institutional_rebalance,True,,
DIS_2024Q2_earnings,earnings_sp500_2016_2025,DIS,2024-04-22,earnings,neutral,down,False,0.13,0.5541,earnings_release → earnings_miss → guidance_cut,False,,
JNJ_2024Q2_earnings,earnings_sp500_2016_2025,JNJ,2024-04-22,earnings,neutral,down,False,0.19,0.5541,earnings_release → earnings_miss → guidance_cut,False,,
LOW_2024Q2_earnings,earnings_sp500_2016_2025,LOW,2024-04-22,earnings,neutral,down,False,0.1,0.5541,earnings_release → earnings_miss → guidance_cut,False,,
REGN_2024Q2_earnings,earnings_sp500_2016_2025,REGN,2024-04-22,earnings,neutral,down,False,0.09,0.5541,earnings_release → earnings_miss → guidance_cut,False,,
CAT_2024Q2_earnings,earnings_sp500_2016_2025,CAT,2024-04-23,earnings,up,neutral,False,1.57,0.0749,earnings_release → earnings_beat → sector_etf_movement → institutional_rebalance,False,,
JPM_2024Q2_earnings,earnings_sp500_2016_2025,JPM,2024-04-23,earnings,up,neutral,False,1.43,0.0749,earnings_release → earnings_beat → sector_etf_movement → institutional_rebalance,False,,
MCD_2024Q2_earnings,earnings_sp500_2016_2025,MCD,2024-04-23,earnings,neutral,down,False,0.11,0.5541,earnings_release → earnings_miss → guidance_cut,False,,
SNPS_2024Q2_earnings,earnings_sp500_2016_2025,SNPS,2024-04-23,earnings,up,neutral,False,2.31,0.0749,earnings_release → earnings_beat → sector_etf_movement → institutional_rebalance,False,,
ZM_2024Q2_earnings,earnings_sp500_2016_2025,ZM,2024-04-23,earnings,up,neutral,False,3.47,0.0749,earnings_release → earnings_beat → sector_etf_movement → institutional_rebalance,False,,
CMCSA_2024Q2_earnings,earnings_sp500_2016_2025,CMCSA,2024-04-24,earnings,neutral,down,False,0.09,0.5541,earnings_release → earnings_miss → guidance_cut,False,,
COST_2024Q2_earnings,earnings_sp500_2016_2025,COST,2024-04-24,earnings,neutral,down,False,0.04,0.5541,earnings_release → earnings_miss → guidance_cut,False,,
KO_2024Q2_earnings,earnings_sp500_2016_2025,KO,2024-04-24,earnings,up,neutral,False,1.49,0.0749,earnings_release → earnings_beat → sector_etf_movement → institutional_rebalance,False,,
NFLX_2024Q2_earnings,earnings_sp500_2016_2025,NFLX,2024-04-24,earnings,down,down,True,0.9,0.5541,earnings_release → earnings_miss → guidance_cut,False,,
RTX_2024Q2_earnings,earnings_sp500_2016_2025,RTX,2024-04-24,earnings,neutral,down,False,0.08,0.5541,earnings_release → earnings_miss → guidance_cut,False,,
JPM_2024Q3_earnings,earnings_sp500_2016_2025,JPM,2024-07-05,earnings,down,down,True,0.43,0.5541,earnings_release → earnings_miss → guidance_cut,False,,
MCD_2024Q3_earnings,earnings_sp500_2016_2025,MCD,2024-07-05,earnings,neutral,down,False,0.1,0.5541,earnings_release → earnings_miss → guidance_cut,False,,
WFC_2024Q3_earnings,earnings_sp500_2016_2025,WFC,2024-07-05,earnings,down,down,True,0.39,0.5541,earnings_release → earnings_miss → guidance_cut,False,,
HD_2024Q3_earnings,earnings_sp500_2016_2025,HD,2024-07-06,earnings,neutral,down,False,0.14,0.5541,earnings_release → earnings_miss → guidance_cut,True,,
MA_2024Q3_earnings,earnings_sp500_2016_2025,MA,2024-07-06,earnings,neutral,down,False,0.23,0.5541,earnings_release → earnings_miss → guidance_cut,True,,
MRK_2024Q3_earnings,earnings_sp500_2016_2025,MRK,2024-07-06,earnings,up,neutral,False,5.46,0.0749,earnings_release → earnings_beat → sector_etf_movement → institutional_rebalance,True,,
TSLA_2024Q3_earnings,earnings_sp500_2016_2025,TSLA,2024-07-06,earnings,down,down,True,2.65,0.5541,earnings_release → earnings_miss → guidance_cut,True,,
ACN_2024Q3_earnings,earnings_sp500_2016_2025,ACN,2024-07-07,earnings,down,down,True,2.65,0.5541,earnings_release → earnings_miss → guidance_cut,True,,
COIN_2024Q3_earnings,earnings_sp500_2016_2025,COIN,2024-07-07,earnings,down,down,True,2.19,0.5541,earnings_release → earnings_miss → guidance_cut,True,,
MDT_2024Q3_earnings,earnings_sp500_2016_2025,MDT,2024-07-07,earnings,down,down,True,2.65,0.5541,earnings_release → earnings_miss → guidance_cut,True,,
UPS_2024Q3_earnings,earnings_sp500_2016_2025,UPS,2024-07-07,earnings,up,neutral,False,10.43,0.0749,earnings_release → earnings_beat → sector_etf_movement → institutional_rebalance,True,,
ABBV_2024Q3_earnings,earnings_sp500_2016_2025,ABBV,2024-07-08,earnings,neutral,down,False,0.1,0.5541,earnings_release → earnings_miss → guidance_cut,False,,
UNP_2024Q3_earnings,earnings_sp500_2016_2025,UNP,2024-07-08,earnings,neutral,down,False,0.18,0.5541,earnings_release → earnings_miss → guidance_cut,False,,
VZ_2024Q3_earnings,earnings_sp500_2016_2025,VZ,2024-07-08,earnings,neutral,down,False,0.15,0.5541,earnings_release → earnings_miss → guidance_cut,False,,
ADBE_2024Q3_earnings,earnings_sp500_2016_2025,ADBE,2024-07-09,earnings,down,down,True,0.38,0.5541,earnings_release → earnings_miss → guidance_cut,False,,
SNAP_2024Q3_earnings,earnings_sp500_2016_2025,SNAP,2024-07-09,earnings,up,neutral,False,1.51,0.0749,earnings_release → earnings_beat → sector_etf_movement → institutional_rebalance,False,,
BKNG_2024Q3_earnings,earnings_sp500_2016_2025,BKNG,2024-07-10,earnings,neutral,down,False,0.07,0.5541,earnings_release → earnings_miss → guidance_cut,False,,
BRK.B_2024Q3_earnings,earnings_sp500_2016_2025,BRK.B,2024-07-10,earnings,neutral,down,False,0.18,0.5541,earnings_release → earnings_miss → guidance_cut,False,,
GILD_2024Q3_earnings,earnings_sp500_2016_2025,GILD,2024-07-10,earnings,up,neutral,False,1.45,0.0749,earnings_release → earnings_beat → sector_etf_movement → institutional_rebalance,False,,
HON_2024Q3_earnings,earnings_sp500_2016_2025,HON,2024-07-10,earnings,up,neutral,False,1.84,0.0749,earnings_release → earnings_beat → sector_etf_movement → institutional_rebalance,False,,
ISRG_2024Q3_earnings,earnings_sp500_2016_2025,ISRG,2024-07-10,earnings,neutral,down,False,0.13,0.5541,earnings_release → earnings_miss → guidance_cut,False,,
DHR_2024Q3_earnings,earnings_sp500_2016_2025,DHR,2024-07-11,earnings,up,neutral,False,1.67,0.0749,earnings_release → earnings_beat → sector_etf_movement → institutional_rebalance,False,,
IBM_2024Q3_earnings,earnings_sp500_2016_2025,IBM,2024-07-11,earnings,neutral,down,False,0.06,0.5541,earnings_release → earnings_miss → guidance_cut,False,,
PG_2024Q3_earnings,earnings_sp500_2016_2025,PG,2024-07-11,earnings,neutral,down,False,0.18,0.5541,earnings_release → earnings_miss → guidance_cut,False,,
TXN_2024Q3_earnings,earnings_sp500_2016_2025,TXN,2024-07-11,earnings,down,down,True,0.41,0.5541,earnings_release → earnings_miss → guidance_cut,False,,
CRM_2024Q3_earnings,earnings_sp500_2016_2025,CRM,2024-07-12,earnings,up,neutral,False,1.12,0.0749,earnings_release → earnings_beat → sector_etf_movement → institutional_rebalance,False,,
NKE_2024Q3_earnings,earnings_sp500_2016_2025,NKE,2024-07-12,earnings,neutral,down,False,0.01,0.5541,earnings_release → earnings_miss → guidance_cut,False,,
UNH_2024Q3_earnings,earnings_sp500_2016_2025,UNH,2024-07-12,earnings,up,neutral,False,1.41,0.0749,earnings_release → earnings_beat → sector_etf_movement → institutional_rebalance,False,,
AXP_2024Q3_earnings,earnings_sp500_2016_2025,AXP,2024-07-13,earnings,down,down,True,0.81,0.5541,earnings_release → earnings_miss → guidance_cut,True,,
PYPL_2024Q3_earnings,earnings_sp500_2016_2025,PYPL,2024-07-13,earnings,neutral,down,False,0.05,0.5541,earnings_release → earnings_miss → guidance_cut,True,,
SPGI_2024Q3_earnings,earnings_sp500_2016_2025,SPGI,2024-07-13,earnings,up,neutral,False,3.48,0.0749,earnings_release → earnings_beat → sector_etf_movement → institutional_rebalance,True,,
SQ_2024Q3_earnings,earnings_sp500_2016_2025,SQ,2024-07-13,earnings,neutral,down,False,0.05,0.5541,earnings_release → earnings_miss → guidance_cut,True,,
AMD_2024Q3_earnings,earnings_sp500_2016_2025,AMD,2024-07-14,earnings,down,down,True,0.58,0.5541,earnings_release → earnings_miss → guidance_cut,True,,
KO_2024Q3_earnings,earnings_sp500_2016_2025,KO,2024-07-14,earnings,up,neutral,False,5.46,0.0749,earnings_release → earnings_beat → sector_etf_movement → institutional_rebalance,True,,
MSFT_2024Q3_earnings,earnings_sp500_2016_2025,MSFT,2024-07-15,earnings,neutral,down,False,0.02,0.5541,earnings_release → earnings_miss → guidance_cut,False,,
NVDA_2024Q3_earnings,earnings_sp500_2016_2025,NVDA,2024-07-15,earnings,neutral,down,False,0.14,0.5541,earnings_release → earnings_miss → guidance_cut,False,,
TMO_2024Q3_earnings,earnings_sp500_2016_2025,TMO,2024-07-15,earnings,neutral,down,False,0.14,0.5541,earnings_release → earnings_miss → guidance_cut,False,,
WMT_2024Q3_earnings,earnings_sp500_2016_2025,WMT,2024-07-15,earnings,neutral,down,False,0.12,0.5541,earnings_release → earnings_miss → guidance_cut,False,,
ADI_2024Q3_earnings,earnings_sp500_2016_2025,ADI,2024-07-16,earnings,up,neutral,False,2.34,0.0749,earnings_release → earnings_beat → sector_etf_movement → institutional_rebalance,False,,
CDNS_2024Q3_earnings,earnings_sp500_2016_2025,CDNS,2024-07-16,earnings,down,down,True,0.29,0.5541,earnings_release → earnings_miss → guidance_cut,False,,
GOOGL_2024Q3_earnings,earnings_sp500_2016_2025,GOOGL,2024-07-16,earnings,down,down,True,0.32,0.5541,earnings_release → earnings_miss → guidance_cut,False,,
GS_2024Q3_earnings,earnings_sp500_2016_2025,GS,2024-07-16,earnings,up,neutral,False,2.17,0.0749,earnings_release → earnings_beat → sector_etf_movement → institutional_rebalance,False,,
SBUX_2024Q3_earnings,earnings_sp500_2016_2025,SBUX,2024-07-16,earnings,up,neutral,False,3.76,0.0749,earnings_release → earnings_beat → sector_etf_movement → institutional_rebalance,False,,
SNPS_2024Q3_earnings,earnings_sp500_2016_2025,SNPS,2024-07-16,earnings,neutral,down,False,0.11,0.5541,earnings_release → earnings_miss → guidance_cut,False,,
AVGO_2024Q3_earnings,earnings_sp500_2016_2025,AVGO,2024-07-17,earnings,down,down,True,1.82,0.5541,earnings_release → earnings_miss → guidance_cut,False,,
CMCSA_2024Q3_earnings,earnings_sp500_2016_2025,CMCSA,2024-07-17,earnings,up,neutral,False,2.45,0.0749,earnings_release → earnings_beat → sector_etf_movement → institutional_rebalance,False,,
GE_2024Q3_earnings,earnings_sp500_2016_2025,GE,2024-07-17,earnings,down,down,True,0.88,0.5541,earnings_release → earnings_miss → guidance_cut,False,,
MS_2024Q3_earnings,earnings_sp500_2016_2025,MS,2024-07-17,earnings,neutral,down,False,0.16,0.5541,earnings_release → earnings_miss → guidance_cut,False,,
PM_2024Q3_earnings,earnings_sp500_2016_2025,PM,2024-07-17,earnings,up,neutral,False,2.07,0.0749,earnings_release → earnings_beat → sector_etf_movement → institutional_rebalance,False,,
AMAT_2024Q3_earnings,earnings_sp500_2016_2025,AMAT,2024-07-18,earnings,down,down,True,0.25,0.5541,earnings_release → earnings_miss → guidance_cut,False,,
CAT_2024Q3_earnings,earnings_sp500_2016_2025,CAT,2024-07-18,earnings,neutral,down,False,0.11,0.5541,earnings_release → earnings_miss → guidance_cut,False,,
PANW_2024Q3_earnings,earnings_sp500_2016_2025,PANW,2024-07-18,earnings,down,down,True,0.57,0.5541,earnings_release → earnings_miss → guidance_cut,False,,
REGN_2024Q3_earnings,earnings_sp500_2016_2025,REGN,2024-07-18,earnings,down,down,True,0.39,0.5541,earnings_release → earnings_miss → guidance_cut,False,,
UBER_2024Q3_earnings,earnings_sp500_2016_2025,UBER,2024-07-18,earnings,down,down,True,0.79,0.5541,earnings_release → earnings_miss → guidance_cut,False,,
AMZN_2024Q3_earnings,earnings_sp500_2016_2025,AMZN,2024-07-19,earnings,neutral,down,False,0.08,0.5541,earnings_release → earnings_miss → guidance_cut,False,,
JNJ_2024Q3_earnings,earnings_sp500_2016_2025,JNJ,2024-07-19,earnings,neutral,down,False,0.11,0.5541,earnings_release → earnings_miss → guidance_cut,False,,
META_2024Q3_earnings,earnings_sp500_2016_2025,META,2024-07-19,earnings,neutral,down,False,0.05,0.5541,earnings_release → earnings_miss → guidance_cut,False,,
PEP_2024Q3_earnings,earnings_sp500_2016_2025,PEP,2024-07-19,earnings,neutral,down,False,0.14,0.5541,earnings_release → earnings_miss → guidance_cut,False,,
ABT_2024Q3_earnings,earnings_sp500_2016_2025,ABT,2024-07-20,earnings,neutral,down,False,0.05,0.5541,earnings_release → earnings_miss → guidance_cut,True,,
LOW_2024Q3_earnings,earnings_sp500_2016_2025,LOW,2024-07-20,earnings,neutral,down,False,0.14,0.5541,earnings_release → earnings_miss → guidance_cut,True,,
RTX_2024Q3_earnings,earnings_sp500_2016_2025,RTX,2024-07-20,earnings,up,neutral,False,3.48,0.0749,earnings_release → earnings_beat → sector_etf_movement → institutional_rebalance,True,,
AAPL_2024Q3_earnings,earnings_sp500_2016_2025,AAPL,2024-07-21,earnings,down,down,True,4.03,0.5541,earnings_release → earnings_miss → guidance_cut,True,,
DIS_2024Q3_earnings,earnings_sp500_2016_2025,DIS,2024-07-21,earnings,down,down,True,4.26,0.5541,earnings_release → earnings_miss → guidance_cut,True,,
ABNB_2024Q3_earnings,earnings_sp500_2016_2025,ABNB,2024-07-22,earnings,up,neutral,False,1.47,0.0749,earnings_release → earnings_beat → sector_etf_movement → institutional_rebalance,False,,
COST_2024Q3_earnings,earnings_sp500_2016_2025,COST,2024-07-22,earnings,up,neutral,False,1.1,0.0749,earnings_release → earnings_beat → sector_etf_movement → institutional_rebalance,False,,
INTC_2024Q3_earnings,earnings_sp500_2016_2025,INTC,2024-07-22,earnings,up,neutral,False,1.17,0.0749,earnings_release → earnings_beat → sector_etf_movement → institutional_rebalance,False,,
NFLX_2024Q3_earnings,earnings_sp500_2016_2025,NFLX,2024-07-22,earnings,up,neutral,False,2.22,0.0749,earnings_release → earnings_beat → sector_etf_movement → institutional_rebalance,False,,
QCOM_2024Q3_earnings,earnings_sp500_2016_2025,QCOM,2024-07-22,earnings,up,neutral,False,4.67,0.0749,earnings_release → earnings_beat → sector_etf_movement → institutional_rebalance,False,,
V_2024Q3_earnings,earnings_sp500_2016_2025,V,2024-07-22,earnings,neutral,down,False,0.2,0.5541,earnings_release → earnings_miss → guidance_cut,False,,
BLK_2024Q3_earnings,earnings_sp500_2016_2025,BLK,2024-07-23,earnings,neutral,down,False,0.04,0.5541,earnings_release → earnings_miss → guidance_cut,False,,
CSCO_2024Q3_earnings,earnings_sp500_2016_2025,CSCO,2024-07-23,earnings,neutral,down,False,0.23,0.5541,earnings_release → earnings_miss → guidance_cut,False,,
LRCX_2024Q3_earnings,earnings_sp500_2016_2025,LRCX,2024-07-23,earnings,down,down,True,0.41,0.5541,earnings_release → earnings_miss → guidance_cut,False,,
ZM_2024Q3_earnings,earnings_sp500_2016_2025,ZM,2024-07-23,earnings,up,neutral,False,1.32,0.0749,earnings_release → earnings_beat → sector_etf_movement → institutional_rebalance,False,,
BA_2024Q3_earnings,earnings_sp500_2016_2025,BA,2024-07-24,earnings,down,down,True,0.79,0.5541,earnings_release → earnings_miss → guidance_cut,False,,
CVX_2024Q3_earnings,earnings_sp500_2016_2025,CVX,2024-07-24,earnings,neutral,down,False,0.15,0.5541,earnings_release → earnings_miss → guidance_cut,False,,
DOCU_2024Q3_earnings,earnings_sp500_2016_2025,DOCU,2024-07-24,earnings,down,down,True,0.95,0.5541,earnings_release → earnings_miss → guidance_cut,False,,
ROKU_2024Q3_earnings,earnings_sp500_2016_2025,ROKU,2024-07-24,earnings,down,down,True,2.41,0.5541,earnings_release → earnings_miss → guidance_cut,False,,
SHOP_2024Q3_earnings,earnings_sp500_2016_2025,SHOP,2024-07-24,earnings,down,down,True,1.25,0.5541,earnings_release → earnings_miss → guidance_cut,False,,
VRTX_2024Q3_earnings,earnings_sp500_2016_2025,VRTX,2024-07-24,earnings,neutral,down,False,0.02,0.5541,earnings_release → earnings_miss → guidance_cut,False,,
XOM_2024Q3_earnings,earnings_sp500_2016_2025,XOM,2024-07-24,earnings,up,neutral,False,1.4,0.0749,earnings_release → earnings_beat → sector_etf_movement → institutional_rebalance,False,,
CMCSA_2024Q4_earnings,earnings_sp500_2016_2025,CMCSA,2024-10-05,earnings,neutral,down,False,0.05,0.5541,earnings_release → earnings_miss → guidance_cut,True,,
ISRG_2024Q4_earnings,earnings_sp500_2016_2025,ISRG,2024-10-05,earnings,down,down,True,4.49,0.5541,earnings_release → earnings_miss → guidance_cut,True,,
MA_2024Q4_earnings,earnings_sp500_2016_2025,MA,2024-10-05,earnings,up,neutral,False,4.47,0.0749,earnings_release → earnings_beat → sector_etf_movement → institutional_rebalance,True,,
BRK.B_2024Q4_earnings,earnings_sp500_2016_2025,BRK.B,2024-10-06,earnings,down,down,True,3.34,0.5541,earnings_release → earnings_miss → guidance_cut,True,,
DHR_2024Q4_earnings,earnings_sp500_2016_2025,DHR,2024-10-06,earnings,down,down,True,2.88,0.5541,earnings_release → earnings_miss → guidance_cut,True,,
INTC_2024Q4_earnings,earnings_sp500_2016_2025,INTC,2024-10-06,earnings,up,neutral,False,4.47,0.0749,earnings_release → earnings_beat → sector_etf_movement → institutional_rebalance,True,,
JNJ_2024Q4_earnings,earnings_sp500_2016_2025,JNJ,2024-10-06,earnings,neutral,down,False,0.14,0.5541,earnings_release → earnings_miss → guidance_cut,True,,
PANW_2024Q4_earnings,earnings_sp500_2016_2025,PANW,2024-10-06,earnings,down,down,True,1.5,0.5541,earnings_release → earnings_miss → guidance_cut,True,,
QCOM_2024Q4_earnings,earnings_sp500_2016_2025,QCOM,2024-10-06,earnings,up,neutral,False,1.49,0.0749,earnings_release → earnings_beat → sector_etf_movement → institutional_rebalance,True,,
AMAT_2024Q4_earnings,earnings_sp500_2016_2025,AMAT,2024-10-07,earnings,neutral,down,False,0.21,0.5541,earnings_release → earnings_miss → guidance_cut,False,,
AVGO_2024Q4_earnings,earnings_sp500_2016_2025,AVGO,2024-10-07,earnings,neutral,down,False,0.2,0.5541,earnings_release → earnings_miss → guidance_cut,False,,
DOCU_2024Q4_earnings,earnings_sp500_2016_2025,DOCU,2024-10-07,earnings,down,down,True,0.38,0.5541,earnings_release → earnings_miss → guidance_cut,False,,
SQ_2024Q4_earnings,earnings_sp500_2016_2025,SQ,2024-10-07,earnings,up,neutral,False,14.4,0.0749,earnings_release → earnings_beat → sector_etf_movement → institutional_rebalance,True,,
VRTX_2024Q4_earnings,earnings_sp500_2016_2025,VRTX,2024-10-07,earnings,down,down,True,0.34,0.5541,earnings_release → earnings_miss → guidance_cut,False,,
DIS_2024Q4_earnings,earnings_sp500_2016_2025,DIS,2024-10-08,earnings,neutral,down,False,0.03,0.5541,earnings_release → earnings_miss → guidance_cut,False,,
SPGI_2024Q4_earnings,earnings_sp500_2016_2025,SPGI,2024-10-08,earnings,up,neutral,False,2.34,0.0749,earnings_release → earnings_beat → sector_etf_movement → institutional_rebalance,False,,
ABBV_2024Q4_earnings,earnings_sp500_2016_2025,ABBV,2024-10-09,earnings,neutral,down,False,0.21,0.5541,earnings_release → earnings_miss → guidance_cut,False,,
COIN_2024Q4_earnings,earnings_sp500_2016_2025,COIN,2024-10-09,earnings,neutral,down,False,0.1,0.5541,earnings_release → earnings_miss → guidance_cut,False,,
PG_2024Q4_earnings,earnings_sp500_2016_2025,PG,2024-10-09,earnings,neutral,down,False,0.15,0.5541,earnings_release → earnings_miss → guidance_cut,False,,
CAT_2024Q4_earnings,earnings_sp500_2016_2025,CAT,2024-10-10,earnings,neutral,down,False,0.03,0.5541,earnings_release → earnings_miss → guidance_cut,False,,
GE_2024Q4_earnings,earnings_sp500_2016_2025,GE,2024-10-10,earnings,neutral,down,False,0.14,0.5541,earnings_release → earnings_miss → guidance_cut,False,,
GS_2024Q4_earnings,earnings_sp500_2016_2025,GS,2024-10-10,earnings,neutral,down,False,0.07,0.5541,earnings_release → earnings_miss → guidance_cut,False,,
HON_2024Q4_earnings,earnings_sp500_2016_2025,HON,2024-10-10,earnings,neutral,down,False,0.01,0.5541,earnings_release → earnings_miss → guidance_cut,False,,
PM_2024Q4_earnings,earnings_sp500_2016_2025,PM,2024-10-10,earnings,neutral,down,False,0.15,0.5541,earnings_release → earnings_miss → guidance_cut,False,,
RTX_2024Q4_earnings,earnings_sp500_2016_2025,RTX,2024-10-10,earnings,neutral,down,False,0.19,0.5541,earnings_release → earnings_miss → guidance_cut,False,,
SNPS_2024Q4_earnings,earnings_sp500_2016_2025,SNPS,2024-10-10,earnings,neutral,down,False,0.18,0.5541,earnings_release → earnings_miss → guidance_cut,False,,
UNP_2024Q4_earnings,earnings_sp500_2016_2025,UNP,2024-10-10,earnings,neutral,down,False,0.11,0.5541,earnings_release → earnings_miss → guidance_cut,False,,
MCD_2024Q4_earnings,earnings_sp500_2016_2025,MCD,2024-10-11,earnings,neutral,down,False,0.08,0.5541,earnings_release → earnings_miss → guidance_cut,False,,
TSLA_2024Q4_earnings,earnings_sp500_2016_2025,TSLA,2024-10-11,earnings,down,down,True,2.02,0.5541,earnings_release → earnings_miss → guidance_cut,False,,
UNH_2024Q4_earnings,earnings_sp500_2016_2025,UNH,2024-10-11,earnings,neutral,down,False,0.01,0.5541,earnings_release → earnings_miss → guidance_cut,False,,
CDNS_2024Q4_earnings,earnings_sp500_2016_2025,CDNS,2024-10-12,earnings,up,neutral,False,12.41,0.0749,earnings_release → earnings_beat → sector_etf_movement → institutional_rebalance,True,,
BA_2024Q4_earnings,earnings_sp500_2016_2025,BA,2024-10-13,earnings,neutral,down,False,0.05,0.5541,earnings_release → earnings_miss → guidance_cut,True,,
MDT_2024Q4_earnings,earnings_sp500_2016_2025,MDT,2024-10-13,earnings,neutral,down,False,0.23,0.5541,earnings_release → earnings_miss → guidance_cut,True,,
NFLX_2024Q4_earnings,earnings_sp500_2016_2025,NFLX,2024-10-13,earnings,neutral,down,False,0.14,0.5541,earnings_release → earnings_miss → guidance_cut,True,,
BLK_2024Q4_earnings,earnings_sp500_2016_2025,BLK,2024-10-14,earnings,neutral,down,False,0.03,0.5541,earnings_release → earnings_miss → guidance_cut,False,,
IBM_2024Q4_earnings,earnings_sp500_2016_2025,IBM,2024-10-14,earnings,neutral,down,False,0.2,0.5541,earnings_release → earnings_miss → guidance_cut,False,,
PEP_2024Q4_earnings,earnings_sp500_2016_2025,PEP,2024-10-14,earnings,neutral,down,False,0.17,0.5541,earnings_release → earnings_miss → guidance_cut,False,,
TMO_2024Q4_earnings,earnings_sp500_2016_2025,TMO,2024-10-14,earnings,up,neutral,False,1.14,0.0749,earnings_release → earnings_beat → sector_etf_movement → institutional_rebalance,False,,
TXN_2024Q4_earnings,earnings_sp500_2016_2025,TXN,2024-10-14,earnings,up,neutral,False,1.72,0.0749,earnings_release → earnings_beat → sector_etf_movement → institutional_rebalance,False,,
WMT_2024Q4_earnings,earnings_sp500_2016_2025,WMT,2024-10-14,earnings,neutral,down,False,0.06,0.5541,earnings_release → earnings_miss → guidance_cut,False,,
XOM_2024Q4_earnings,earnings_sp500_2016_2025,XOM,2024-10-14,earnings,neutral,down,False,0.09,0.5541,earnings_release → earnings_miss → guidance_cut,False,,
AAPL_2024Q4_earnings,earnings_sp500_2016_2025,AAPL,2024-10-15,earnings,up,neutral,False,1.09,0.0749,earnings_release → earnings_beat → sector_etf_movement → institutional_rebalance,False,,
ADBE_2024Q4_earnings,earnings_sp500_2016_2025,ADBE,2024-10-15,earnings,neutral,down,False,0.07,0.5541,earnings_release → earnings_miss → guidance_cut,False,,
CRM_2024Q4_earnings,earnings_sp500_2016_2025,CRM,2024-10-15,earnings,down,down,True,0.26,0.5541,earnings_release → earnings_miss → guidance_cut,False,,
HD_2024Q4_earnings,earnings_sp500_2016_2025,HD,2024-10-15,earnings,neutral,down,False,0.01,0.5541,earnings_release → earnings_miss → guidance_cut,False,,
LOW_2024Q4_earnings,earnings_sp500_2016_2025,LOW,2024-10-15,earnings,neutral,down,False,0.09,0.5541,earnings_release → earnings_miss → guidance_cut,False,,
MRK_2024Q4_earnings,earnings_sp500_2016_2025,MRK,2024-10-15,earnings,up,neutral,False,1.67,0.0749,earnings_release → earnings_beat → sector_etf_movement → institutional_rebalance,False,,
PYPL_2024Q4_earnings,earnings_sp500_2016_2025,PYPL,2024-10-15,earnings,down,down,True,0.32,0.5541,earnings_release → earnings_miss → guidance_cut,False,,
UBER_2024Q4_earnings,earnings_sp500_2016_2025,UBER,2024-10-15,earnings,down,down,True,0.47,0.5541,earnings_release → earnings_miss → guidance_cut,False,,
V_2024Q4_earnings,earnings_sp500_2016_2025,V,2024-10-15,earnings,neutral,down,False,0.12,0.5541,earnings_release → earnings_miss → guidance_cut,False,,
SNAP_2024Q4_earnings,earnings_sp500_2016_2025,SNAP,2024-10-16,earnings,down,down,True,0.59,0.5541,earnings_release → earnings_miss → guidance_cut,False,,
ABT_2024Q4_earnings,earnings_sp500_2016_2025,ABT,2024-10-17,earnings,neutral,down,False,0.01,0.5541,earnings_release → earnings_miss → guidance_cut,False,,
WFC_2024Q4_earnings,earnings_sp500_2016_2025,WFC,2024-10-17,earnings,neutral,down,False,0.18,0.5541,earnings_release → earnings_miss → guidance_cut,False,,
ABNB_2024Q4_earnings,earnings_sp500_2016_2025,ABNB,2024-10-18,earnings,neutral,down,False,0.07,0.5541,earnings_release → earnings_miss → guidance_cut,False,,
GILD_2024Q4_earnings,earnings_sp500_2016_2025,GILD,2024-10-18,earnings,neutral,down,False,0.17,0.5541,earnings_release → earnings_miss → guidance_cut,False,,
JPM_2024Q4_earnings,earnings_sp500_2016_2025,JPM,2024-10-18,earnings,neutral,down,False,0.1,0.5541,earnings_release → earnings_miss → guidance_cut,False,,
UPS_2024Q4_earnings,earnings_sp500_2016_2025,UPS,2024-10-18,earnings,neutral,down,False,0.09,0.5541,earnings_release → earnings_miss → guidance_cut,False,,
AMD_2024Q4_earnings,earnings_sp500_2016_2025,AMD,2024-10-19,earnings,neutral,down,False,0.14,0.5541,earnings_release → earnings_miss → guidance_cut,True,,
AMZN_2024Q4_earnings,earnings_sp500_2016_2025,AMZN,2024-10-19,earnings,up,neutral,False,11.42,0.0749,earnings_release → earnings_beat → sector_etf_movement → institutional_rebalance,True,,
MSFT_2024Q4_earnings,earnings_sp500_2016_2025,MSFT,2024-10-19,earnings,neutral,down,False,0.05,0.5541,earnings_release → earnings_miss → guidance_cut,True,,
ROKU_2024Q4_earnings,earnings_sp500_2016_2025,ROKU,2024-10-19,earnings,neutral,down,False,0.14,0.5541,earnings_release → earnings_miss → guidance_cut,True,,
SBUX_2024Q4_earnings,earnings_sp500_2016_2025,SBUX,2024-10-19,earnings,down,down,True,0.58,0.5541,earnings_release → earnings_miss → guidance_cut,True,,
SHOP_2024Q4_earnings,earnings_sp500_2016_2025,SHOP,2024-10-19,earnings,down,down,True,2.88,0.5541,earnings_release → earnings_miss → guidance_cut,True,,
BKNG_2024Q4_earnings,earnings_sp500_2016_2025,BKNG,2024-10-20,earnings,down,down,True,2.65,0.5541,earnings_release → earnings_miss → guidance_cut,True,,
CVX_2024Q4_earnings,earnings_sp500_2016_2025,CVX,2024-10-20,earnings,down,down,True,2.42,0.5541,earnings_release → earnings_miss → guidance_cut,True,,
GOOGL_2024Q4_earnings,earnings_sp500_2016_2025,GOOGL,2024-10-20,earnings,down,down,True,3.34,0.5541,earnings_release → earnings_miss → guidance_cut,True,,
KO_2024Q4_earnings,earnings_sp500_2016_2025,KO,2024-10-20,earnings,neutral,down,False,0.14,0.5541,earnings_release → earnings_miss → guidance_cut,True,,
LRCX_2024Q4_earnings,earnings_sp500_2016_2025,LRCX,2024-10-20,earnings,neutral,down,False,0.14,0.5541,earnings_release → earnings_miss → guidance_cut,True,,
NVDA_2024Q4_earnings,earnings_sp500_2016_2025,NVDA,2024-10-21,earnings,up,neutral,False,4.11,0.0749,earnings_release → earnings_beat → sector_etf_movement → institutional_rebalance,False,,
REGN_2024Q4_earnings,earnings_sp500_2016_2025,REGN,2024-10-21,earnings,down,down,True,0.52,0.5541,earnings_release → earnings_miss → guidance_cut,False,,
AXP_2024Q4_earnings,earnings_sp500_2016_2025,AXP,2024-10-22,earnings,neutral,down,False,0.14,0.5541,earnings_release → earnings_miss → guidance_cut,False,,
CSCO_2024Q4_earnings,earnings_sp500_2016_2025,CSCO,2024-10-23,earnings,neutral,down,False,0.13,0.5541,earnings_release → earnings_miss → guidance_cut,False,,
NKE_2024Q4_earnings,earnings_sp500_2016_2025,NKE,2024-10-23,earnings,down,down,True,0.39,0.5541,earnings_release → earnings_miss → guidance_cut,False,,
VZ_2024Q4_earnings,earnings_sp500_2016_2025,VZ,2024-10-23,earnings,up,neutral,False,3.26,0.0749,earnings_release → earnings_beat → sector_etf_movement → institutional_rebalance,False,,
ACN_2024Q4_earnings,earnings_sp500_2016_2025,ACN,2024-10-24,earnings,down,down,True,0.4,0.5541,earnings_release → earnings_miss → guidance_cut,False,,
ADI_2024Q4_earnings,earnings_sp500_2016_2025,ADI,2024-10-24,earnings,up,neutral,False,1.24,0.0749,earnings_release → earnings_beat → sector_etf_movement → institutional_rebalance,False,,
COST_2024Q4_earnings,earnings_sp500_2016_2025,COST,2024-10-24,earnings,neutral,down,False,0.15,0.5541,earnings_release → earnings_miss → guidance_cut,False,,
META_2024Q4_earnings,earnings_sp500_2016_2025,META,2024-10-24,earnings,neutral,down,False,0.17,0.5541,earnings_release → earnings_miss → guidance_cut,False,,
MS_2024Q4_earnings,earnings_sp500_2016_2025,MS,2024-10-24,earnings,neutral,down,False,0.17,0.5541,earnings_release → earnings_miss → guidance_cut,False,,
ZM_2024Q4_earnings,earnings_sp500_2016_2025,ZM,2024-10-24,earnings,neutral,down,False,0.04,0.5541,earnings_release → earnings_miss → guidance_cut,False,,
BA_2025Q1_earnings,earnings_sp500_2016_2025,BA,2025-01-05,earnings,down,down,True,1.5,0.5541,earnings_release → earnings_miss → guidance_cut,True,,
MRK_2025Q1_earnings,earnings_sp500_2016_2025,MRK,2025-01-05,earnings,neutral,down,False,0.14,0.5541,earnings_release → earnings_miss → guidance_cut,True,,
MSFT_2025Q1_earnings,earnings_sp500_2016_2025,MSFT,2025-01-05,earnings,neutral,down,False,0.23,0.5541,earnings_release → earnings_miss → guidance_cut,True,,
BRK.B_2025Q1_earnings,earnings_sp500_2016_2025,BRK.B,2025-01-06,earnings,neutral,down,False,0.11,0.5541,earnings_release → earnings_miss → guidance_cut,False,,
NVDA_2025Q1_earnings,earnings_sp500_2016_2025,NVDA,2025-01-06,earnings,up,neutral,False,3.41,0.0749,earnings_release → earnings_beat → sector_etf_movement → institutional_rebalance,False,,
SNAP_2025Q1_earnings,earnings_sp500_2016_2025,SNAP,2025-01-06,earnings,up,neutral,False,4.97,0.0749,earnings_release → earnings_beat → sector_etf_movement → institutional_rebalance,False,,
TXN_2025Q1_earnings,earnings_sp500_2016_2025,TXN,2025-01-06,earnings,neutral,down,False,0.2,0.5541,earnings_release → earnings_miss → guidance_cut,False,,
UPS_2025Q1_earnings,earnings_sp500_2016_2025,UPS,2025-01-06,earnings,neutral,down,False,0.08,0.5541,earnings_release → earnings_miss → guidance_cut,False,,
ZM_2025Q1_earnings,earnings_sp500_2016_2025,ZM,2025-01-06,earnings,neutral,down,False,0.1,0.5541,earnings_release → earnings_miss → guidance_cut,False,,
CVX_2025Q1_earnings,earnings_sp500_2016_2025,CVX,2025-01-07,earnings,up,neutral,False,1.57,0.0749,earnings_release → earnings_beat → sector_etf_movement → institutional_rebalance,False,,
GOOGL_2025Q1_earnings,earnings_sp500_2016_2025,GOOGL,2025-01-07,earnings,neutral,down,False,0.16,0.5541,earnings_release → earnings_miss → guidance_cut,False,,
LOW_2025Q1_earnings,earnings_sp500_2016_2025,LOW,2025-01-07,earnings,down,down,True,0.29,0.5541,earnings_release → earnings_miss → guidance_cut,False,,
MCD_2025Q1_earnings,earnings_sp500_2016_2025,MCD,2025-01-07,earnings,neutral,down,False,0.22,0.5541,earnings_release → earnings_miss → guidance_cut,False,,
QCOM_2025Q1_earnings,earnings_sp500_2016_2025,QCOM,2025-01-07,earnings,neutral,down,False,0.1,0.5541,earnings_release → earnings_miss → guidance_cut,False,,
WFC_2025Q1_earnings,earnings_sp500_2016_2025,WFC,2025-01-07,earnings,neutral,down,False,0.14,0.5541,earnings_release → earnings_miss → guidance_cut,False,,
DOCU_2025Q1_earnings,earnings_sp500_2016_2025,DOCU,2025-01-08,earnings,up,neutral,False,1.41,0.0749,earnings_release → earnings_beat → sector_etf_movement → institutional_rebalance,False,,
SBUX_2025Q1_earnings,earnings_sp500_2016_2025,SBUX,2025-01-08,earnings,neutral,down,False,0.06,0.5541,earnings_release → earnings_miss → guidance_cut,False,,
VZ_2025Q1_earnings,earnings_sp500_2016_2025,VZ,2025-01-08,earnings,neutral,down,False,0.01,0.5541,earnings_release → earnings_miss → guidance_cut,False,,
WMT_2025Q1_earnings,earnings_sp500_2016_2025,WMT,2025-01-08,earnings,up,neutral,False,1.08,0.0749,earnings_release → earnings_beat → sector_etf_movement → institutional_rebalance,False,,
BLK_2025Q1_earnings,earnings_sp500_2016_2025,BLK,2025-01-09,earnings,down,down,True,1.5,0.5541,earnings_release → earnings_miss → guidance_cut,True,,
CDNS_2025Q1_earnings,earnings_sp500_2016_2025,CDNS,2025-01-09,earnings,neutral,down,False,0.14,0.5541,earnings_release → earnings_miss → guidance_cut,True,,
COST_2025Q1_earnings,earnings_sp500_2016_2025,COST,2025-01-10,earnings,up,neutral,False,1.02,0.0749,earnings_release → earnings_beat → sector_etf_movement → institutional_rebalance,False,,
ISRG_2025Q1_earnings,earnings_sp500_2016_2025,ISRG,2025-01-10,earnings,neutral,down,False,0.15,0.5541,earnings_release → earnings_miss → guidance_cut,False,,
UNH_2025Q1_earnings,earnings_sp500_2016_2025,UNH,2025-01-10,earnings,neutral,down,False,0.17,0.5541,earnings_release → earnings_miss → guidance_cut,False,,
AMAT_2025Q1_earnings,earnings_sp500_2016_2025,AMAT,2025-01-11,earnings,up,neutral,False,7.45,0.0749,earnings_release → earnings_beat → sector_etf_movement → institutional_rebalance,True,,
GS_2025Q1_earnings,earnings_sp500_2016_2025,GS,2025-01-11,earnings,up,neutral,False,7.45,0.0749,earnings_release → earnings_beat → sector_etf_movement → institutional_rebalance,True,,
HD_2025Q1_earnings,earnings_sp500_2016_2025,HD,2025-01-11,earnings,neutral,down,False,0.05,0.5541,earnings_release → earnings_miss → guidance_cut,True,,
JPM_2025Q1_earnings,earnings_sp500_2016_2025,JPM,2025-01-11,earnings,up,neutral,False,11.42,0.0749,earnings_release → earnings_beat → sector_etf_movement → institutional_rebalance,True,,
MDT_2025Q1_earnings,earnings_sp500_2016_2025,MDT,2025-01-11,earnings,up,neutral,False,7.45,0.0749,earnings_release → earnings_beat → sector_etf_movement → institutional_rebalance,True,,
SPGI_2025Q1_earnings,earnings_sp500_2016_2025,SPGI,2025-01-11,earnings,down,down,True,2.19,0.5541,earnings_release → earnings_miss → guidance_cut,True,,
TMO_2025Q1_earnings,earnings_sp500_2016_2025,TMO,2025-01-11,earnings,up,neutral,False,6.45,0.0749,earnings_release → earnings_beat → sector_etf_movement → institutional_rebalance,True,,
AAPL_2025Q1_earnings,earnings_sp500_2016_2025,AAPL,2025-01-12,earnings,up,neutral,False,1.49,0.0749,earnings_release → earnings_beat → sector_etf_movement → institutional_rebalance,True,,
MS_2025Q1_earnings,earnings_sp500_2016_2025,MS,2025-01-12,earnings,down,down,True,2.65,0.5541,earnings_release → earnings_miss → guidance_cut,True,,
SHOP_2025Q1_earnings,earnings_sp500_2016_2025,SHOP,2025-01-12,earnings,down,down,True,4.49,0.5541,earnings_release → earnings_miss → guidance_cut,True,,
VRTX_2025Q1_earnings,earnings_sp500_2016_2025,VRTX,2025-01-12,earnings,up,neutral,False,14.4,0.0749,earnings_release → earnings_beat → sector_etf_movement → institutional_rebalance,True,,
ADBE_2025Q1_earnings,earnings_sp500_2016_2025,ADBE,2025-01-13,earnings,neutral,down,False,0.15,0.5541,earnings_release → earnings_miss → guidance_cut,False,,
AMZN_2025Q1_earnings,earnings_sp500_2016_2025,AMZN,2025-01-13,earnings,neutral,down,False,0.05,0.5541,earnings_release → earnings_miss → guidance_cut,False,,
AVGO_2025Q1_earnings,earnings_sp500_2016_2025,AVGO,2025-01-13,earnings,neutral,down,False,0.1,0.5541,earnings_release → earnings_miss → guidance_cut,False,,
GILD_2025Q1_earnings,earnings_sp500_2016_2025,GILD,2025-01-13,earnings,neutral,down,False,0.02,0.5541,earnings_release → earnings_miss → guidance_cut,False,,
NFLX_2025Q1_earnings,earnings_sp500_2016_2025,NFLX,2025-01-13,earnings,neutral,down,False,0.07,0.5541,earnings_release → earnings_miss → guidance_cut,False,,
ADI_2025Q1_earnings,earnings_sp500_2016_2025,ADI,2025-01-14,earnings,neutral,down,False,0.18,0.5541,earnings_release → earnings_miss → guidance_cut,False,,
SNPS_2025Q1_earnings,earnings_sp500_2016_2025,SNPS,2025-01-14,earnings,neutral,down,False,0.14,0.5541,earnings_release → earnings_miss → guidance_cut,False,,
ABBV_2025Q1_earnings,earnings_sp500_2016_2025,ABBV,2025-01-15,earnings,down,down,True,0.55,0.5541,earnings_release → earnings_miss → guidance_cut,False,,
ABT_2025Q1_earnings,earnings_sp500_2016_2025,ABT,2025-01-15,earnings,down,down,True,0.39,0.5541,earnings_release → earnings_miss → guidance_cut,False,,
AMD_2025Q1_earnings,earnings_sp500_2016_2025,AMD,2025-01-15,earnings,up,neutral,False,3.31,0.0749,earnings_release → earnings_beat → sector_etf_movement → institutional_rebalance,False,,
PEP_2025Q1_earnings,earnings_sp500_2016_2025,PEP,2025-01-15,earnings,neutral,down,False,0.03,0.5541,earnings_release → earnings_miss → guidance_cut,False,,
AXP_2025Q1_earnings,earnings_sp500_2016_2025,AXP,2025-01-16,earnings,neutral,down,False,0.06,0.5541,earnings_release → earnings_miss → guidance_cut,False,,
LRCX_2025Q1_earnings,earnings_sp500_2016_2025,LRCX,2025-01-16,earnings,up,neutral,False,4.0,0.0749,earnings_release → earnings_beat → sector_etf_movement → institutional_rebalance,False,,
META_2025Q1_earnings,earnings_sp500_2016_2025,META,2025-01-16,earnings,neutral,down,False,0.22,0.5541,earnings_release → earnings_miss → guidance_cut,False,,
PG_2025Q1_earnings,earnings_sp500_2016_2025,PG,2025-01-16,earnings,neutral,down,False,0.12,0.5541,earnings_release → earnings_miss → guidance_cut,False,,
PM_2025Q1_earnings,earnings_sp500_2016_2025,PM,2025-01-16,earnings,up,neutral,False,1.08,0.0749,earnings_release → earnings_beat → sector_etf_movement → institutional_rebalance,False,,
TSLA_2025Q1_earnings,earnings_sp500_2016_2025,TSLA,2025-01-16,earnings,down,down,True,0.77,0.5541,earnings_release → earnings_miss → guidance_cut,False,,
XOM_2025Q1_earnings,earnings_sp500_2016_2025,XOM,2025-01-16,earnings,neutral,down,False,0.04,0.5541,earnings_release → earnings_miss → guidance_cut,False,,
ABNB_2025Q1_earnings,earnings_sp500_2016_2025,ABNB,2025-01-17,earnings,up,neutral,False,2.22,0.0749,earnings_release → earnings_beat → sector_etf_movement → institutional_rebalance,False,,
DIS_2025Q1_earnings,earnings_sp500_2016_2025,DIS,2025-01-17,earnings,neutral,down,False,0.12,0.5541,earnings_release → earnings_miss → guidance_cut,False,,
GE_2025Q1_earnings,earnings_sp500_2016_2025,GE,2025-01-17,earnings,up,neutral,False,1.72,0.0749,earnings_release → earnings_beat → sector_etf_movement → institutional_rebalance,False,,
JNJ_2025Q1_earnings,earnings_sp500_2016_2025,JNJ,2025-01-17,earnings,neutral,down,False,0.12,0.5541,earnings_release → earnings_miss → guidance_cut,False,,
RTX_2025Q1_earnings,earnings_sp500_2016_2025,RTX,2025-01-17,earnings,neutral,down,False,0.12,0.5541,earnings_release → earnings_miss → guidance_cut,False,,
INTC_2025Q1_earnings,earnings_sp500_2016_2025,INTC,2025-01-18,earnings,up,neutral,False,4.47,0.0749,earnings_release → earnings_beat → sector_etf_movement → institutional_rebalance,True,,
CRM_2025Q1_earnings,earnings_sp500_2016_2025,CRM,2025-01-19,earnings,up,neutral,False,4.47,0.0749,earnings_release → earnings_beat → sector_etf_movement → institutional_rebalance,True,,
HON_2025Q1_earnings,earnings_sp500_2016_2025,HON,2025-01-19,earnings,neutral,down,False,0.14,0.5541,earnings_release → earnings_miss → guidance_cut,True,,
KO_2025Q1_earnings,earnings_sp500_2016_2025,KO,2025-01-19,earnings,down,down,True,0.58,0.5541,earnings_release → earnings_miss → guidance_cut,True,,
NKE_2025Q1_earnings,earnings_sp500_2016_2025,NKE,2025-01-19,earnings,up,neutral,False,8.44,0.0749,earnings_release → earnings_beat → sector_etf_movement → institutional_rebalance,True,,
ACN_2025Q1_earnings,earnings_sp500_2016_2025,ACN,2025-01-21,earnings,up,neutral,False,1.08,0.0749,earnings_release → earnings_beat → sector_etf_movement → institutional_rebalance,False,,
PANW_2025Q1_earnings,earnings_sp500_2016_2025,PANW,2025-01-21,earnings,up,neutral,False,3.58,0.0749,earnings_release → earnings_beat → sector_etf_movement → institutional_rebalance,False,,
PYPL_2025Q1_earnings,earnings_sp500_2016_2025,PYPL,2025-01-21,earnings,down,down,True,0.51,0.5541,earnings_release → earnings_miss → guidance_cut,False,,
ROKU_2025Q1_earnings,earnings_sp500_2016_2025,ROKU,2025-01-21,earnings,up,neutral,False,5.03,0.0749,earnings_release → earnings_beat → sector_etf_movement → institutional_rebalance,False,,
SQ_2025Q1_earnings,earnings_sp500_2016_2025,SQ,2025-01-21,earnings,up,neutral,False,11.42,0.0749,earnings_release → earnings_beat → sector_etf_movement → institutional_rebalance,True,,
CMCSA_2025Q1_earnings,earnings_sp500_2016_2025,CMCSA,2025-01-22,earnings,neutral,down,False,0.09,0.5541,earnings_release → earnings_miss → guidance_cut,False,,
COIN_2025Q1_earnings,earnings_sp500_2016_2025,COIN,2025-01-22,earnings,neutral,down,False,0.13,0.5541,earnings_release → earnings_miss → guidance_cut,False,,
V_2025Q1_earnings,earnings_sp500_2016_2025,V,2025-01-22,earnings,neutral,down,False,0.0,0.5541,earnings_release → earnings_miss → guidance_cut,False,,
CSCO_2025Q1_earnings,earnings_sp500_2016_2025,CSCO,2025-01-23,earnings,neutral,down,False,0.22,0.5541,earnings_release → earnings_miss → guidance_cut,False,,
DHR_2025Q1_earnings,earnings_sp500_2016_2025,DHR,2025-01-23,earnings,neutral,down,False,0.14,0.5541,earnings_release → earnings_miss → guidance_cut,False,,
BKNG_2025Q1_earnings,earnings_sp500_2016_2025,BKNG,2025-01-24,earnings,down,down,True,0.26,0.5541,earnings_release → earnings_miss → guidance_cut,False,,
CAT_2025Q1_earnings,earnings_sp500_2016_2025,CAT,2025-01-24,earnings,neutral,down,False,0.07,0.5541,earnings_release → earnings_miss → guidance_cut,False,,
IBM_2025Q1_earnings,earnings_sp500_2016_2025,IBM,2025-01-24,earnings,neutral,down,False,0.13,0.5541,earnings_release → earnings_miss → guidance_cut,False,,
MA_2025Q1_earnings,earnings_sp500_2016_2025,MA,2025-01-24,earnings,neutral,down,False,0.03,0.5541,earnings_release → earnings_miss → guidance_cut,False,,
REGN_2025Q1_earnings,earnings_sp500_2016_2025,REGN,2025-01-24,earnings,down,down,True,0.62,0.5541,earnings_release → earnings_miss → guidance_cut,False,,
UBER_2025Q1_earnings,earnings_sp500_2016_2025,UBER,2025-01-24,earnings,neutral,down,False,0.09,0.5541,earnings_release → earnings_miss → guidance_cut,False,,
UNP_2025Q1_earnings,earnings_sp500_2016_2025,UNP,2025-01-24,earnings,neutral,down,False,0.07,0.5541,earnings_release → earnings_miss → guidance_cut,False,,
DHR_2025Q2_earnings,earnings_sp500_2016_2025,DHR,2025-04-05,earnings,neutral,down,False,0.14,0.5541,earnings_release → earnings_miss → guidance_cut,True,,
GOOGL_2025Q2_earnings,earnings_sp500_2016_2025,GOOGL,2025-04-05,earnings,neutral,down,False,0.05,0.5541,earnings_release → earnings_miss → guidance_cut,True,,
ZM_2025Q2_earnings,earnings_sp500_2016_2025,ZM,2025-04-05,earnings,down,down,True,2.88,0.5541,earnings_release → earnings_miss → guidance_cut,True,,
DIS_2025Q2_earnings,earnings_sp500_2016_2025,DIS,2025-04-06,earnings,down,down,True,2.65,0.5541,earnings_release → earnings_miss → guidance_cut,True,,
KO_2025Q2_earnings,earnings_sp500_2016_2025,KO,2025-04-07,earnings,down,down,True,0.51,0.5541,earnings_release → earnings_miss → guidance_cut,False,,
COST_2025Q2_earnings,earnings_sp500_2016_2025,COST,2025-04-08,earnings,neutral,down,False,0.02,0.5541,earnings_release → earnings_miss → guidance_cut,False,,
NFLX_2025Q2_earnings,earnings_sp500_2016_2025,NFLX,2025-04-08,earnings,neutral,down,False,0.07,0.5541,earnings_release → earnings_miss → guidance_cut,False,,
SPGI_2025Q2_earnings,earnings_sp500_2016_2025,SPGI,2025-04-08,earnings,neutral,down,False,0.17,0.5541,earnings_release → earnings_miss → guidance_cut,False,,
VZ_2025Q2_earnings,earnings_sp500_2016_2025,VZ,2025-04-08,earnings,neutral,down,False,0.22,0.5541,earnings_release → earnings_miss → guidance_cut,False,,
WMT_2025Q2_earnings,earnings_sp500_2016_2025,WMT,2025-04-08,earnings,down,down,True,0.56,0.5541,earnings_release → earnings_miss → guidance_cut,False,,
XOM_2025Q2_earnings,earnings_sp500_2016_2025,XOM,2025-04-08,earnings,down,down,True,0.49,0.5541,earnings_release → earnings_miss → guidance_cut,False,,
LRCX_2025Q2_earnings,earnings_sp500_2016_2025,LRCX,2025-04-09,earnings,up,neutral,False,17.89,0.0749,earnings_release → earnings_beat → sector_etf_movement → institutional_rebalance,False,,
META_2025Q2_earnings,earnings_sp500_2016_2025,META,2025-04-09,earnings,up,neutral,False,14.66,0.0749,earnings_release → earnings_beat → sector_etf_movement → institutional_rebalance,False,,
ABT_2025Q2_earnings,earnings_sp500_2016_2025,ABT,2025-04-10,earnings,down,down,True,0.46,0.5541,earnings_release → earnings_miss → guidance_cut,False,,
TSLA_2025Q2_earnings,earnings_sp500_2016_2025,TSLA,2025-04-10,earnings,down,down,True,1.68,0.5541,earnings_release → earnings_miss → guidance_cut,False,,
UNP_2025Q2_earnings,earnings_sp500_2016_2025,UNP,2025-04-10,earnings,down,down,True,0.43,0.5541,earnings_release → earnings_miss → guidance_cut,False,,
ISRG_2025Q2_earnings,earnings_sp500_2016_2025,ISRG,2025-04-11,earnings,neutral,down,False,0.19,0.5541,earnings_release → earnings_miss → guidance_cut,False,,
LOW_2025Q2_earnings,earnings_sp500_2016_2025,LOW,2025-04-11,earnings,neutral,down,False,0.09,0.5541,earnings_release → earnings_miss → guidance_cut,False,,
AAPL_2025Q2_earnings,earnings_sp500_2016_2025,AAPL,2025-04-12,earnings,neutral,down,False,0.14,0.5541,earnings_release → earnings_miss → guidance_cut,True,,
ADBE_2025Q2_earnings,earnings_sp500_2016_2025,ADBE,2025-04-12,earnings,neutral,down,False,0.14,0.5541,earnings_release → earnings_miss → guidance_cut,True,,
BLK_2025Q2_earnings,earnings_sp500_2016_2025,BLK,2025-04-12,earnings,down,down,True,1.04,0.5541,earnings_release → earnings_miss → guidance_cut,True,,
DOCU_2025Q2_earnings,earnings_sp500_2016_2025,DOCU,2025-04-12,earnings,neutral,down,False,0.14,0.5541,earnings_release → earnings_miss → guidance_cut,True,,
HON_2025Q2_earnings,earnings_sp500_2016_2025,HON,2025-04-12,earnings,up,neutral,False,1.49,0.0749,earnings_release → earnings_beat → sector_etf_movement → institutional_rebalance,True,,
IBM_2025Q2_earnings,earnings_sp500_2016_2025,IBM,2025-04-12,earnings,neutral,down,False,0.23,0.5541,earnings_release → earnings_miss → guidance_cut,True,,
PEP_2025Q2_earnings,earnings_sp500_2016_2025,PEP,2025-04-12,earnings,up,neutral,False,12.41,0.0749,earnings_release → earnings_beat → sector_etf_movement → institutional_rebalance,True,,
REGN_2025Q2_earnings,earnings_sp500_2016_2025,REGN,2025-04-12,earnings,down,down,True,3.57,0.5541,earnings_release → earnings_miss → guidance_cut,True,,
ADI_2025Q2_earnings,earnings_sp500_2016_2025,ADI,2025-04-13,earnings,down,down,True,1.5,0.5541,earnings_release → earnings_miss → guidance_cut,True,,
COIN_2025Q2_earnings,earnings_sp500_2016_2025,COIN,2025-04-13,earnings,up,neutral,False,9.43,0.0749,earnings_release → earnings_beat → sector_etf_movement → institutional_rebalance,True,,
CSCO_2025Q2_earnings,earnings_sp500_2016_2025,CSCO,2025-04-13,earnings,up,neutral,False,7.45,0.0749,earnings_release → earnings_beat → sector_etf_movement → institutional_rebalance,True,,
UNH_2025Q2_earnings,earnings_sp500_2016_2025,UNH,2025-04-13,earnings,neutral,down,False,0.14,0.5541,earnings_release → earnings_miss → guidance_cut,True,,
MDT_2025Q2_earnings,earnings_sp500_2016_2025,MDT,2025-04-14,earnings,up,neutral,False,1.58,0.0749,earnings_release → earnings_beat → sector_etf_movement → institutional_rebalance,False,,
PANW_2025Q2_earnings,earnings_sp500_2016_2025,PANW,2025-04-14,earnings,neutral,down,False,0.22,0.5541,earnings_release → earnings_miss → guidance_cut,False,,
SHOP_2025Q2_earnings,earnings_sp500_2016_2025,SHOP,2025-04-14,earnings,down,down,True,0.26,0.5541,earnings_release → earnings_miss → guidance_cut,False,,
AMAT_2025Q2_earnings,earnings_sp500_2016_2025,AMAT,2025-04-15,earnings,neutral,down,False,0.15,0.5541,earnings_release → earnings_miss → guidance_cut,False,,
BKNG_2025Q2_earnings,earnings_sp500_2016_2025,BKNG,2025-04-15,earnings,up,neutral,False,1.21,0.0749,earnings_release → earnings_beat → sector_etf_movement → institutional_rebalance,False,,
JNJ_2025Q2_earnings,earnings_sp500_2016_2025,JNJ,2025-04-15,earnings,neutral,down,False,0.11,0.5541,earnings_release → earnings_miss → guidance_cut,False,,
CAT_2025Q2_earnings,earnings_sp500_2016_2025,CAT,2025-04-16,earnings,down,down,True,0.26,0.5541,earnings_release → earnings_miss → guidance_cut,False,,
CRM_2025Q2_earnings,earnings_sp500_2016_2025,CRM,2025-04-16,earnings,down,down,True,0.46,0.5541,earnings_release → earnings_miss → guidance_cut,False,,
MCD_2025Q2_earnings,earnings_sp500_2016_2025,MCD,2025-04-16,earnings,down,down,True,0.25,0.5541,earnings_release → earnings_miss → guidance_cut,False,,
MS_2025Q2_earnings,earnings_sp500_2016_2025,MS,2025-04-16,earnings,down,down,True,0.54,0.5541,earnings_release → earnings_miss → guidance_cut,False,,
MSFT_2025Q2_earnings,earnings_sp500_2016_2025,MSFT,2025-04-16,earnings,down,down,True,0.84,0.5541,earnings_release → earnings_miss → guidance_cut,False,,
TMO_2025Q2_earnings,earnings_sp500_2016_2025,TMO,2025-04-16,earnings,neutral,down,False,0.22,0.5541,earnings_release → earnings_miss → guidance_cut,False,,
ABBV_2025Q2_earnings,earnings_sp500_2016_2025,ABBV,2025-04-17,earnings,neutral,down,False,0.18,0.5541,earnings_release → earnings_miss → guidance_cut,False,,
ACN_2025Q2_earnings,earnings_sp500_2016_2025,ACN,2025-04-17,earnings,down,down,True,0.23,0.5541,earnings_release → earnings_miss → guidance_cut,False,,
CMCSA_2025Q2_earnings,earnings_sp500_2016_2025,CMCSA,2025-04-17,earnings,up,neutral,False,1.36,0.0749,earnings_release → earnings_beat → sector_etf_movement → institutional_rebalance,False,,
MA_2025Q2_earnings,earnings_sp500_2016_2025,MA,2025-04-17,earnings,neutral,down,False,0.18,0.5541,earnings_release → earnings_miss → guidance_cut,False,,
NVDA_2025Q2_earnings,earnings_sp500_2016_2025,NVDA,2025-04-17,earnings,down,down,True,0.66,0.5541,earnings_release → earnings_miss → guidance_cut,False,,
SQ_2025Q2_earnings,earnings_sp500_2016_2025,SQ,2025-04-17,earnings,neutral,down,False,0.14,0.5541,earnings_release → earnings_miss → guidance_cut,True,,
ABNB_2025Q2_earnings,earnings_sp500_2016_2025,ABNB,2025-04-18,earnings,neutral,down,False,0.23,0.5541,earnings_release → earnings_miss → guidance_cut,True,,
AVGO_2025Q2_earnings,earnings_sp500_2016_2025,AVGO,2025-04-18,earnings,down,down,True,2.42,0.5541,earnings_release → earnings_miss → guidance_cut,True,,
BA_2025Q2_earnings,earnings_sp500_2016_2025,BA,2025-04-18,earnings,down,down,True,0.81,0.5541,earnings_release → earnings_miss → guidance_cut,True,,
CDNS_2025Q2_earnings,earnings_sp500_2016_2025,CDNS,2025-04-18,earnings,neutral,down,False,0.14,0.5541,earnings_release → earnings_miss → guidance_cut,True,,
GS_2025Q2_earnings,earnings_sp500_2016_2025,GS,2025-04-18,earnings,up,neutral,False,1.49,0.0749,earnings_release → earnings_beat → sector_etf_movement → institutional_rebalance,True,,
PM_2025Q2_earnings,earnings_sp500_2016_2025,PM,2025-04-18,earnings,neutral,down,False,0.05,0.5541,earnings_release → earnings_miss → guidance_cut,True,,
RTX_2025Q2_earnings,earnings_sp500_2016_2025,RTX,2025-04-18,earnings,neutral,down,False,0.05,0.5541,earnings_release → earnings_miss → guidance_cut,True,,
SNAP_2025Q2_earnings,earnings_sp500_2016_2025,SNAP,2025-04-18,earnings,up,neutral,False,12.41,0.0749,earnings_release → earnings_beat → sector_etf_movement → institutional_rebalance,True,,
WFC_2025Q2_earnings,earnings_sp500_2016_2025,WFC,2025-04-18,earnings,down,down,True,1.27,0.5541,earnings_release → earnings_miss → guidance_cut,True,,
BRK.B_2025Q2_earnings,earnings_sp500_2016_2025,BRK.B,2025-04-19,earnings,up,neutral,False,7.45,0.0749,earnings_release → earnings_beat → sector_etf_movement → institutional_rebalance,True,,
HD_2025Q2_earnings,earnings_sp500_2016_2025,HD,2025-04-19,earnings,neutral,down,False,0.14,0.5541,earnings_release → earnings_miss → guidance_cut,True,,
MRK_2025Q2_earnings,earnings_sp500_2016_2025,MRK,2025-04-19,earnings,neutral,down,False,0.23,0.5541,earnings_release → earnings_miss → guidance_cut,True,,
TXN_2025Q2_earnings,earnings_sp500_2016_2025,TXN,2025-04-19,earnings,up,neutral,False,5.46,0.0749,earnings_release → earnings_beat → sector_etf_movement → institutional_rebalance,True,,
AMZN_2025Q2_earnings,earnings_sp500_2016_2025,AMZN,2025-04-20,earnings,down,down,True,1.73,0.5541,earnings_release → earnings_miss → guidance_cut,True,,
GE_2025Q2_earnings,earnings_sp500_2016_2025,GE,2025-04-20,earnings,neutral,down,False,0.14,0.5541,earnings_release → earnings_miss → guidance_cut,True,,
GILD_2025Q2_earnings,earnings_sp500_2016_2025,GILD,2025-04-20,earnings,neutral,down,False,0.05,0.5541,earnings_release → earnings_miss → guidance_cut,True,,
INTC_2025Q2_earnings,earnings_sp500_2016_2025,INTC,2025-04-20,earnings,down,down,True,2.88,0.5541,earnings_release → earnings_miss → guidance_cut,True,,
PG_2025Q2_earnings,earnings_sp500_2016_2025,PG,2025-04-20,earnings,neutral,down,False,0.14,0.5541,earnings_release → earnings_miss → guidance_cut,True,,
SNPS_2025Q2_earnings,earnings_sp500_2016_2025,SNPS,2025-04-20,earnings,neutral,down,False,0.05,0.5541,earnings_release → earnings_miss → guidance_cut,True,,
VRTX_2025Q2_earnings,earnings_sp500_2016_2025,VRTX,2025-04-20,earnings,neutral,down,False,0.14,0.5541,earnings_release → earnings_miss → guidance_cut,True,,
AXP_2025Q2_earnings,earnings_sp500_2016_2025,AXP,2025-04-21,earnings,down,down,True,0.81,0.5541,earnings_release → earnings_miss → guidance_cut,False,,
NKE_2025Q2_earnings,earnings_sp500_2016_2025,NKE,2025-04-21,earnings,neutral,down,False,0.15,0.5541,earnings_release → earnings_miss → guidance_cut,False,,
UPS_2025Q2_earnings,earnings_sp500_2016_2025,UPS,2025-04-21,earnings,neutral,down,False,0.04,0.5541,earnings_release → earnings_miss → guidance_cut,False,,
JPM_2025Q2_earnings,earnings_sp500_2016_2025,JPM,2025-04-22,earnings,up,neutral,False,2.86,0.0749,earnings_release → earnings_beat → sector_etf_movement → institutional_rebalance,False,,
PYPL_2025Q2_earnings,earnings_sp500_2016_2025,PYPL,2025-04-22,earnings,up,neutral,False,1.87,0.0749,earnings_release → earnings_beat → sector_etf_movement → institutional_rebalance,False,,
SBUX_2025Q2_earnings,earnings_sp500_2016_2025,SBUX,2025-04-22,earnings,up,neutral,False,1.32,0.0749,earnings_release → earnings_beat → sector_etf_movement → institutional_rebalance,False,,
CVX_2025Q2_earnings,earnings_sp500_2016_2025,CVX,2025-04-23,earnings,neutral,down,False,0.1,0.5541,earnings_release → earnings_miss → guidance_cut,False,,
AMD_2025Q2_earnings,earnings_sp500_2016_2025,AMD,2025-04-24,earnings,up,neutral,False,4.48,0.0749,earnings_release → earnings_beat → sector_etf_movement → institutional_rebalance,False,,
QCOM_2025Q2_earnings,earnings_sp500_2016_2025,QCOM,2025-04-24,earnings,up,neutral,False,4.78,0.0749,earnings_release → earnings_beat → sector_etf_movement → institutional_rebalance,False,,
ROKU_2025Q2_earnings,earnings_sp500_2016_2025,ROKU,2025-04-24,earnings,up,neutral,False,3.29,0.0749,earnings_release → earnings_beat → sector_etf_movement → institutional_rebalance,False,,
UBER_2025Q2_earnings,earnings_sp500_2016_2025,UBER,2025-04-24,earnings,up,neutral,False,5.83,0.0749,earnings_release → earnings_beat → sector_etf_movement → institutional_rebalance,False,,
V_2025Q2_earnings,earnings_sp500_2016_2025,V,2025-04-24,earnings,neutral,down,False,0.09,0.5541,earnings_release → earnings_miss → guidance_cut,False,,
PG_2025Q3_earnings,earnings_sp500_2016_2025,PG,2025-07-05,earnings,neutral,down,False,0.05,0.5541,earnings_release → earnings_miss → guidance_cut,True,,
AMZN_2025Q3_earnings,earnings_sp500_2016_2025,AMZN,2025-07-06,earnings,neutral,down,False,0.05,0.5541,earnings_release → earnings_miss → guidance_cut,True,,
AXP_2025Q3_earnings,earnings_sp500_2016_2025,AXP,2025-07-06,earnings,neutral,down,False,0.14,0.5541,earnings_release → earnings_miss → guidance_cut,True,,
COST_2025Q3_earnings,earnings_sp500_2016_2025,COST,2025-07-06,earnings,neutral,down,False,0.23,0.5541,earnings_release → earnings_miss → guidance_cut,True,,
MA_2025Q3_earnings,earnings_sp500_2016_2025,MA,2025-07-06,earnings,up,neutral,False,6.45,0.0749,earnings_release → earnings_beat → sector_etf_movement → institutional_rebalance,True,,
UNH_2025Q3_earnings,earnings_sp500_2016_2025,UNH,2025-07-06,earnings,down,down,True,3.57,0.5541,earnings_release → earnings_miss → guidance_cut,True,,
WMT_2025Q3_earnings,earnings_sp500_2016_2025,WMT,2025-07-06,earnings,up,neutral,False,5.46,0.0749,earnings_release → earnings_beat → sector_etf_movement → institutional_rebalance,True,,
BKNG_2025Q3_earnings,earnings_sp500_2016_2025,BKNG,2025-07-07,earnings,up,neutral,False,1.72,0.0749,earnings_release → earnings_beat → sector_etf_movement → institutional_rebalance,False,,
SNPS_2025Q3_earnings,earnings_sp500_2016_2025,SNPS,2025-07-07,earnings,down,down,True,0.51,0.5541,earnings_release → earnings_miss → guidance_cut,False,,
UNP_2025Q3_earnings,earnings_sp500_2016_2025,UNP,2025-07-07,earnings,neutral,down,False,0.09,0.5541,earnings_release → earnings_miss → guidance_cut,False,,
CMCSA_2025Q3_earnings,earnings_sp500_2016_2025,CMCSA,2025-07-08,earnings,up,neutral,False,1.57,0.0749,earnings_release → earnings_beat → sector_etf_movement → institutional_rebalance,False,,
CRM_2025Q3_earnings,earnings_sp500_2016_2025,CRM,2025-07-08,earnings,up,neutral,False,1.42,0.0749,earnings_release → earnings_beat → sector_etf_movement → institutional_rebalance,False,,
DHR_2025Q3_earnings,earnings_sp500_2016_2025,DHR,2025-07-08,earnings,neutral,down,False,0.12,0.5541,earnings_release → earnings_miss → guidance_cut,False,,
GILD_2025Q3_earnings,earnings_sp500_2016_2025,GILD,2025-07-08,earnings,neutral,down,False,0.15,0.5541,earnings_release → earnings_miss → guidance_cut,False,,
PEP_2025Q3_earnings,earnings_sp500_2016_2025,PEP,2025-07-08,earnings,neutral,down,False,0.1,0.5541,earnings_release → earnings_miss → guidance_cut,False,,
SNAP_2025Q3_earnings,earnings_sp500_2016_2025,SNAP,2025-07-08,earnings,up,neutral,False,1.4,0.0749,earnings_release → earnings_beat → sector_etf_movement → institutional_rebalance,False,,
SPGI_2025Q3_earnings,earnings_sp500_2016_2025,SPGI,2025-07-08,earnings,neutral,down,False,0.16,0.5541,earnings_release → earnings_miss → guidance_cut,False,,
UBER_2025Q3_earnings,earnings_sp500_2016_2025,UBER,2025-07-08,earnings,neutral,down,False,0.19,0.5541,earnings_release → earnings_miss → guidance_cut,False,,
DIS_2025Q3_earnings,earnings_sp500_2016_2025,DIS,2025-07-09,earnings,neutral,down,False,0.23,0.5541,earnings_release → earnings_miss → guidance_cut,False,,
LRCX_2025Q3_earnings,earnings_sp500_2016_2025,LRCX,2025-07-09,earnings,neutral,down,False,0.0,0.5541,earnings_release → earnings_miss → guidance_cut,False,,
VZ_2025Q3_earnings,earnings_sp500_2016_2025,VZ,2025-07-09,earnings,down,down,True,0.24,0.5541,earnings_release → earnings_miss → guidance_cut,False,,
AMAT_2025Q3_earnings,earnings_sp500_2016_2025,AMAT,2025-07-10,earnings,up,neutral,False,1.34,0.0749,earnings_release → earnings_beat → sector_etf_movement → institutional_rebalance,False,,
MS_2025Q3_earnings,earnings_sp500_2016_2025,MS,2025-07-10,earnings,up,neutral,False,1.08,0.0749,earnings_release → earnings_beat → sector_etf_movement → institutional_rebalance,False,,
SBUX_2025Q3_earnings,earnings_sp500_2016_2025,SBUX,2025-07-10,earnings,neutral,down,False,0.02,0.5541,earnings_release → earnings_miss → guidance_cut,False,,
BA_2025Q3_earnings,earnings_sp500_2016_2025,BA,2025-07-11,earnings,neutral,down,False,0.08,0.5541,earnings_release → earnings_miss → guidance_cut,False,,
CSCO_2025Q3_earnings,earnings_sp500_2016_2025,CSCO,2025-07-11,earnings,down,down,True,0.27,0.5541,earnings_release → earnings_miss → guidance_cut,False,,
HD_2025Q3_earnings,earnings_sp500_2016_2025,HD,2025-07-11,earnings,neutral,down,False,0.2,0.5541,earnings_release → earnings_miss → guidance_cut,False,,
JPM_2025Q3_earnings,earnings_sp500_2016_2025,JPM,2025-07-11,earnings,neutral,down,False,0.11,0.5541,earnings_release → earnings_miss → guidance_cut,False,,
META_2025Q3_earnings,earnings_sp500_2016_2025,META,2025-07-11,earnings,down,down,True,0.31,0.5541,earnings_release → earnings_miss → guidance_cut,False,,
ABNB_2025Q3_earnings,earnings_sp500_2016_2025,ABNB,2025-07-12,earnings,up,neutral,False,14.4,0.0749,earnings_release → earnings_beat → sector_etf_movement → institutional_rebalance,True,,
AVGO_2025Q3_earnings,earnings_sp500_2016_2025,AVGO,2025-07-12,earnings,down,down,True,2.19,0.5541,earnings_release → earnings_miss → guidance_cut,True,,
INTC_2025Q3_earnings,earnings_sp500_2016_2025,INTC,2025-07-12,earnings,neutral,down,False,0.14,0.5541,earnings_release → earnings_miss → guidance_cut,True,,
NVDA_2025Q3_earnings,earnings_sp500_2016_2025,NVDA,2025-07-12,earnings,up,neutral,False,7.45,0.0749,earnings_release → earnings_beat → sector_etf_movement → institutional_rebalance,True,,
REGN_2025Q3_earnings,earnings_sp500_2016_2025,REGN,2025-07-12,earnings,neutral,down,False,0.05,0.5541,earnings_release → earnings_miss → guidance_cut,True,,
BLK_2025Q3_earnings,earnings_sp500_2016_2025,BLK,2025-07-13,earnings,neutral,down,False,0.05,0.5541,earnings_release → earnings_miss → guidance_cut,True,,
CAT_2025Q3_earnings,earnings_sp500_2016_2025,CAT,2025-07-13,earnings,down,down,True,0.58,0.5541,earnings_release → earnings_miss → guidance_cut,True,,
MCD_2025Q3_earnings,earnings_sp500_2016_2025,MCD,2025-07-13,earnings,down,down,True,2.42,0.5541,earnings_release → earnings_miss → guidance_cut,True,,
MDT_2025Q3_earnings,earnings_sp500_2016_2025,MDT,2025-07-13,earnings,neutral,down,False,0.14,0.5541,earnings_release → earnings_miss → guidance_cut,True,,
TXN_2025Q3_earnings,earnings_sp500_2016_2025,TXN,2025-07-13,earnings,up,neutral,False,9.43,0.0749,earnings_release → earnings_beat → sector_etf_movement → institutional_rebalance,True,,
XOM_2025Q3_earnings,earnings_sp500_2016_2025,XOM,2025-07-13,earnings,neutral,down,False,0.14,0.5541,earnings_release → earnings_miss → guidance_cut,True,,
LOW_2025Q3_earnings,earnings_sp500_2016_2025,LOW,2025-07-14,earnings,neutral,down,False,0.18,0.5541,earnings_release → earnings_miss → guidance_cut,False,,
MSFT_2025Q3_earnings,earnings_sp500_2016_2025,MSFT,2025-07-14,earnings,neutral,down,False,0.01,0.5541,earnings_release → earnings_miss → guidance_cut,False,,
NFLX_2025Q3_earnings,earnings_sp500_2016_2025,NFLX,2025-07-14,earnings,up,neutral,False,1.34,0.0749,earnings_release → earnings_beat → sector_etf_movement → institutional_rebalance,False,,
ACN_2025Q3_earnings,earnings_sp500_2016_2025,ACN,2025-07-15,earnings,down,down,True,0.32,0.5541,earnings_release → earnings_miss → guidance_cut,False,,
GE_2025Q3_earnings,earnings_sp500_2016_2025,GE,2025-07-15,earnings,neutral,down,False,0.21,0.5541,earnings_release → earnings_miss → guidance_cut,False,,
ISRG_2025Q3_earnings,earnings_sp500_2016_2025,ISRG,2025-07-15,earnings,neutral,down,False,0.19,0.5541,earnings_release → earnings_miss → guidance_cut,False,,
KO_2025Q3_earnings,earnings_sp500_2016_2025,KO,2025-07-15,earnings,neutral,down,False,0.04,0.5541,earnings_release → earnings_miss → guidance_cut,False,,
MRK_2025Q3_earnings,earnings_sp500_2016_2025,MRK,2025-07-15,earnings,down,down,True,0.59,0.5541,earnings_release → earnings_miss → guidance_cut,False,,
BRK.B_2025Q3_earnings,earnings_sp500_2016_2025,BRK.B,2025-07-16,earnings,neutral,down,False,0.06,0.5541,earnings_release → earnings_miss → guidance_cut,False,,
CDNS_2025Q3_earnings,earnings_sp500_2016_2025,CDNS,2025-07-16,earnings,down,down,True,0.25,0.5541,earnings_release → earnings_miss → guidance_cut,False,,
GS_2025Q3_earnings,earnings_sp500_2016_2025,GS,2025-07-16,earnings,neutral,down,False,0.21,0.5541,earnings_release → earnings_miss → guidance_cut,False,,
VRTX_2025Q3_earnings,earnings_sp500_2016_2025,VRTX,2025-07-16,earnings,up,neutral,False,1.14,0.0749,earnings_release → earnings_beat → sector_etf_movement → institutional_rebalance,False,,
NKE_2025Q3_earnings,earnings_sp500_2016_2025,NKE,2025-07-17,earnings,up,neutral,False,1.21,0.0749,earnings_release → earnings_beat → sector_etf_movement → institutional_rebalance,False,,
QCOM_2025Q3_earnings,earnings_sp500_2016_2025,QCOM,2025-07-17,earnings,neutral,down,False,0.22,0.5541,earnings_release → earnings_miss → guidance_cut,False,,
AAPL_2025Q3_earnings,earnings_sp500_2016_2025,AAPL,2025-07-18,earnings,neutral,down,False,0.13,0.5541,earnings_release → earnings_miss → guidance_cut,False,,
IBM_2025Q3_earnings,earnings_sp500_2016_2025,IBM,2025-07-18,earnings,up,neutral,False,1.36,0.0749,earnings_release → earnings_beat → sector_etf_movement → institutional_rebalance,False,,
SHOP_2025Q3_earnings,earnings_sp500_2016_2025,SHOP,2025-07-18,earnings,neutral,down,False,0.06,0.5541,earnings_release → earnings_miss → guidance_cut,False,,
SQ_2025Q3_earnings,earnings_sp500_2016_2025,SQ,2025-07-18,earnings,down,down,True,2.42,0.5541,earnings_release → earnings_miss → guidance_cut,True,,
GOOGL_2025Q3_earnings,earnings_sp500_2016_2025,GOOGL,2025-07-19,earnings,up,neutral,False,12.41,0.0749,earnings_release → earnings_beat → sector_etf_movement → institutional_rebalance,True,,
WFC_2025Q3_earnings,earnings_sp500_2016_2025,WFC,2025-07-19,earnings,neutral,down,False,0.05,0.5541,earnings_release → earnings_miss → guidance_cut,True,,
HON_2025Q3_earnings,earnings_sp500_2016_2025,HON,2025-07-20,earnings,neutral,down,False,0.05,0.5541,earnings_release → earnings_miss → guidance_cut,True,,
ABT_2025Q3_earnings,earnings_sp500_2016_2025,ABT,2025-07-21,earnings,neutral,down,False,0.14,0.5541,earnings_release → earnings_miss → guidance_cut,False,,
JNJ_2025Q3_earnings,earnings_sp500_2016_2025,JNJ,2025-07-21,earnings,neutral,down,False,0.09,0.5541,earnings_release → earnings_miss → guidance_cut,False,,
PYPL_2025Q3_earnings,earnings_sp500_2016_2025,PYPL,2025-07-21,earnings,neutral,down,False,0.2,0.5541,earnings_release → earnings_miss → guidance_cut,False,,
UPS_2025Q3_earnings,earnings_sp500_2016_2025,UPS,2025-07-21,earnings,neutral,down,False,0.07,0.5541,earnings_release → earnings_miss → guidance_cut,False,,
AMD_2025Q3_earnings,earnings_sp500_2016_2025,AMD,2025-07-22,earnings,down,down,True,0.33,0.5541,earnings_release → earnings_miss → guidance_cut,False,,
CVX_2025Q3_earnings,earnings_sp500_2016_2025,CVX,2025-07-22,earnings,neutral,down,False,0.06,0.5541,earnings_release → earnings_miss → guidance_cut,False,,
RTX_2025Q3_earnings,earnings_sp500_2016_2025,RTX,2025-07-22,earnings,down,down,True,0.36,0.5541,earnings_release → earnings_miss → guidance_cut,False,,
ADBE_2025Q3_earnings,earnings_sp500_2016_2025,ADBE,2025-07-23,earnings,neutral,down,False,0.03,0.5541,earnings_release → earnings_miss → guidance_cut,False,,
DOCU_2025Q3_earnings,earnings_sp500_2016_2025,DOCU,2025-07-23,earnings,neutral,down,False,0.01,0.5541,earnings_release → earnings_miss → guidance_cut,False,,
ROKU_2025Q3_earnings,earnings_sp500_2016_2025,ROKU,2025-07-23,earnings,neutral,down,False,0.18,0.5541,earnings_release → earnings_miss → guidance_cut,False,,
V_2025Q3_earnings,earnings_sp500_2016_2025,V,2025-07-23,earnings,neutral,down,False,0.22,0.5541,earnings_release → earnings_miss → guidance_cut,False,,
ZM_2025Q3_earnings,earnings_sp500_2016_2025,ZM,2025-07-23,earnings,up,neutral,False,1.11,0.0749,earnings_release → earnings_beat → sector_etf_movement → institutional_rebalance,False,,
ABBV_2025Q3_earnings,earnings_sp500_2016_2025,ABBV,2025-07-24,earnings,neutral,down,False,0.03,0.5541,earnings_release → earnings_miss → guidance_cut,False,,
ADI_2025Q3_earnings,earnings_sp500_2016_2025,ADI,2025-07-24,earnings,neutral,down,False,0.17,0.5541,earnings_release → earnings_miss → guidance_cut,False,,
COIN_2025Q3_earnings,earnings_sp500_2016_2025,COIN,2025-07-24,earnings,neutral,down,False,0.06,0.5541,earnings_release → earnings_miss → guidance_cut,False,,
PANW_2025Q3_earnings,earnings_sp500_2016_2025,PANW,2025-07-24,earnings,neutral,down,False,0.22,0.5541,earnings_release → earnings_miss → guidance_cut,False,,
PM_2025Q3_earnings,earnings_sp500_2016_2025,PM,2025-07-24,earnings,down,down,True,0.5,0.5541,earnings_release → earnings_miss → guidance_cut,False,,
TMO_2025Q3_earnings,earnings_sp500_2016_2025,TMO,2025-07-24,earnings,up,neutral,False,1.77,0.0749,earnings_release → earnings_beat → sector_etf_movement → institutional_rebalance,False,,
TSLA_2025Q3_earnings,earnings_sp500_2016_2025,TSLA,2025-07-24,earnings,down,down,True,1.89,0.5541,earnings_release → earnings_miss → guidance_cut,False,,
MA_2025Q4_earnings,earnings_sp500_2016_2025,MA,2025-10-05,earnings,down,down,True,2.19,0.5541,earnings_release → earnings_miss → guidance_cut,True,,
PANW_2025Q4_earnings,earnings_sp500_2016_2025,PANW,2025-10-05,earnings,down,down,True,1.73,0.5541,earnings_release → earnings_miss → guidance_cut,True,,
ROKU_2025Q4_earnings,earnings_sp500_2016_2025,ROKU,2025-10-05,earnings,up,neutral,False,5.46,0.0749,earnings_release → earnings_beat → sector_etf_movement → institutional_rebalance,True,,
SHOP_2025Q4_earnings,earnings_sp500_2016_2025,SHOP,2025-10-05,earnings,up,neutral,False,6.45,0.0749,earnings_release → earnings_beat → sector_etf_movement → institutional_rebalance,True,,
SPGI_2025Q4_earnings,earnings_sp500_2016_2025,SPGI,2025-10-05,earnings,neutral,down,False,0.05,0.5541,earnings_release → earnings_miss → guidance_cut,True,,
CDNS_2025Q4_earnings,earnings_sp500_2016_2025,CDNS,2025-10-06,earnings,up,neutral,False,1.74,0.0749,earnings_release → earnings_beat → sector_etf_movement → institutional_rebalance,False,,
META_2025Q4_earnings,earnings_sp500_2016_2025,META,2025-10-06,earnings,neutral,down,False,0.17,0.5541,earnings_release → earnings_miss → guidance_cut,False,,
MRK_2025Q4_earnings,earnings_sp500_2016_2025,MRK,2025-10-06,earnings,neutral,down,False,0.1,0.5541,earnings_release → earnings_miss → guidance_cut,False,,
PM_2025Q4_earnings,earnings_sp500_2016_2025,PM,2025-10-06,earnings,neutral,down,False,0.04,0.5541,earnings_release → earnings_miss → guidance_cut,False,,
ADI_2025Q4_earnings,earnings_sp500_2016_2025,ADI,2025-10-07,earnings,down,down,True,0.83,0.5541,earnings_release → earnings_miss → guidance_cut,False,,
GE_2025Q4_earnings,earnings_sp500_2016_2025,GE,2025-10-07,earnings,up,neutral,False,1.17,0.0749,earnings_release → earnings_beat → sector_etf_movement → institutional_rebalance,False,,
GILD_2025Q4_earnings,earnings_sp500_2016_2025,GILD,2025-10-07,earnings,up,neutral,False,2.8,0.0749,earnings_release → earnings_beat → sector_etf_movement → institutional_rebalance,False,,
RTX_2025Q4_earnings,earnings_sp500_2016_2025,RTX,2025-10-07,earnings,neutral,down,False,0.06,0.5541,earnings_release → earnings_miss → guidance_cut,False,,
ABBV_2025Q4_earnings,earnings_sp500_2016_2025,ABBV,2025-10-08,earnings,neutral,down,False,0.16,0.5541,earnings_release → earnings_miss → guidance_cut,False,,
ACN_2025Q4_earnings,earnings_sp500_2016_2025,ACN,2025-10-08,earnings,neutral,down,False,0.16,0.5541,earnings_release → earnings_miss → guidance_cut,False,,
CRM_2025Q4_earnings,earnings_sp500_2016_2025,CRM,2025-10-08,earnings,neutral,down,False,0.07,0.5541,earnings_release → earnings_miss → guidance_cut,False,,
HD_2025Q4_earnings,earnings_sp500_2016_2025,HD,2025-10-08,earnings,neutral,down,False,0.18,0.5541,earnings_release → earnings_miss → guidance_cut,False,,
V_2025Q4_earnings,earnings_sp500_2016_2025,V,2025-10-08,earnings,neutral,down,False,0.07,0.5541,earnings_release → earnings_miss → guidance_cut,False,,
CMCSA_2025Q4_earnings,earnings_sp500_2016_2025,CMCSA,2025-10-09,earnings,down,down,True,0.52,0.5541,earnings_release → earnings_miss → guidance_cut,False,,
CSCO_2025Q4_earnings,earnings_sp500_2016_2025,CSCO,2025-10-09,earnings,neutral,down,False,0.12,0.5541,earnings_release → earnings_miss → guidance_cut,False,,
DIS_2025Q4_earnings,earnings_sp500_2016_2025,DIS,2025-10-09,earnings,neutral,down,False,0.18,0.5541,earnings_release → earnings_miss → guidance_cut,False,,
LRCX_2025Q4_earnings,earnings_sp500_2016_2025,LRCX,2025-10-09,earnings,down,down,True,0.25,0.5541,earnings_release → earnings_miss → guidance_cut,False,,
TSLA_2025Q4_earnings,earnings_sp500_2016_2025,TSLA,2025-10-09,earnings,neutral,down,False,0.17,0.5541,earnings_release → earnings_miss → guidance_cut,False,,
AMAT_2025Q4_earnings,earnings_sp500_2016_2025,AMAT,2025-10-10,earnings,down,down,True,1.08,0.5541,earnings_release → earnings_miss → guidance_cut,False,,
AVGO_2025Q4_earnings,earnings_sp500_2016_2025,AVGO,2025-10-10,earnings,down,down,True,1.36,0.5541,earnings_release → earnings_miss → guidance_cut,False,,
BLK_2025Q4_earnings,earnings_sp500_2016_2025,BLK,2025-10-10,earnings,down,down,True,0.69,0.5541,earnings_release → earnings_miss → guidance_cut,False,,
BRK.B_2025Q4_earnings,earnings_sp500_2016_2025,BRK.B,2025-10-10,earnings,down,down,True,0.35,0.5541,earnings_release → earnings_miss → guidance_cut,False,,
CAT_2025Q4_earnings,earnings_sp500_2016_2025,CAT,2025-10-10,earnings,down,down,True,0.42,0.5541,earnings_release → earnings_miss → guidance_cut,False,,
COIN_2025Q4_earnings,earnings_sp500_2016_2025,COIN,2025-10-10,earnings,down,down,True,1.79,0.5541,earnings_release → earnings_miss → guidance_cut,False,,
REGN_2025Q4_earnings,earnings_sp500_2016_2025,REGN,2025-10-11,earnings,down,down,True,3.8,0.5541,earnings_release → earnings_miss → guidance_cut,True,,
UPS_2025Q4_earnings,earnings_sp500_2016_2025,UPS,2025-10-11,earnings,up,neutral,False,13.4,0.0749,earnings_release → earnings_beat → sector_etf_movement → institutional_rebalance,True,,
HON_2025Q4_earnings,earnings_sp500_2016_2025,HON,2025-10-12,earnings,neutral,down,False,0.05,0.5541,earnings_release → earnings_miss → guidance_cut,True,,
MSFT_2025Q4_earnings,earnings_sp500_2016_2025,MSFT,2025-10-12,earnings,neutral,down,False,0.14,0.5541,earnings_release → earnings_miss → guidance_cut,True,,
UNH_2025Q4_earnings,earnings_sp500_2016_2025,UNH,2025-10-12,earnings,up,neutral,False,8.44,0.0749,earnings_release → earnings_beat → sector_etf_movement → institutional_rebalance,True,,
MDT_2025Q4_earnings,earnings_sp500_2016_2025,MDT,2025-10-13,earnings,neutral,down,False,0.03,0.5541,earnings_release → earnings_miss → guidance_cut,False,,
PEP_2025Q4_earnings,earnings_sp500_2016_2025,PEP,2025-10-13,earnings,neutral,down,False,0.18,0.5541,earnings_release → earnings_miss → guidance_cut,False,,
BKNG_2025Q4_earnings,earnings_sp500_2016_2025,BKNG,2025-10-14,earnings,neutral,down,False,0.12,0.5541,earnings_release → earnings_miss → guidance_cut,False,,
IBM_2025Q4_earnings,earnings_sp500_2016_2025,IBM,2025-10-14,earnings,neutral,down,False,0.09,0.5541,earnings_release → earnings_miss → guidance_cut,False,,
JPM_2025Q4_earnings,earnings_sp500_2016_2025,JPM,2025-10-14,earnings,down,down,True,0.44,0.5541,earnings_release → earnings_miss → guidance_cut,False,,
CVX_2025Q4_earnings,earnings_sp500_2016_2025,CVX,2025-10-15,earnings,neutral,down,False,0.04,0.5541,earnings_release → earnings_miss → guidance_cut,False,,
SQ_2025Q4_earnings,earnings_sp500_2016_2025,SQ,2025-10-15,earnings,down,down,True,3.8,0.5541,earnings_release → earnings_miss → guidance_cut,True,,
TMO_2025Q4_earnings,earnings_sp500_2016_2025,TMO,2025-10-15,earnings,neutral,down,False,0.09,0.5541,earnings_release → earnings_miss → guidance_cut,False,,
TXN_2025Q4_earnings,earnings_sp500_2016_2025,TXN,2025-10-15,earnings,neutral,down,False,0.18,0.5541,earnings_release → earnings_miss → guidance_cut,False,,
UBER_2025Q4_earnings,earnings_sp500_2016_2025,UBER,2025-10-15,earnings,neutral,down,False,0.07,0.5541,earnings_release → earnings_miss → guidance_cut,False,,
COST_2025Q4_earnings,earnings_sp500_2016_2025,COST,2025-10-16,earnings,down,down,True,0.71,0.5541,earnings_release → earnings_miss → guidance_cut,False,,
DHR_2025Q4_earnings,earnings_sp500_2016_2025,DHR,2025-10-16,earnings,up,neutral,False,2.32,0.0749,earnings_release → earnings_beat → sector_etf_movement → institutional_rebalance,False,,
UNP_2025Q4_earnings,earnings_sp500_2016_2025,UNP,2025-10-16,earnings,neutral,down,False,0.17,0.5541,earnings_release → earnings_miss → guidance_cut,False,,
VZ_2025Q4_earnings,earnings_sp500_2016_2025,VZ,2025-10-16,earnings,neutral,down,False,0.01,0.5541,earnings_release → earnings_miss → guidance_cut,False,,
ADBE_2025Q4_earnings,earnings_sp500_2016_2025,ADBE,2025-10-17,earnings,up,neutral,False,1.21,0.0749,earnings_release → earnings_beat → sector_etf_movement → institutional_rebalance,False,,
AMD_2025Q4_earnings,earnings_sp500_2016_2025,AMD,2025-10-17,earnings,neutral,down,False,0.15,0.5541,earnings_release → earnings_miss → guidance_cut,False,,
AXP_2025Q4_earnings,earnings_sp500_2016_2025,AXP,2025-10-17,earnings,up,neutral,False,7.22,0.0749,earnings_release → earnings_beat → sector_etf_movement → institutional_rebalance,False,,
MCD_2025Q4_earnings,earnings_sp500_2016_2025,MCD,2025-10-17,earnings,neutral,down,False,0.21,0.5541,earnings_release → earnings_miss → guidance_cut,False,,
PYPL_2025Q4_earnings,earnings_sp500_2016_2025,PYPL,2025-10-17,earnings,up,neutral,False,2.05,0.0749,earnings_release → earnings_beat → sector_etf_movement → institutional_rebalance,False,,
GOOGL_2025Q4_earnings,earnings_sp500_2016_2025,GOOGL,2025-10-18,earnings,neutral,down,False,0.23,0.5541,earnings_release → earnings_miss → guidance_cut,True,,
INTC_2025Q4_earnings,earnings_sp500_2016_2025,INTC,2025-10-18,earnings,down,down,True,0.58,0.5541,earnings_release → earnings_miss → guidance_cut,True,,
QCOM_2025Q4_earnings,earnings_sp500_2016_2025,QCOM,2025-10-18,earnings,down,down,True,1.27,0.5541,earnings_release → earnings_miss → guidance_cut,True,,
AAPL_2025Q4_earnings,earnings_sp500_2016_2025,AAPL,2025-10-19,earnings,up,neutral,False,13.4,0.0749,earnings_release → earnings_beat → sector_etf_movement → institutional_rebalance,True,,
AMZN_2025Q4_earnings,earnings_sp500_2016_2025,AMZN,2025-10-19,earnings,down,down,True,4.03,0.5541,earnings_release → earnings_miss → guidance_cut,True,,
JNJ_2025Q4_earnings,earnings_sp500_2016_2025,JNJ,2025-10-19,earnings,neutral,down,False,0.23,0.5541,earnings_release → earnings_miss → guidance_cut,True,,
KO_2025Q4_earnings,earnings_sp500_2016_2025,KO,2025-10-19,earnings,down,down,True,2.88,0.5541,earnings_release → earnings_miss → guidance_cut,True,,
MS_2025Q4_earnings,earnings_sp500_2016_2025,MS,2025-10-19,earnings,down,down,True,1.96,0.5541,earnings_release → earnings_miss → guidance_cut,True,,
WFC_2025Q4_earnings,earnings_sp500_2016_2025,WFC,2025-10-19,earnings,up,neutral,False,3.48,0.0749,earnings_release → earnings_beat → sector_etf_movement → institutional_rebalance,True,,
ABNB_2025Q4_earnings,earnings_sp500_2016_2025,ABNB,2025-10-20,earnings,up,neutral,False,1.02,0.0749,earnings_release → earnings_beat → sector_etf_movement → institutional_rebalance,False,,
ABT_2025Q4_earnings,earnings_sp500_2016_2025,ABT,2025-10-20,earnings,neutral,down,False,0.17,0.5541,earnings_release → earnings_miss → guidance_cut,False,,
NFLX_2025Q4_earnings,earnings_sp500_2016_2025,NFLX,2025-10-20,earnings,up,neutral,False,3.25,0.0749,earnings_release → earnings_beat → sector_etf_movement → institutional_rebalance,False,,
NKE_2025Q4_earnings,earnings_sp500_2016_2025,NKE,2025-10-20,earnings,neutral,down,False,0.09,0.5541,earnings_release → earnings_miss → guidance_cut,False,,
ISRG_2025Q4_earnings,earnings_sp500_2016_2025,ISRG,2025-10-21,earnings,neutral,down,False,0.21,0.5541,earnings_release → earnings_miss → guidance_cut,False,,
LOW_2025Q4_earnings,earnings_sp500_2016_2025,LOW,2025-10-21,earnings,up,neutral,False,1.23,0.0749,earnings_release → earnings_beat → sector_etf_movement → institutional_rebalance,False,,
SBUX_2025Q4_earnings,earnings_sp500_2016_2025,SBUX,2025-10-21,earnings,up,neutral,False,1.61,0.0749,earnings_release → earnings_beat → sector_etf_movement → institutional_rebalance,False,,
SNAP_2025Q4_earnings,earnings_sp500_2016_2025,SNAP,2025-10-21,earnings,up,neutral,False,1.54,0.0749,earnings_release → earnings_beat → sector_etf_movement → institutional_rebalance,False,,
SNPS_2025Q4_earnings,earnings_sp500_2016_2025,SNPS,2025-10-21,earnings,up,neutral,False,1.25,0.0749,earnings_release → earnings_beat → sector_etf_movement → institutional_rebalance,False,,
WMT_2025Q4_earnings,earnings_sp500_2016_2025,WMT,2025-10-21,earnings,neutral,down,False,0.18,0.5541,earnings_release → earnings_miss → guidance_cut,False,,
ZM_2025Q4_earnings,earnings_sp500_2016_2025,ZM,2025-10-21,earnings,up,neutral,False,2.07,0.0749,earnings_release → earnings_beat → sector_etf_movement → institutional_rebalance,False,,
BA_2025Q4_earnings,earnings_sp500_2016_2025,BA,2025-10-22,earnings,neutral,down,False,0.07,0.5541,earnings_release → earnings_miss → guidance_cut,False,,
GS_2025Q4_earnings,earnings_sp500_2016_2025,GS,2025-10-22,earnings,down,down,True,0.44,0.5541,earnings_release → earnings_miss → guidance_cut,False,,
NVDA_2025Q4_earnings,earnings_sp500_2016_2025,NVDA,2025-10-22,earnings,neutral,down,False,0.11,0.5541,earnings_release → earnings_miss → guidance_cut,False,,
VRTX_2025Q4_earnings,earnings_sp500_2016_2025,VRTX,2025-10-22,earnings,neutral,down,False,0.01,0.5541,earnings_release → earnings_miss → guidance_cut,False,,
XOM_2025Q4_earnings,earnings_sp500_2016_2025,XOM,2025-10-22,earnings,up,neutral,False,1.76,0.0749,earnings_release → earnings_beat → sector_etf_movement → institutional_rebalance,False,,
DOCU_2025Q4_earnings,earnings_sp500_2016_2025,DOCU,2025-10-23,earnings,neutral,down,False,0.17,0.5541,earnings_release → earnings_miss → guidance_cut,False,,
PG_2025Q4_earnings,earnings_sp500_2016_2025,PG,2025-10-23,earnings,neutral,down,False,0.0,0.5541,earnings_release → earnings_miss → guidance_cut,False,,
hindenburg_nikola_2020,short_reports_public,NKLA,2020-09-10,short_report,,down,,2.47,0.5039,short_seller_report → news_amplification → social_discussion_spike → liquidity_dry_up,False,,
luckin_2020_fraud,short_reports_public,LKNCY,2020-04-02,short_report,,down,,0.48,0.5711,short_seller_report → news_amplification → social_discussion_spike → liquidity_dry_up,False,,
gme_2021_01_squeeze,short_reports_public,GME,2021-01-22,short_report,,up,,0.95,0.0,social_discussion_spike,False,,
MW_ENron_style,short_reports_public,FVRR,2021-06-03,short_report,down,down,True,1.14,0.3924,short_seller_report → news_amplification → social_discussion_spike → liquidity_dry_up,True,,
Citron_TSLA,short_reports_public,TSLA,2020-08-26,short_report,down,down,True,0.27,0.3924,short_seller_report → news_amplification → social_discussion_spike → liquidity_dry_up,True,,
Spruce_HMNY,short_reports_public,HMNY,2018-03-06,short_report,down,down,True,0.27,0.3924,short_seller_report → news_amplification → social_discussion_spike → liquidity_dry_up,True,,
fomc_2022_75bp,macro_releases,SPY,2022-06-15,macro,,down,,0.12,0.5101,fomc_statement,False,,
cpi_2022_06_hot,macro_releases,SPY,2022-06-10,macro,,down,,0.26,0.5619,cpi_surprise,False,,
macro_2020-03-15_fomc,macro_releases,SPY,2020-03-15,macro,down,down,True,6.65,0.3897,fomc_statement,True,,
macro_2021-11-10_cpi,macro_releases,SPY,2021-11-10,macro,down,down,True,1.35,0.443,cpi_surprise,True,,
macro_2023-03-22_fomc,macro_releases,SPY,2023-03-22,macro,neutral,down,False,0.09,0.3897,fomc_statement,True,,
macro_2024-01-11_cpi,macro_releases,SPY,2024-01-11,macro,neutral,down,False,0.08,0.443,cpi_surprise,True,,
luckin_2020_fraud,company_shocks,LKNCY,2020-04-02,short_report,,down,,0.48,0.5711,short_seller_report → news_amplification → social_discussion_spike → liquidity_dry_up,False,,
gme_2021_squeeze,company_shocks,GME,2021-01-28,short_report,,up,,0.95,0.0,social_discussion_spike,False,,
nflx_2022_subscriber_shock,company_shocks,NFLX,2022-04-19,earnings,,down,,1.34,0.6814,earnings_release → earnings_miss → guidance_cut,False,,
placebo_2019-01-07,placebo_quiet_days,SPY,2019-01-07,placebo,neutral,neutral,True,,0.0,,False,,
placebo_2019-01-14,placebo_quiet_days,SPY,2019-01-14,placebo,neutral,neutral,True,,0.0,,False,,
placebo_2019-01-21,placebo_quiet_days,SPY,2019-01-21,placebo,neutral,neutral,True,,0.0,,False,,
placebo_2019-01-28,placebo_quiet_days,SPY,2019-01-28,placebo,neutral,neutral,True,,0.0,,False,,
placebo_2019-02-04,placebo_quiet_days,SPY,2019-02-04,placebo,neutral,neutral,True,,0.0,,False,,
placebo_2019-02-11,placebo_quiet_days,SPY,2019-02-11,placebo,neutral,neutral,True,,0.0,,False,,
placebo_2019-02-18,placebo_quiet_days,SPY,2019-02-18,placebo,neutral,neutral,True,,0.0,,False,,
placebo_2019-02-25,placebo_quiet_days,SPY,2019-02-25,placebo,neutral,neutral,True,,0.0,,False,,
placebo_2019-03-04,placebo_quiet_days,SPY,2019-03-04,placebo,neutral,neutral,True,,0.0,,False,,
placebo_2019-03-11,placebo_quiet_days,SPY,2019-03-11,placebo,neutral,neutral,True,,0.0,,False,,
placebo_2019-03-18,placebo_quiet_days,SPY,2019-03-18,placebo,neutral,neutral,True,,0.0,,False,,
placebo_2019-03-25,placebo_quiet_days,SPY,2019-03-25,placebo,neutral,neutral,True,,0.0,,False,,
placebo_2019-04-01,placebo_quiet_days,SPY,2019-04-01,placebo,neutral,neutral,True,,0.0,,False,,
placebo_2019-04-08,placebo_quiet_days,SPY,2019-04-08,placebo,neutral,neutral,True,,0.0,,False,,
placebo_2019-04-15,placebo_quiet_days,SPY,2019-04-15,placebo,neutral,neutral,True,,0.0,,False,,
placebo_2019-04-22,placebo_quiet_days,SPY,2019-04-22,placebo,neutral,neutral,True,,0.0,,False,,
placebo_2019-04-29,placebo_quiet_days,SPY,2019-04-29,placebo,neutral,neutral,True,,0.0,,False,,
placebo_2019-05-06,placebo_quiet_days,SPY,2019-05-06,placebo,neutral,neutral,True,,0.0,,False,,
placebo_2019-05-13,placebo_quiet_days,SPY,2019-05-13,placebo,neutral,neutral,True,,0.0,,False,,
placebo_2019-05-20,placebo_quiet_days,SPY,2019-05-20,placebo,neutral,neutral,True,,0.0,,False,,
placebo_2019-05-27,placebo_quiet_days,SPY,2019-05-27,placebo,neutral,neutral,True,,0.0,,False,,
placebo_2019-06-03,placebo_quiet_days,SPY,2019-06-03,placebo,neutral,neutral,True,,0.0,,False,,
placebo_2019-06-10,placebo_quiet_days,SPY,2019-06-10,placebo,neutral,neutral,True,,0.0,,False,,
placebo_2019-06-17,placebo_quiet_days,SPY,2019-06-17,placebo,neutral,neutral,True,,0.0,,False,,
placebo_2019-06-24,placebo_quiet_days,SPY,2019-06-24,placebo,neutral,neutral,True,,0.0,,False,,
placebo_2019-07-01,placebo_quiet_days,SPY,2019-07-01,placebo,neutral,neutral,True,,0.0,,False,,
placebo_2019-07-08,placebo_quiet_days,SPY,2019-07-08,placebo,neutral,neutral,True,,0.0,,False,,
placebo_2019-07-15,placebo_quiet_days,SPY,2019-07-15,placebo,neutral,neutral,True,,0.0,,False,,
placebo_2019-07-22,placebo_quiet_days,SPY,2019-07-22,placebo,neutral,neutral,True,,0.0,,False,,
placebo_2019-07-29,placebo_quiet_days,SPY,2019-07-29,placebo,neutral,neutral,True,,0.0,,False,,
placebo_2019-08-05,placebo_quiet_days,SPY,2019-08-05,placebo,neutral,neutral,True,,0.0,,False,,
placebo_2019-08-12,placebo_quiet_days,SPY,2019-08-12,placebo,neutral,neutral,True,,0.0,,False,,
placebo_2019-08-19,placebo_quiet_days,SPY,2019-08-19,placebo,neutral,neutral,True,,0.0,,False,,
placebo_2019-08-26,placebo_quiet_days,SPY,2019-08-26,placebo,neutral,neutral,True,,0.0,,False,,
placebo_2019-09-02,placebo_quiet_days,SPY,2019-09-02,placebo,neutral,neutral,True,,0.0,,False,,
placebo_2019-09-09,placebo_quiet_days,SPY,2019-09-09,placebo,neutral,neutral,True,,0.0,,False,,
placebo_2019-09-16,placebo_quiet_days,SPY,2019-09-16,placebo,neutral,neutral,True,,0.0,,False,,
placebo_2019-09-23,placebo_quiet_days,SPY,2019-09-23,placebo,neutral,neutral,True,,0.0,,False,,
placebo_2019-09-30,placebo_quiet_days,SPY,2019-09-30,placebo,neutral,neutral,True,,0.0,,False,,
placebo_2019-10-07,placebo_quiet_days,SPY,2019-10-07,placebo,neutral,neutral,True,,0.0,,False,,
placebo_2019-10-14,placebo_quiet_days,SPY,2019-10-14,placebo,neutral,neutral,True,,0.0,,False,,
placebo_2019-10-21,placebo_quiet_days,SPY,2019-10-21,placebo,neutral,neutral,True,,0.0,,False,,
placebo_2019-10-28,placebo_quiet_days,SPY,2019-10-28,placebo,neutral,neutral,True,,0.0,,False,,
placebo_2019-11-04,placebo_quiet_days,SPY,2019-11-04,placebo,neutral,neutral,True,,0.0,,False,,
placebo_2019-11-11,placebo_quiet_days,SPY,2019-11-11,placebo,neutral,neutral,True,,0.0,,False,,
placebo_2019-11-18,placebo_quiet_days,SPY,2019-11-18,placebo,neutral,neutral,True,,0.0,,False,,
placebo_2019-11-25,placebo_quiet_days,SPY,2019-11-25,placebo,neutral,neutral,True,,0.0,,False,,
placebo_2019-12-02,placebo_quiet_days,SPY,2019-12-02,placebo,neutral,neutral,True,,0.0,,False,,
